date,a_gross_return,a_gross_pnl_baseline_usd,a_trade_count,b_position_before_execution,b_position_after_execution,b_signal_action,b_strategy_return,selected_source,combined_return,combined_start_equity,combined_end_equity,suppressed_a_trade_count,suppressed_a_gross_pnl_baseline_usd,suppressed_a_return,retained_a_gross_pnl_baseline_usd,retained_a_return,a_combined_equity_gain,b_combined_equity_gain,suppressed_a_counterfactual_gain_on_combined_capital
2019-01-02,0,0,0,0,0,MISSING_RSI,0,A,0,1,1,0,0,0,0,0,0,0,0
2019-01-03,0,0,0,0,0,MISSING_RSI,0,A,0,1,1,0,0,0,0,0,0,0,0
2019-01-04,0,0,0,0,0,MISSING_RSI,0,A,0,1,1,0,0,0,0,0,0,0,0
2019-01-07,0,0,0,0,0,FLAT,0,A,0,1,1,0,0,0,0,0,0,0,0
2019-01-08,0,0,0,0,0,FLAT,0,A,0,1,1,0,0,0,0,0,0,0,0
2019-01-09,0,0,0,0,0,FLAT,0,A,0,1,1,0,0,0,0,0,0,0,0
2019-01-10,0,0,0,0,0,FLAT,0,A,0,1,1,0,0,0,0,0,0,0,0
2019-01-11,0,0,0,0,0,FLAT,0,A,0,1,1,0,0,0,0,0,0,0,0
2019-01-14,0,0,0,0,0,FLAT,0,A,0,1,1,0,0,0,0,0,0,0,0
2019-01-15,0,0,0,0,0,FLAT,0,A,0,1,1,0,0,0,0,0,0,0,0
2019-01-16,0,0,0,0,0,FLAT,0,A,0,1,1,0,0,0,0,0,0,0,0
2019-01-17,0,0,0,0,0,FLAT,0,A,0,1,1,0,0,0,0,0,0,0,0
2019-01-18,0,0,0,0,0,FLAT,0,A,0,1,1,0,0,0,0,0,0,0,0
2019-01-22,0,0,0,0,0,FLAT,0,A,0,1,1,0,0,0,0,0,0,0,0
2019-01-23,0,0,0,0,0,FLAT,0,A,0,1,1,0,0,0,0,0,0,0,0
2019-01-24,0,0,0,0,0,FLAT,0,A,0,1,1,0,0,0,0,0,0,0,0
2019-01-25,0,0,0,0,0,FLAT,0,A,0,1,1,0,0,0,0,0,0,0,0
2019-01-28,-0.0065700000000001998,-657.0000000000249,1,0,0,FLAT,0,A,-0.0065700000000001998,1,0.99342999999999981,0,0,0,-657.0000000000249,-0.0065700000000001998,-0.0065700000000001998,0,0
2019-01-29,-0.0051803318527091999,-514.59000000004812,1,0,0,FLAT,0,A,-0.0051803318527091999,0.99342999999999981,0.98828370292756296,0,0,0,-514.59000000004812,-0.0051803318527091999,-0.0051462970724368996,0,0
2019-01-30,0.012865121249099901,1271.25,1,0,0,FLAT,0,A,0.012865121249099901,0.98828370292756296,1.0009980925942357,0,0,0,1271.25,0.012865121249099901,0.012714389666672524,0,0
2019-01-31,0.0070846871923547,709.0199999999752,1,0,0,FLAT,0,A,0.0070846871923547,1.0009980925942357,1.0080898509604095,0,0,0,709.0199999999752,0.0070846871923547,0.0070917583661738656,0,0
2019-02-01,-0.0058547057778156001,-590.03999999997154,1,0,0,FLAT,0,A,-0.0058547057778156001,1.0080898509604095,1.0021877814854343,0,0,0,-590.03999999997154,-0.0058547057778156001,-0.0059020694749751766,0,0
2019-02-04,-0.00044368286040239997,-44.450000000010107,1,0,0,FLAT,0,A,-0.00044368286040239997,1.0021877814854343,1.0017431279438844,0,0,0,-44.450000000010107,-0.00044368286040239997,-0.0004446535415497929,0,0
2019-02-05,0,0,0,0,0,FLAT,0,A,0,1.0017431279438844,1.0017431279438844,0,0,0,0,0,0,0,0
2019-02-06,0,0,0,0,0,FLAT,0,A,0,1.0017431279438844,1.0017431279438844,0,0,0,0,0,0,0,0
2019-02-07,-0.0029441695630750002,-294.81000000000216,1,0,0,FLAT,0,A,-0.0029441695630750002,1.0017431279438844,0.99879382631657254,0,0,0,-294.81000000000216,-0.0029441695630750002,-0.0029493016273119304,0,0
2019-02-08,0,0,0,0,0,FLAT,0,A,0,0.99879382631657254,0.99879382631657254,0,0,0,0,0,0,0,0
2019-02-11,0,0,0,0,0,FLAT,0,A,0,0.99879382631657254,0.99879382631657254,0,0,0,0,0,0,0,0
2019-02-12,0.0028892530205132999,288.43999999998982,2,0,0,FLAT,0,A,0.0028892530205132999,0.99879382631657254,1.0016795943961279,0,0,0,288.43999999998982,0.0028892530205132999,0.0028857680795551935,0,0
2019-02-13,0.00040637381140169997,40.680000000020812,1,0,0,FLAT,0,A,0.00040637381140169997,1.0016795943961279,1.002086650750706,0,0,0,40.680000000020812,0.00040637381140169997,0.0004070563545780634,0,0
2019-02-14,0,0,0,0,0,FLAT,0,A,0,1.002086650750706,1.002086650750706,0,0,0,0,0,0,0,0
2019-02-15,0,0,0,0,0,FLAT,0,A,0,1.002086650750706,1.002086650750706,0,0,0,0,0,0,0,0
2019-02-19,0,0,0,0,0,FLAT,0,A,0,1.002086650750706,1.002086650750706,0,0,0,0,0,0,0,0
2019-02-20,0,0,0,0,0,FLAT,0,A,0,1.002086650750706,1.002086650750706,0,0,0,0,0,0,0,0
2019-02-21,-0.0090756359618431003,-908.81999999996253,2,0,0,FLAT,0,A,-0.0090756359618431003,1.002086650750706,0.99299207710627002,0,0,0,-908.81999999996253,-0.0090756359618431003,-0.0090945736444360149,0,0
2019-02-22,0.0021315976287935999,211.47999999994909,1,0,0,FLAT,0,A,0.0021315976287935999,0.99299207710627002,0.99510873666324062,0,0,0,211.47999999994909,0.0021315976287935999,0.0021166595569705568,0,0
2019-02-25,0,0,0,0,0,FLAT,0,A,0,0.99510873666324062,0.99510873666324062,0,0,0,0,0,0,0,0
2019-02-26,0,0,0,0,0,FLAT,0,A,0,0.99510873666324062,0.99510873666324062,0,0,0,0,0,0,0,0
2019-02-27,-0.0045844307477055004,-455.76000000001727,1,0,0,FLAT,0,A,-0.0045844307477055004,0.99510873666324062,0.99054672957357126,0,0,0,-455.76000000001727,-0.0045844307477055004,-0.0045620070896693361,0,0
2019-02-28,0,0,0,0,1,ENTRY,0,A,0,0.99054672957357126,0.99054672957357126,0,0,0,0,0,0,0,0
2019-03-01,0,0,0,1,0,EXIT,0.0076885767151094906,B,0.0076885767151094906,0.99054672957357126,0.99816262409379852,0,0,0,0,0,0,0.0076158945202272179,0
2019-03-04,0.0018590174524295,183.94999999999359,1,0,0,FLAT,0,A,0.0018590174524295,0.99816262409379852,1.0000182258323518,0,0,0,183.94999999999359,0.0018590174524295,0.0018556017385531981,0,0
2019-03-05,-0.0067228813478530996,-666.40000000001237,1,0,0,FLAT,0,A,-0.0067228813478530996,1.0000182258323518,0.99329522195439024,0,0,0,-666.40000000001237,-0.0067228813478530996,-0.0067230038779614665,0,0
2019-03-06,0.018156189579610901,1787.4449999999806,1,0,1,ENTRY,0,A,0.018156189579610901,0.99329522195439024,1.0113296783127159,0,0,0,1787.4449999999806,0.018156189579610901,0.018034456358325596,0,0
2019-03-07,-0.00087785780585249997,-87.98399999995523,4,1,1,HOLD,-0.0079685584481142286,B,-0.0079685584481142286,1.0113296783127159,1.0032708386607685,4,-87.98399999995523,-0.00087785780585249997,0,0,0,-0.0080588396519474369,-0.00088780365239711544
2019-03-08,0,0,0,1,0,EXIT,-0.0018900156289753934,B,-0.0018900156289753934,1.0032708386607685,1.0013746410956044,0,0,0,0,0,0,-0.0018961975651641027,0
2019-03-11,0.031557523562495499,3158.8200000000097,1,0,0,FLAT,0,A,0.031557523562495499,1.0013746410956044,1.0329755449268643,0,0,0,3158.8200000000097,0.031557523562495499,0.031600903831260005,0,0
2019-03-12,-0.0058491435276090999,-603.90000000002283,2,0,0,FLAT,0,A,-0.0058491435276090999,1.0329755449268643,1.0269335227040768,0,0,0,-603.90000000002283,-0.0058491435276090999,-0.006042022222787451,0,0
2019-03-13,0.00072263540220069995,74.16000000000281,1,0,0,FLAT,0,A,0.00072263540220069995,1.0269335227040768,1.0276756212232894,0,0,0,74.16000000000281,0.00072263540220069995,0.00074209851921264213,0,0
2019-03-14,0,0,0,0,0,FLAT,0,A,0,1.0276756212232894,1.0276756212232894,0,0,0,0,0,0,0,0
2019-03-15,0,0,0,0,0,FLAT,0,A,0,1.0276756212232894,1.0276756212232894,0,0,0,0,0,0,0,0
2019-03-18,-0.010893966039923699,-1118.7000000000423,1,0,0,FLAT,0,A,-0.010893966039923699,1.0276756212232894,1.0164801579056255,0,0,0,-1118.7000000000423,-0.010893966039923699,-0.011195463317664005,0,0
2019-03-19,0,0,0,0,0,FLAT,0,A,0,1.0164801579056255,1.0164801579056255,0,0,0,0,0,0,0,0
2019-03-20,-0.0173180107577727,-1758.8599999999972,3,0,0,FLAT,0,A,-0.0173180107577727,1.0164801579056255,0.99887674359595335,0,0,0,-1758.8599999999972,-0.0173180107577727,-0.017603414309672116,0,0
2019-03-21,0.0293638082088899,2929.8600000000438,1,0,0,FLAT,0,A,0.0293638082088899,0.99887674359595335,1.0282075687192254,0,0,0,2929.8600000000438,0.0293638082088899,0.029330825123272068,0,0
2019-03-22,0.018102628063656898,1859.130000000016,2,0,0,FLAT,0,A,0.018102628063656898,1.0282075687192254,1.0468208279079865,0,0,0,1859.130000000016,0.018102628063656898,0.018613259188761076,0,0
2019-03-25,-0.0036519139628660999,-381.78000000001447,1,0,0,FLAT,0,A,-0.0036519139628660999,1.0468208279079865,1.0429979283099302,0,0,0,-381.78000000001447,-0.0036519139628660999,-0.0038228995980562263,0,0
2019-03-26,-0.0052746263049077997,-549.37500000000807,2,0,0,FLAT,0,A,-0.0052746263049077997,1.0429979283099302,1.0374965040013022,0,0,0,-549.37500000000807,-0.0052746263049077997,-0.0055014243086278971,0,0
2019-03-27,-0.017496166490271602,-1812.4699999999759,3,0,0,FLAT,0,A,-0.017496166490271602,1.0374965040013022,1.0193442924342206,0,0,0,-1812.4699999999759,-0.017496166490271602,-0.018152211567081522,0,0
2019-03-28,0,0,0,0,0,FLAT,0,A,0,1.0193442924342206,1.0193442924342206,0,0,0,0,0,0,0,0
2019-03-29,0,0,0,0,0,FLAT,0,A,0,1.0193442924342206,1.0193442924342206,0,0,0,0,0,0,0,0
2019-04-01,0.0015424344592118999,156.95999999996877,1,0,0,FLAT,0,A,0.0015424344592118999,1.0193442924342206,1.0209165641966722,0,0,0,156.95999999996877,0.0015424344592118999,0.0015722717624515139,0,0
2019-04-02,0,0,0,0,0,FLAT,0,A,0,1.0209165641966722,1.0209165641966722,0,0,0,0,0,0,0,0
2019-04-03,0,0,0,0,0,FLAT,0,A,0,1.0209165641966722,1.0209165641966722,0,0,0,0,0,0,0,0
2019-04-04,0,0,0,0,0,FLAT,0,A,0,1.0209165641966722,1.0209165641966722,0,0,0,0,0,0,0,0
2019-04-05,0,0,0,0,0,FLAT,0,A,0,1.0209165641966722,1.0209165641966722,0,0,0,0,0,0,0,0
2019-04-08,0,0,0,0,0,FLAT,0,A,0,1.0209165641966722,1.0209165641966722,0,0,0,0,0,0,0,0
2019-04-09,0,0,0,0,0,FLAT,0,A,0,1.0209165641966722,1.0209165641966722,0,0,0,0,0,0,0,0
2019-04-10,0,0,0,0,0,FLAT,0,A,0,1.0209165641966722,1.0209165641966722,0,0,0,0,0,0,0,0
2019-04-11,0,0,0,0,0,FLAT,0,A,0,1.0209165641966722,1.0209165641966722,0,0,0,0,0,0,0,0
2019-04-12,0,0,0,0,0,FLAT,0,A,0,1.0209165641966722,1.0209165641966722,0,0,0,0,0,0,0,0
2019-04-15,-0.0049737367213579997,-506.88000000001921,1,0,0,FLAT,0,A,-0.0049737367213579997,1.0209165641966722,1.0158387939918845,0,0,0,-506.88000000001921,-0.0049737367213579997,-0.0050777702047876301,0,0
2019-04-16,0,0,0,0,0,FLAT,0,A,0,1.0158387939918845,1.0158387939918845,0,0,0,0,0,0,0,0
2019-04-17,0.0046911782819449004,475.65999999996495,1,0,0,FLAT,0,A,0.0046911782819449004,1.0158387939918845,1.0206042748802164,0,0,0,475.65999999996495,0.0046911782819449004,0.0047654808883318281,0,0
2019-04-18,-0.0048414283245355998,-493.149999999952,1,0,0,FLAT,0,A,-0.0048414283245355998,1.0206042748802164,1.0156630924356693,0,0,0,-493.149999999952,-0.0048414283245355998,-0.0049411824445471974,0,0
2019-04-22,0,0,0,0,0,FLAT,0,A,0,1.0156630924356693,1.0156630924356693,0,0,0,0,0,0,0,0
2019-04-23,0.019624906998671501,1989.1300000000087,1,0,0,FLAT,0,A,0.019624906998671501,1.0156630924356693,1.0355953861667024,0,0,0,1989.1300000000087,0.019624906998671501,0.019932293731033106,0,0
2019-04-24,0,0,0,0,0,FLAT,0,A,0,1.0355953861667024,1.0355953861667024,0,0,0,0,0,0,0,0
2019-04-25,-0.010718348434501399,-1107.5999999999613,1,0,0,FLAT,0,A,-0.010718348434501399,1.0355953861667024,1.0244955139806058,0,0,0,-1107.5999999999613,-0.010718348434501399,-0.011099872186096748,0,0
2019-04-26,0.0008693076636542,88.859999999990691,2,0,0,FLAT,0,A,0.0008693076636542,1.0244955139806058,1.0253861157822883,0,0,0,88.859999999990691,0.0008693076636542,0.00089060180168268918,0,0
2019-04-29,-0.00067944997204979997,-69.500000000015802,1,0,0,FLAT,0,A,-0.00067944997204979997,1.0253861157822883,1.0246894172145797,0,0,0,-69.500000000015802,-0.00067944997204979997,-0.00069669856770852878,0,0
2019-04-30,-0.0050575588015935001,-516.93000000000632,2,0,0,FLAT,0,A,-0.0050575588015935001,1.0246894172145797,1.0195069902336464,0,0,0,-516.93000000000632,-0.0050575588015935001,-0.0051824269809333115,0,0
2019-05-01,0.017870737571842699,1816.9700000000032,1,0,0,FLAT,0,A,0.017870737571842699,1.0195069902336464,1.0377263321087713,0,0,0,1816.9700000000032,0.017870737571842699,0.018219341875124695,0,0
2019-05-02,-0.0134747546865902,-1394.3699999999394,4,0,1,ENTRY,0,A,-0.0134747546865902,1.0377263321087713,1.0237432243517905,0,0,0,-1394.3699999999394,-0.0134747546865902,-0.013983107756980724,0,0
2019-05-03,0.0051715794515560997,527.73999999991452,2,1,0,EXIT,0.010770975056689343,B,0.010770975056689343,1.0237432243517905,1.0347699370857384,2,527.73999999991452,0.0051715794515560997,0,0,0,0.011026712733947858,0.0052943694227275059
2019-05-06,0,0,0,0,0,FLAT,0,A,0,1.0347699370857384,1.0347699370857384,0,0,0,0,0,0,0,0
2019-05-07,0.0034670354800902998,355.56,2,0,0,FLAT,0,A,0.0034670354800902998,1.0347699370857384,1.0383575211713454,0,0,0,355.56,0.0034670354800902998,0.0035875840856070622,0,0
2019-05-08,-0.0048999822801336001,-504.15999999997757,1,0,1,ENTRY,0,A,-0.0048999822801336001,1.0383575211713454,1.0332695877171625,0,0,0,-504.15999999997757,-0.0048999822801336001,-0.0050879334541830421,0,0
2019-05-09,-0.0019533429416161,-199.98000000000761,1,1,0,EXIT,-0.003268314731754807,B,-0.003268314731754807,1.0332695877171625,1.0298925375017522,1,-199.98000000000761,-0.0019533429416161,0,0,0,-0.0033770502154102178,-0.0020183298559538969
2019-05-10,-0.0116314012471243,-1188.3870000000184,2,0,0,FLAT,0,A,-0.0116314012471243,1.0298925375017522,1.0179134441566504,0,0,0,-1188.3870000000184,-0.0116314012471243,-0.011979093345101891,0,0
2019-05-13,-0.013921207951766001,-1405.5800000000736,3,0,0,FLAT,0,A,-0.013921207951766001,1.0179134441566504,1.0037428594236473,0,0,0,-1405.5800000000736,-0.013921207951766001,-0.014170584733003078,0,0
2019-05-14,0.0063707969595339997,634.1399999999777,1,0,0,FLAT,0,A,0.0063707969595339997,1.0037428594236473,1.0101375013806173,0,0,0,634.1399999999777,0.0063707969595339997,0.0063946419569701346,0,0
2019-05-15,-0.0001545418903163,-15.479999999986102,2,0,0,FLAT,0,A,-0.0001545418903163,1.0101375013806173,1.0099813928216745,0,0,0,-15.479999999986102,-0.0001545418903163,-0.0001561085589427447,0,0
2019-05-16,0,0,1,0,0,FLAT,0,A,0,1.0099813928216745,1.0099813928216745,0,0,0,0,0,0,0,0
2019-05-17,0,0,0,0,0,FLAT,0,A,0,1.0099813928216745,1.0099813928216745,0,0,0,0,0,0,0,0
2019-05-20,0,0,0,0,0,FLAT,0,A,0,1.0099813928216745,1.0099813928216745,0,0,0,0,0,0,0,0
2019-05-21,0,0,0,0,0,FLAT,0,A,0,1.0099813928216745,1.0099813928216745,0,0,0,0,0,0,0,0
2019-05-22,0,0,0,0,0,FLAT,0,A,0,1.0099813928216745,1.0099813928216745,0,0,0,0,0,0,0,0
2019-05-23,-0.0043347201255385,-434.06000000000313,2,0,0,FLAT,0,A,-0.0043347201255385,1.0099813928216745,1.0056034061517911,0,0,0,-434.06000000000313,-0.0043347201255385,-0.004377986669883518,0,0
2019-05-24,0,0,0,0,0,FLAT,0,A,0,1.0056034061517911,1.0056034061517911,0,0,0,0,0,0,0,0
2019-05-28,-0.0031461965778532002,-313.6500000000317,1,0,1,ENTRY,0,A,-0.0031461965778532002,1.0056034061517911,1.0024395801566788,0,0,0,-313.6500000000317,-0.0031461965778532002,-0.0031638259951122867,0,0
2019-05-29,-0.014264801648725,-1417.5399999999968,3,1,0,EXIT,-0.0071447661469933189,B,-0.0071447661469933189,1.0024395801566788,0.9952773837799691,3,-1417.5399999999968,-0.014264801648725,0,0,0,-0.007162196376709634,-0.014299601775766188
2019-05-30,0.00044905081501090001,43.980000000001674,1,0,0,FLAT,0,A,0.00044905081501090001,0.9952773837799691,0.99572431390031757,0,0,0,43.980000000001674,0.00044905081501090001,0.00044693012034831145,0,0
2019-05-31,0,0,0,0,0,FLAT,0,A,0,0.99572431390031757,0.99572431390031757,0,0,0,0,0,0,0,0
2019-06-03,-0.0074864179501256999,-733.5099999999901,2,0,0,FLAT,0,A,-0.0074864179501256999,0.99572431390031757,0.98826990552335758,0,0,0,-733.5099999999901,-0.0074864179501256999,-0.0074544083769599347,0,0
2019-06-04,0.014345740354039301,1394.9099999999587,2,0,0,FLAT,0,A,0.014345740354039301,0.98826990552335758,1.0024473689877065,0,0,0,1394.9099999999587,0.014345740354039301,0.014177463464349038,0,0
2019-06-05,0,0,0,0,0,FLAT,0,A,0,1.0024473689877065,1.0024473689877065,0,0,0,0,0,0,0,0
2019-06-06,-0.0014317956632083999,-141.19999999999197,1,0,0,FLAT,0,A,-0.0014317956632083999,1.0024473689877065,1.0010120691921953,0,0,0,-141.19999999999197,-0.0014317956632083999,-0.0014352997955112687,0,0
2019-06-07,0.0036152672410621998,356,1,0,0,FLAT,0,A,0.0036152672410621998,1.0010120691921953,1.0046309953338537,0,0,0,356,0.0036152672410621998,0.0036189261416584317,0,0
2019-06-10,-0.0036097116462520001,-356.71999999998752,1,0,0,FLAT,0,A,-0.0036097116462520001,1.0046309953338537,1.0010045671298113,0,0,0,-356.71999999998752,-0.0036097116462520001,-0.0036264282040423504,0,0
2019-06-11,0,0,0,0,0,FLAT,0,A,0,1.0010045671298113,1.0010045671298113,0,0,0,0,0,0,0,0
2019-06-12,0,0,0,0,0,FLAT,0,A,0,1.0010045671298113,1.0010045671298113,0,0,0,0,0,0,0,0
2019-06-13,0,0,0,0,0,FLAT,0,A,0,1.0010045671298113,1.0010045671298113,0,0,0,0,0,0,0,0
2019-06-14,-0.0010258907567415,-101.00999999999648,1,0,0,FLAT,0,A,-0.0010258907567415,1.0010045671298113,0.99997764579693682,0,0,0,-101.00999999999648,-0.0010258907567415,-0.0010269213328744997,0,0
2019-06-17,0,0,0,0,0,FLAT,0,A,0,0.99997764579693682,0.99997764579693682,0,0,0,0,0,0,0,0
2019-06-18,-0.0065532958199185998,-644.54500000001281,3,0,0,FLAT,0,A,-0.0065532958199185998,0.99997764579693682,0.99342449647072373,0,0,0,-644.54500000001281,-0.0065532958199185998,-0.006553149326213108,0,0
2019-06-19,0,0,0,0,0,FLAT,0,A,0,0.99342449647072373,0.99342449647072373,0,0,0,0,0,0,0,0
2019-06-20,0,0,0,0,0,FLAT,0,A,0,0.99342449647072373,0.99342449647072373,0,0,0,0,0,0,0,0
2019-06-21,0,0,0,0,0,FLAT,0,A,0,0.99342449647072373,0.99342449647072373,0,0,0,0,0,0,0,0
2019-06-24,0,0,0,0,0,FLAT,0,A,0,0.99342449647072373,0.99342449647072373,0,0,0,0,0,0,0,0
2019-06-25,0.0302933341675127,2959.4399999999646,1,0,1,ENTRY,0,A,0.0302933341675127,0.99342449647072373,1.0235186367125044,0,0,0,2959.4399999999646,0.0302933341675127,0.030094140241780674,0,0
2019-06-26,0,0,0,1,1,HOLD,-0.0012889477030951931,B,-0.0012889477030951931,1.0235186367125044,1.0221993747166387,0,0,0,0,0,0,-0.001319261995865706,0
2019-06-27,-0.00093637784507339999,-94.239999999981251,1,1,0,EXIT,0.0042848292951541854,B,0.0042848292951541854,1.0221993747166387,1.0265793245429129,1,-94.239999999981251,-0.00093637784507339999,0,0,0,0.0043799498262741439,-0.00095716484773254306
2019-06-28,0,0,0,0,0,FLAT,0,A,0,1.0265793245429129,1.0265793245429129,0,0,0,0,0,0,0,0
2019-07-01,0,0,0,0,0,FLAT,0,A,0,1.0265793245429129,1.0265793245429129,0,0,0,0,0,0,0,0
2019-07-02,0,0,0,0,0,FLAT,0,A,0,1.0265793245429129,1.0265793245429129,0,0,0,0,0,0,0,0
2019-07-03,0.0125883415092804,1265.6400000000026,1,0,0,FLAT,0,A,0.0125883415092804,1.0265793245429129,1.0395022556666256,0,0,0,1265.6400000000026,0.0125883415092804,0.012922931123712586,0,0
2019-07-05,-0.0049717121455382001,-506.10999999994112,1,0,0,FLAT,0,A,-0.0049717121455382001,1.0395022556666256,1.0343341496768135,0,0,0,-506.10999999994112,-0.0049717121455382001,-0.0051681059898121178,0,0
2019-07-08,0,0,0,0,0,FLAT,0,A,0,1.0343341496768135,1.0343341496768135,0,0,0,0,0,0,0,0
2019-07-09,0,0,0,0,0,FLAT,0,A,0,1.0343341496768135,1.0343341496768135,0,0,0,0,0,0,0,0
2019-07-10,-0.014658249639280099,-1484.6400000000003,2,0,0,FLAT,0,A,-0.014658249639280099,1.0343341496768135,1.0191726215004182,0,0,0,-1484.6400000000003,-0.014658249639280099,-0.015161528176395239,0,0
2019-07-11,0,0,0,0,0,FLAT,0,A,0,1.0191726215004182,1.0191726215004182,0,0,0,0,0,0,0,0
2019-07-12,0,0,0,0,0,FLAT,0,A,0,1.0191726215004182,1.0191726215004182,0,0,0,0,0,0,0,0
2019-07-15,0,0,0,0,0,FLAT,0,A,0,1.0191726215004182,1.0191726215004182,0,0,0,0,0,0,0,0
2019-07-16,-0.0017353777785936999,-173.15999999999394,2,0,0,FLAT,0,A,-0.0017353777785936999,1.0191726215004182,1.0174039719805152,0,0,0,-173.15999999999394,-0.0017353777785936999,-0.0017686495199029134,0,0
2019-07-17,0.016718459752100501,1665,1,0,1,ENTRY,0,A,0.016718459752100501,1.0174039719805152,1.0344133993376985,0,0,0,1665,0.016718459752100501,0.017009427357183429,0,0
2019-07-18,-0.00053532878619949999,-54.200000000027728,1,1,0,EXIT,0.0030375243337584751,B,0.0030375243337584751,1.0344133993376985,1.0375554552093524,1,-54.200000000027728,-0.00053532878619949999,0,0,0,0.0031420558716540822,-0.00055375126949594878
2019-07-19,0.011408098662906501,1154.3000000000309,1,0,0,FLAT,0,A,0.011408098662906501,1.0375554552093524,1.0493919902106177,0,0,0,1154.3000000000309,0.011408098662906501,0.011836535001265159,0,0
2019-07-22,-0.0046962052619021,-480.55000000003122,1,0,0,FLAT,0,A,-0.0046962052619021,1.0493919902106177,1.0444638300243927,0,0,0,-480.55000000003122,-0.0046962052619021,-0.0049281601862250198,0,0
2019-07-23,0,0,0,0,0,FLAT,0,A,0,1.0444638300243927,1.0444638300243927,0,0,0,0,0,0,0,0
2019-07-24,0.0065101004704197999,662.97000000001231,1,0,0,FLAT,0,A,0.0065101004704197999,1.0444638300243927,1.0512633944955709,0,0,0,662.97000000001231,0.0065101004704197999,0.0067995644711782649,0,0
2019-07-25,0.00048726402198109999,49.94000000002768,2,0,0,FLAT,0,A,0.00048726402198109999,1.0512633944955709,1.0517756373253344,0,0,0,49.94000000002768,0.00048726402198109999,0.00051224282976341563,0,0
2019-07-26,0.0066327535926285,680,1,0,0,FLAT,0,A,0.0066327535926285,1.0517756373253344,1.0587518059624432,0,0,0,680,0.0066327535926285,0.0069761686371087421,0,0
2019-07-29,-0.0051150766014299003,-527.83499999998753,1,0,0,FLAT,0,A,-0.0051150766014299003,1.0587518059624432,1.0533362093730432,0,0,0,-527.83499999998753,-0.0051150766014299003,-0.0054155965894001432,0,0
2019-07-30,0,0,0,0,0,FLAT,0,A,0,1.0533362093730432,1.0533362093730432,0,0,0,0,0,0,0,0
2019-07-31,-0.0010762306921527,-110.47999999997802,1,0,1,ENTRY,0,A,-0.0010762306921527,1.0533362093730432,1.0522025766153602,0,0,0,-110.47999999997802,-0.0010762306921527,-0.0011336327576830516,0,0
2019-08-01,0.018057252654971899,1851.4900000000112,2,1,1,HOLD,-0.0097093902234167643,B,-0.0097093902234167643,1.0522025766153602,1.0419863312049171,2,1851.4900000000112,0.018057252654971899,0,0,0,-0.010216245410443107,0.018999887770155988
2019-08-02,-0.0087650904498794997,-914.80000000003395,2,1,0,EXIT,-0.007158366128375628,B,-0.007158366128375628,1.0419863312049171,1.0345274115453895,2,-914.80000000003395,-0.0087650904498794997,0,0,0,-0.0074589196595276673,-0.0091331044405491956
2019-08-05,0.037798919874242401,3909.7799999999752,1,0,1,ENTRY,0,A,0.037798919874242401,1.0345274115453895,1.0736314302821011,0,0,0,3909.7799999999752,0.037798919874242401,0.039104018736711571,0,0
2019-08-06,-0.0027025027021533002,-290.08000000000362,1,1,0,EXIT,0.01195583374358253,B,0.01195583374358253,1.0736314302821011,1.0864675891644386,1,-290.08000000000362,-0.0027025027021533002,0,0,0,0.012836158882337518,-0.0029014918414540908
2019-08-07,-0.010224026602648,-1094.3999999999869,1,0,0,FLAT,0,A,-0.010224026602648,1.0864675891644386,1.0753595156299065,0,0,0,-1094.3999999999869,-0.010224026602648,-0.011108073534532059,0,0
2019-08-08,0.0185005956295081,1960.000000000008,1,0,0,FLAT,0,A,0.0185005956295081,1.0753595156299065,1.0952543071849192,0,0,0,1960.000000000008,0.0185005956295081,0.019894791555012597,0,0
2019-08-09,-0.0061342864465936996,-661.87500000001614,1,0,0,FLAT,0,A,-0.0061342864465936996,1.0952543071849192,1.0885357035327814,0,0,0,-661.87500000001614,-0.0061342864465936996,-0.0067186036521378221,0,0
2019-08-12,0.0015154145402485001,162.49999999999432,1,0,0,FLAT,0,A,0.0015154145402485001,1.0885357035327814,1.0901852863654946,0,0,0,162.49999999999432,0.0015154145402485001,0.0016495828327132075,0,0
2019-08-13,-0.0015437261982104999,-165.77999999998883,1,0,0,FLAT,0,A,-0.0015437261982104999,1.0901852863654946,1.0885023387780286,0,0,0,-165.77999999998883,-0.0015437261982104999,-0.0016829475874660302,0,0
2019-08-14,0.0135773895910959,1455.7600000000109,1,0,0,FLAT,0,A,0.0135773895910959,1.0885023387780286,1.1032813591024371,0,0,0,1455.7600000000109,0.0135773895910959,0.014779020324408349,0,0
2019-08-15,0,0,0,0,0,FLAT,0,A,0,1.1032813591024371,1.1032813591024371,0,0,0,0,0,0,0,0
2019-08-16,0.0046113463321239001,501.11999999998926,1,0,0,FLAT,0,A,0.0046113463321239001,1.1032813591024371,1.108368971551035,0,0,0,501.11999999998926,0.0046113463321239001,0.0050876124485976946,0,0
2019-08-19,0,0,0,0,0,FLAT,0,A,0,1.108368971551035,1.108368971551035,0,0,0,0,0,0,0,0
2019-08-20,-0.0010854774665915001,-118.5,1,0,0,FLAT,0,A,-0.0010854774665915001,1.108368971551035,1.1071658620077471,0,0,0,-118.5,-0.0010854774665915001,-0.0012031095432878439,0,0
2019-08-21,0,0,0,0,0,FLAT,0,A,0,1.1071658620077471,1.1071658620077471,0,0,0,0,0,0,0,0
2019-08-22,-0.0023086432549727998,-251.74999999998704,1,0,0,FLAT,0,A,-0.0023086432549727998,1.1071658620077471,1.1046098110082867,0,0,0,-251.74999999998704,-0.0023086432549727998,-0.0025560509994603312,0,0
2019-08-23,0.0142218627502094,1547.2199999999905,1,0,0,FLAT,0,A,0.0142218627502094,1.1046098110082867,1.1203194201329811,0,0,0,1547.2199999999905,0.0142218627502094,0.015709609124694598,0,0
2019-08-26,0,0,0,0,0,FLAT,0,A,0,1.1203194201329811,1.1203194201329811,0,0,0,0,0,0,0,0
2019-08-27,0,0,0,0,0,FLAT,0,A,0,1.1203194201329811,1.1203194201329811,0,0,0,0,0,0,0,0
2019-08-28,-0.0021686582800878999,-239.279999999956,2,0,0,FLAT,0,A,-0.0021686582800878999,1.1203194201329811,1.1178898301461664,0,0,0,-239.279999999956,-0.0021686582800878999,-0.0024295899868146641,0,0
2019-08-29,0,0,0,0,0,FLAT,0,A,0,1.1178898301461664,1.1178898301461664,0,0,0,0,0,0,0,0
2019-08-30,0,0,0,0,0,FLAT,0,A,0,1.1178898301461664,1.1178898301461664,0,0,0,0,0,0,0,0
2019-09-03,0,0,0,0,0,FLAT,0,A,0,1.1178898301461664,1.1178898301461664,0,0,0,0,0,0,0,0
2019-09-04,0,0,0,0,0,FLAT,0,A,0,1.1178898301461664,1.1178898301461664,0,0,0,0,0,0,0,0
2019-09-05,-0.0020132785366225002,-221.6400000000275,2,0,0,FLAT,0,A,-0.0020132785366225002,1.1178898301461664,1.1156392065448246,0,0,0,-221.6400000000275,-0.0020132785366225002,-0.0022506236013418494,0,0
2019-09-06,0,0,0,0,0,FLAT,0,A,0,1.1156392065448246,1.1156392065448246,0,0,0,0,0,0,0,0
2019-09-09,0,0,0,0,0,FLAT,0,A,0,1.1156392065448246,1.1156392065448246,0,0,0,0,0,0,0,0
2019-09-10,-0.0020531953084100001,-225.55999999995521,2,0,0,FLAT,0,A,-0.0020531953084100001,1.1156392065448246,1.1133485813600685,0,0,0,-225.55999999995521,-0.0020531953084100001,-0.002290625184756089,0,0
2019-09-11,-0.0013099487294641,-143.59999999999184,1,0,0,FLAT,0,A,-0.0013099487294641,1.1133485813600685,1.1118901518004654,0,0,0,-143.59999999999184,-0.0013099487294641,-0.00145842955960328,0,0
2019-09-12,0,0,0,0,0,FLAT,0,A,0,1.1118901518004654,1.1118901518004654,0,0,0,0,0,0,0,0
2019-09-13,0,0,0,0,0,FLAT,0,A,0,1.1118901518004654,1.1118901518004654,0,0,0,0,0,0,0,0
2019-09-16,0,0,0,0,0,FLAT,0,A,0,1.1118901518004654,1.1118901518004654,0,0,0,0,0,0,0,0
2019-09-17,0,0,0,0,0,FLAT,0,A,0,1.1118901518004654,1.1118901518004654,0,0,0,0,0,0,0,0
2019-09-18,-0.017131193315014399,-1875.4199999999887,1,0,0,FLAT,0,A,-0.017131193315014399,1.1118901518004654,1.0928421466649108,0,0,0,-1875.4199999999887,-0.017131193315014399,-0.019048005135554477,0,0
2019-09-19,-0.0031646101704123999,-340.47999999996682,1,0,0,FLAT,0,A,-0.0031646101704123999,1.0928421466649108,1.0893837272929197,0,0,0,-340.47999999996682,-0.0031646101704123999,-0.0034584193719910962,0,0
2019-09-20,0.0042865183900625999,459.68999999997777,1,0,0,FLAT,0,A,0.0042865183900625999,1.0893837272929197,1.0940533906737957,0,0,0,459.68999999997777,0.0042865183900625999,0.00466966338087604,0,0
2019-09-23,-0.0074358242872666997,-800.77000000001919,2,0,0,FLAT,0,A,-0.0074358242872666997,1.0940533906737957,1.085918201899857,0,0,0,-800.77000000001919,-0.0074358242872666997,-0.0081351887739386924,0,0
2019-09-24,0.019664031346874399,2101.5600000000318,1,0,1,ENTRY,0,A,0.019664031346874399,1.085918201899857,1.1072717314621572,0,0,0,2101.5600000000318,0.019664031346874399,0.021353529562300272,0,0
2019-09-25,-0.0060914871410986003,-663.76499999993257,4,1,0,EXIT,0.0064559743113064049,B,0.0064559743113064049,1.1072717314621572,1.1144202493161126,4,-663.76499999993257,-0.0060914871410986003,0,0,0,0.0071485178539554507,-0.006744931513903713
2019-09-26,-0.0001061276262576,-11.490000000076408,2,0,0,FLAT,0,A,-0.0001061276262576,1.1144202493161126,1.1143019785403994,0,0,0,-11.490000000076408,-0.0001061276262576,-0.00011827077571332181,0,0
2019-09-27,0.0074343620621635997,804.6500000000168,1,0,0,FLAT,0,A,0.0074343620621635997,1.1143019785403994,1.1225861028954538,0,0,0,804.6500000000168,0.0074343620621635997,0.0082841243550545833,0,0
2019-09-30,0.0034908364945839998,380.59999999998672,2,0,0,FLAT,0,A,0.0034908364945839998,1.1225861028954538,1.1265048674317542,0,0,0,380.59999999998672,0.0034908364945839998,0.0039187645363002793,0,0
2019-10-01,0.038116945115099901,4169.5499999999502,1,0,0,FLAT,0,A,0.038116945115099901,1.1265048674317542,1.1694437916355434,0,0,0,4169.5499999999502,0.038116945115099901,0.042938924203789065,0,0
2019-10-02,0.0169660026301197,1926.4499999999521,1,0,0,FLAT,0,A,0.0169660026301197,1.1694437916355434,1.189284578080209,0,0,0,1926.4499999999521,0.0169660026301197,0.019840786444665783,0,0
2019-10-03,-0.0144453523647222,-1667.9200000000294,3,0,0,FLAT,0,A,-0.0144453523647222,1.189284578080209,1.1721049432879105,0,0,0,-1667.9200000000294,-0.0144453523647222,-0.017179634792298591,0,0
2019-10-04,0.017215038693141602,1958.5800000000145,1,0,0,FLAT,0,A,0.017215038693141602,1.1721049432879105,1.1922827752390344,0,0,0,1958.5800000000145,0.017215038693141602,0.020177831951123923,0,0
2019-10-07,0,0,0,0,0,FLAT,0,A,0,1.1922827752390344,1.1922827752390344,0,0,0,0,0,0,0,0
2019-10-08,-0.0090573442035524997,-1048.1400000000574,2,0,0,FLAT,0,A,-0.0090573442035524997,1.1922827752390344,1.1814838597557276,0,0,0,-1048.1400000000574,-0.0090573442035524997,-0.010798915483306755,0,0
2019-10-09,0,0,0,0,0,FLAT,0,A,0,1.1814838597557276,1.1814838597557276,0,0,0,0,0,0,0,0
2019-10-10,-0.0055615044711637002,-637.68999999998255,3,0,0,FLAT,0,A,-0.0055615044711637002,1.1814838597557276,1.1749130319870884,0,0,0,-637.68999999998255,-0.0055615044711637002,-0.0065708277686392248,0,0
2019-10-11,0.0019158475078011,218.42000000002304,2,0,0,FLAT,0,A,0.0019158475078011,1.1749130319870884,1.1771639861913039,0,0,0,218.42000000002304,0.0019158475078011,0.0022509542042154973,0,0
2019-10-14,0,0,0,0,0,FLAT,0,A,0,1.1771639861913039,1.1771639861913039,0,0,0,0,0,0,0,0
2019-10-15,0.0033647656256723,384.30499999999648,1,0,0,FLAT,0,A,0.0033647656256723,1.1771639861913039,1.1811248671078198,0,0,0,384.30499999999648,0.0033647656256723,0.0039608809165158814,0,0
2019-10-16,0,0,0,0,0,FLAT,0,A,0,1.1811248671078198,1.1811248671078198,0,0,0,0,0,0,0,0
2019-10-17,0,0,0,0,0,FLAT,0,A,0,1.1811248671078198,1.1811248671078198,0,0,0,0,0,0,0,0
2019-10-18,0,0,0,0,0,FLAT,0,A,0,1.1811248671078198,1.1811248671078198,0,0,0,0,0,0,0,0
2019-10-21,0,0,0,0,0,FLAT,0,A,0,1.1811248671078198,1.1811248671078198,0,0,0,0,0,0,0,0
2019-10-22,0,0,0,0,0,FLAT,0,A,0,1.1811248671078198,1.1811248671078198,0,0,0,0,0,0,0,0
2019-10-23,0,0,0,0,0,FLAT,0,A,0,1.1811248671078198,1.1811248671078198,0,0,0,0,0,0,0,0
2019-10-24,0,0,0,0,0,FLAT,0,A,0,1.1811248671078198,1.1811248671078198,0,0,0,0,0,0,0,0
2019-10-25,0.0024095613614843999,276.11999999999034,1,0,0,FLAT,0,A,0.0024095613614843999,1.1811248671078198,1.1839708599506911,0,0,0,276.11999999999034,0.0024095613614843999,0.0028459928428713993,0,0
2019-10-28,0,0,0,0,0,FLAT,0,A,0,1.1839708599506911,1.1839708599506911,0,0,0,0,0,0,0,0
2019-10-29,0,0,0,0,0,FLAT,0,A,0,1.1839708599506911,1.1839708599506911,0,0,0,0,0,0,0,0
2019-10-30,0,0,0,0,0,FLAT,0,A,0,1.1839708599506911,1.1839708599506911,0,0,0,0,0,0,0,0
2019-10-31,-0.0017146639515048,-196.94999999999311,1,0,0,FLAT,0,A,-0.0017146639515048,1.1839708599506911,1.1819407477975015,0,0,0,-196.94999999999311,-0.0017146639515048,-0.0020301121531895883,0,0
2019-11-01,0.0060138885659379001,689.51999999996929,2,0,0,FLAT,0,A,0.0060138885659379001,1.1819407477975015,1.1890488077462971,0,0,0,689.51999999996929,0.0060138885659379001,0.0071080599487954857,0,0
2019-11-04,0,0,0,0,0,FLAT,0,A,0,1.1890488077462971,1.1890488077462971,0,0,0,0,0,0,0,0
2019-11-05,0,0,0,0,0,FLAT,0,A,0,1.1890488077462971,1.1890488077462971,0,0,0,0,0,0,0,0
2019-11-06,0,0,0,0,0,FLAT,0,A,0,1.1890488077462971,1.1890488077462971,0,0,0,0,0,0,0,0
2019-11-07,-0.000905629260198,-104.43999999998982,1,0,0,FLAT,0,A,-0.000905629260198,1.1890488077462971,1.1879719703541984,0,0,0,-104.43999999998982,-0.000905629260198,-0.0010768373920985929,0,0
2019-11-08,-0.010155523157218901,-1170.0000000000443,1,0,0,FLAT,0,A,-0.010155523157218901,1.1879719703541984,1.1759074934991394,0,0,0,-1170.0000000000443,-0.010155523157218901,-0.012064476855059028,0,0
2019-11-11,0,0,0,0,0,FLAT,0,A,0,1.1759074934991394,1.1759074934991394,0,0,0,0,0,0,0,0
2019-11-12,-0.0021960444802273001,-250.41000000002344,1,0,0,FLAT,0,A,-0.0021960444802273001,1.1759074934991394,1.1733251483387828,0,0,0,-250.41000000002344,-0.0021960444802273001,-0.0025823451603567047,0,0
2019-11-13,0,0,0,0,0,FLAT,0,A,0,1.1733251483387828,1.1733251483387828,0,0,0,0,0,0,0,0
2019-11-14,0,0,0,0,0,FLAT,0,A,0,1.1733251483387828,1.1733251483387828,0,0,0,0,0,0,0,0
2019-11-15,0,0,0,0,0,FLAT,0,A,0,1.1733251483387828,1.1733251483387828,0,0,0,0,0,0,0,0
2019-11-18,0,0,0,0,0,FLAT,0,A,0,1.1733251483387828,1.1733251483387828,0,0,0,0,0,0,0,0
2019-11-19,-0.0061641763609816,-701.28000000002658,1,0,0,FLAT,0,A,-0.0061641763609816,1.1733251483387828,1.1660925651956475,0,0,0,-701.28000000002658,-0.0061641763609816,-0.0072325831431351538,0,0
2019-11-20,-0.012853861877435001,-1453.1999999999998,2,0,0,FLAT,0,A,-0.012853861877435001,1.1660925651956475,1.1511037724263189,0,0,0,-1453.1999999999998,-0.012853861877435001,-0.014988792769328721,0,0
2019-11-21,0,0,1,0,0,FLAT,0,A,0,1.1511037724263189,1.1511037724263189,0,0,0,0,0,0,0,0
2019-11-22,0,0,0,0,0,FLAT,0,A,0,1.1511037724263189,1.1511037724263189,0,0,0,0,0,0,0,0
2019-11-25,0.0081855739745216004,913.2800000000617,1,0,0,FLAT,0,A,0.0081855739745216004,1.1511037724263189,1.1605262175078654,0,0,0,913.2800000000617,0.0081855739745216004,0.0094224450815465106,0,0
2019-11-26,-0.00076390182631039998,-85.920000000003242,1,0,0,FLAT,0,A,-0.00076390182631039998,1.1605262175078654,1.1596396894108301,0,0,0,-85.920000000003242,-0.00076390182631039998,-0.00088652809703535884,0,0
2019-11-27,0.0020288444373029999,228.00000000003564,1,0,0,FLAT,0,A,0.0020288444373029999,1.1596396894108301,1.1619924179439669,0,0,0,228.00000000003564,0.0020288444373029999,0.002352728533136941,0,0
2019-11-29,0,0,0,0,0,FLAT,0,A,0,1.1619924179439669,1.1619924179439669,0,0,0,0,0,0,0,0
2019-12-02,0.0119261331627164,1342.8499999999278,2,0,0,FLAT,0,A,0.0119261331627164,1.1619924179439669,1.1758504942544334,0,0,0,1342.8499999999278,0.0119261331627164,0.013858076310466559,0,0
2019-12-03,-0.0063658751451744003,-725.20000000001346,1,0,0,FLAT,0,A,-0.0063658751451744003,1.1758504942544334,1.1683651768186181,0,0,0,-725.20000000001346,-0.0063658751451744003,-0.0074853174358153318,0,0
2019-12-04,-0.0020525803732493,-232.31999999995372,1,0,0,FLAT,0,A,-0.0020525803732493,1.1683651768186181,1.1659670133878923,0,0,0,-232.31999999995372,-0.0020525803732493,-0.0023981634307258435,0,0
2019-12-05,0,0,0,0,0,FLAT,0,A,0,1.1659670133878923,1.1659670133878923,0,0,0,0,0,0,0,0
2019-12-06,-0.002764607827754,-312.24000000003878,2,0,0,FLAT,0,A,-0.002764607827754,1.1659670133878923,1.1627435718557773,0,0,0,-312.24000000003878,-0.002764607827754,-0.0032234415321151198,0,0
2019-12-09,0,0,0,0,0,FLAT,0,A,0,1.1627435718557773,1.1627435718557773,0,0,0,0,0,0,0,0
2019-12-10,0,0,0,0,0,FLAT,0,A,0,1.1627435718557773,1.1627435718557773,0,0,0,0,0,0,0,0
2019-12-11,0,0,0,0,0,FLAT,0,A,0,1.1627435718557773,1.1627435718557773,0,0,0,0,0,0,0,0
2019-12-12,0.0016191403235234999,182.33100000002676,4,0,0,FLAT,0,A,0.0016191403235234999,1.1627435718557773,1.1646262168588868,0,0,0,182.33100000002676,0.0016191403235234999,0.0018826450031094331,0,0
2019-12-13,0,0,0,0,0,FLAT,0,A,0,1.1646262168588868,1.1646262168588868,0,0,0,0,0,0,0,0
2019-12-16,-0.0052578931165976001,-592.84999999996273,2,0,0,FLAT,0,A,-0.0052578931165976001,1.1646262168588868,1.1585027366898553,0,0,0,-592.84999999996273,-0.0052578931165976001,-0.0061234801690314448,0,0
2019-12-17,0,0,0,0,0,FLAT,0,A,0,1.1585027366898553,1.1585027366898553,0,0,0,0,0,0,0,0
2019-12-18,0,0,0,0,0,FLAT,0,A,0,1.1585027366898553,1.1585027366898553,0,0,0,0,0,0,0,0
2019-12-19,0.0038809110494424002,435.22000000004073,2,0,0,FLAT,0,A,0.0038809110494424002,1.1585027366898553,1.1629987827614843,0,0,0,435.22000000004073,0.0038809110494424002,0.004496046071628919,0,0
2019-12-20,0,0,0,0,0,FLAT,0,A,0,1.1629987827614843,1.1629987827614843,0,0,0,0,0,0,0,0
2019-12-23,0,0,0,0,0,FLAT,0,A,0,1.1629987827614843,1.1629987827614843,0,0,0,0,0,0,0,0
2019-12-24,0,0,0,0,0,FLAT,0,A,0,1.1629987827614843,1.1629987827614843,0,0,0,0,0,0,0,0
2019-12-26,-0.0047085553491213001,-529.99999999999363,2,0,0,FLAT,0,A,-0.0047085553491213001,1.1629987827614843,1.1575227386218911,0,0,0,-529.99999999999363,-0.0047085553491213001,-0.005476044139593148,0,0
2019-12-27,0,0,0,0,0,FLAT,0,A,0,1.1575227386218911,1.1575227386218911,0,0,0,0,0,0,0,0
2019-12-30,0.0054470276582546003,610.12999999991769,3,0,0,FLAT,0,A,0.0054470276582546003,1.1575227386218911,1.1638277969942232,0,0,0,610.12999999991769,0.0054470276582546003,0.0063050583723320511,0,0
2019-12-31,0,0,0,0,0,FLAT,0,A,0,1.1638277969942232,1.1638277969942232,0,0,0,0,0,0,0,0
2020-01-02,0,0,0,0,0,FLAT,0,A,0,1.1638277969942232,1.1638277969942232,0,0,0,0,0,0,0,0
2020-01-03,0,0,0,0,0,FLAT,0,A,0,1.1638277969942232,1.1638277969942232,0,0,0,0,0,0,0,0
2020-01-06,0,0,0,0,0,FLAT,0,A,0,1.1638277969942232,1.1638277969942232,0,0,0,0,0,0,0,0
2020-01-07,0,0,0,0,0,FLAT,0,A,0,1.1638277969942232,1.1638277969942232,0,0,0,0,0,0,0,0
2020-01-08,-9.4766535401491202e-05,-10.669999999993934,2,0,0,FLAT,0,A,-9.4766535401491202e-05,1.1638277969942232,1.1637175050660982,0,0,0,-10.669999999993934,-9.4766535401491202e-05,-0.00011029192812509257,0,0
2020-01-09,0,0,0,0,0,FLAT,0,A,0,1.1637175050660982,1.1637175050660982,0,0,0,0,0,0,0,0
2020-01-10,0,0,0,0,0,FLAT,0,A,0,1.1637175050660982,1.1637175050660982,0,0,0,0,0,0,0,0
2020-01-13,0.0010993900681622001,123.7499999999656,2,0,0,FLAT,0,A,0.0010993900681622001,1.1637175050660982,1.1649968845333143,0,0,0,123.7499999999656,0.0010993900681622001,0.0012793794672161631,0,0
2020-01-14,0,0,0,0,0,FLAT,0,A,0,1.1649968845333143,1.1649968845333143,0,0,0,0,0,0,0,0
2020-01-15,-0.0113823122909002,-1282.4099999999971,2,0,0,FLAT,0,A,-0.0113823122909002,1.1649968845333143,1.1517365261756303,0,0,0,-1282.4099999999971,-0.0113823122909002,-0.013260358357683985,0,0
2020-01-16,0,0,0,0,0,FLAT,0,A,0,1.1517365261756303,1.1517365261756303,0,0,0,0,0,0,0,0
2020-01-17,0,0,0,0,0,FLAT,0,A,0,1.1517365261756303,1.1517365261756303,0,0,0,0,0,0,0,0
2020-01-21,0,0,0,0,0,FLAT,0,A,0,1.1517365261756303,1.1517365261756303,0,0,0,0,0,0,0,0
2020-01-22,0,0,0,0,0,FLAT,0,A,0,1.1517365261756303,1.1517365261756303,0,0,0,0,0,0,0,0
2020-01-23,-0.0044852344868468001,-499.50000000000608,1,0,0,FLAT,0,A,-0.0044852344868468001,1.1517365261756303,1.1465707177886661,0,0,0,-499.50000000000608,-0.0044852344868468001,-0.0051658083869640693,0,0
2020-01-24,0.0282641161252975,3133.2599999999666,1,0,0,FLAT,0,A,0.0282641161252975,1.1465707177886661,1.1789775257021107,0,0,0,3133.2599999999666,0.0282641161252975,0.032406807913444566,0,0
2020-01-27,0,0,0,0,1,ENTRY,0,A,0,1.1789775257021107,1.1789775257021107,0,0,0,0,0,0,0,0
2020-01-28,0.0055799090706437002,635.99999999996396,1,1,0,EXIT,0.010470719051149,B,0.010470719051149,1.1789775257021107,1.1913222681413562,1,635.99999999996396,0.0055799090706437002,0,0,0,0.012344742439245601,0.0065785873897502732
2020-01-29,0,0,0,0,0,FLAT,0,A,0,1.1913222681413562,1.1913222681413562,0,0,0,0,0,0,0,0
2020-01-30,0,0,0,0,0,FLAT,0,A,0,1.1913222681413562,1.1913222681413562,0,0,0,0,0,0,0,0
2020-01-31,0.036828543171486698,4220.8799999999737,1,0,0,FLAT,0,A,0.036828543171486698,1.1913222681413562,1.2351969317247538,0,0,0,4220.8799999999737,0.036828543171486698,0.043874663583397387,0,0
2020-02-03,-0.0089318034379117991,-1061.2999999999745,3,0,0,FLAT,0,A,-0.0089318034379117991,1.2351969317247538,1.2241643955234764,0,0,0,-1061.2999999999745,-0.0089318034379117991,-0.011032536201277261,0,0
2020-02-04,0.00039658388358469998,46.694999999957531,1,0,0,FLAT,0,A,0.00039658388358469998,1.2241643955234764,1.2246498793935992,0,0,0,46.694999999957531,0.00039658388358469998,0.00048548387012281699,0,0
2020-02-05,0,0,0,0,0,FLAT,0,A,0,1.2246498793935992,1.2246498793935992,0,0,0,0,0,0,0,0
2020-02-06,0,0,0,0,0,FLAT,0,A,0,1.2246498793935992,1.2246498793935992,0,0,0,0,0,0,0,0
2020-02-07,0,0,0,0,0,FLAT,0,A,0,1.2246498793935992,1.2246498793935992,0,0,0,0,0,0,0,0
2020-02-10,0.0040312840273840998,474.82000000001801,2,0,0,FLAT,0,A,0.0040312840273840998,1.2246498793935992,1.2295867908915366,0,0,0,474.82000000001801,0.0040312840273840998,0.0049369114979372804,0,0
2020-02-11,0,0,0,0,0,FLAT,0,A,0,1.2295867908915366,1.2295867908915366,0,0,0,0,0,0,0,0
2020-02-12,0,0,0,0,0,FLAT,0,A,0,1.2295867908915366,1.2295867908915366,0,0,0,0,0,0,0,0
2020-02-13,0,0,0,0,0,FLAT,0,A,0,1.2295867908915366,1.2295867908915366,0,0,0,0,0,0,0,0
2020-02-14,0,0,0,0,0,FLAT,0,A,0,1.2295867908915366,1.2295867908915366,0,0,0,0,0,0,0,0
2020-02-18,-0.0051637002057478001,-610.5999999999824,1,0,0,FLAT,0,A,-0.0051637002057478001,1.2295867908915366,1.2232375733264251,0,0,0,-610.5999999999824,-0.0051637002057478001,-0.0063492175651114046,0,0
2020-02-19,-0.0019822001032060999,-233.16999999993519,2,0,0,FLAT,0,A,-0.0019822001032060999,1.2232375733264251,1.2208128716823319,0,0,0,-233.16999999993519,-0.0019822001032060999,-0.0024247016440932189,0,0
2020-02-20,-0.0066728196089133997,-783.30000000002974,2,0,0,FLAT,0,A,-0.0066728196089133997,1.2208128716823319,1.2126666076133561,0,0,0,-783.30000000002974,-0.0066728196089133997,-0.0081462640689757421,0,0
2020-02-21,0.00094149483992720003,109.76999999999612,2,0,0,FLAT,0,A,0.00094149483992720003,1.2126666076133561,1.2138083269669759,0,0,0,109.76999999999612,0.00094149483992720003,0.0011417193536199975,0,0
2020-02-24,-0.0024295337516482998,-283.4999999999809,1,0,1,ENTRY,0,A,-0.0024295337516482998,1.2138083269669759,1.2108593386685778,0,0,0,-283.4999999999809,-0.0024295337516482998,-0.0029489882983980233,0,0
2020-02-25,0.042351168195839999,4929.6000000000204,1,1,1,HOLD,-0.030225997457916112,B,-0.030225997457916112,1.2108593386685778,1.1742599073760873,1,4929.6000000000204,0.042351168195839999,0,0,0,-0.036599431292490416,0.051281307513456525
2020-02-26,-0.0040115909013392001,-486.69999999999584,2,1,1,HOLD,-0.0030049229588900964,B,-0.0030049229588900964,1.1742599073760873,1.1707313468207088,2,-486.69999999999584,-0.0040115909013392001,0,0,0,-0.0035285605553785626,-0.0047106503602373237
2020-02-27,0.0089842204712062002,1085.5500000000077,2,1,1,HOLD,-0.042195716301141467,B,-0.042195716301141467,1.1707313468207088,1.1213314990454089,2,1085.5500000000077,0.0089842204712062002,0,0,0,-0.049399847775299884,0.010518108532389417
2020-02-28,-0.0088637742875240996,-1080.5399999999963,1,1,0,EXIT,-0.019181842528119979,B,-0.019181842528119979,1.1213314990454089,1.0998222948088991,1,-1080.5399999999963,-0.0088637742875240996,0,0,0,-0.021509204236509753,-0.0099392293090295493
2020-03-02,0.040518209311749799,4895.4499999999844,1,0,0,FLAT,0,A,0.040518209311749799,1.0998222948088991,1.1443851247556951,0,0,0,4895.4499999999844,0.040518209311749799,0.044562829946795973,0,0
2020-03-03,-0.020755139822222098,-2609.1899999999878,3,0,0,FLAT,0,A,-0.020755139822222098,1.1443851247556951,1.1206332514809196,0,0,0,-2609.1899999999878,-0.020755139822222098,-0.023751873274775532,0,0
2020-03-04,0.011742078638099699,1445.4000000000133,1,0,0,FLAT,0,A,0.011742078638099699,1.1206332514809196,1.1337918152442781,0,0,0,1445.4000000000133,0.011742078638099699,0.013158563763358314,0,0
2020-03-05,-0.0019370701598638001,-241.24000000000296,1,0,0,FLAT,0,A,-0.0019370701598638001,1.1337918152442781,1.1315955809514706,0,0,0,-241.24000000000296,-0.0019370701598638001,-0.0021962342928075018,0,0
2020-03-06,0,0,0,0,0,FLAT,0,A,0,1.1315955809514706,1.1315955809514706,0,0,0,0,0,0,0,0
2020-03-09,0,0,0,0,1,ENTRY,0,A,0,1.1315955809514706,1.1315955809514706,0,0,0,0,0,0,0,0
2020-03-10,0,0,0,1,0,EXIT,0.042248160365389496,B,0.042248160365389496,1.1315955809514706,1.1794034125242745,0,0,0,0,0,0,0.04780783157280382,0
2020-03-11,0.0029781550073483,370.16999999998814,2,0,0,FLAT,0,A,0.0029781550073483,1.1794034125242745,1.1829158587029673,0,0,0,370.16999999998814,0.0029781550073483,0.0035124461786928407,0,0
2020-03-12,-0.0045159791557604001,-562.96999999999798,2,0,0,FLAT,0,A,-0.0045159791557604001,1.1829158587029673,1.1775738353420464,0,0,0,-562.96999999999798,-0.0045159791557604001,-0.0053420233609210149,0,0
2020-03-13,0,0,0,0,0,FLAT,0,A,0,1.1775738353420464,1.1775738353420464,0,0,0,0,0,0,0,0
2020-03-16,0,0,0,0,0,FLAT,0,A,0,1.1775738353420464,1.1775738353420464,0,0,0,0,0,0,0,0
2020-03-17,0.0004681891048188,58.099999999999,2,0,0,FLAT,0,A,0.0004681891048188,1.1775738353420464,1.1781251625818732,0,0,0,58.099999999999,0.0004681891048188,0.00055132723982683374,0,0
2020-03-18,-0.014934885869402901,-1854.1800000000017,2,0,0,FLAT,0,A,-0.014934885869402901,1.1781251625818732,1.160529997738841,0,0,0,-1854.1800000000017,-0.014934885869402901,-0.017595164843032012,0,0
2020-03-19,0,0,0,0,0,FLAT,0,A,0,1.160529997738841,1.160529997738841,0,0,0,0,0,0,0,0
2020-03-20,0.0057445806203068996,702.53000000000486,2,0,1,ENTRY,0,A,0.0057445806203068996,1.160529997738841,1.1671967558731364,0,0,0,702.53000000000486,0.0057445806203068996,0.0066667581342953561,0,0
2020-03-23,-0.0043809225801958998,-538.82999999999538,2,1,0,EXIT,-0.021756225425950196,B,-0.021756225425950196,1.1671967558731364,1.1418029601359228,2,-538.82999999999538,-0.0043809225801958998,0,0,0,-0.025393795737213714,-0.0051133986233360242
2020-03-24,0.00027496187527429998,33.670000000003711,3,0,0,FLAT,0,A,0.00027496187527429998,1.1418029601359228,1.1421169124190353,0,0,0,33.670000000003711,0.00027496187527429998,0.00031395228311272011,0,0
2020-03-25,-0.0047849684585440002,-586.07999999999902,1,0,0,FLAT,0,A,-0.0047849684585440002,1.1421169124190353,1.1366519190171405,0,0,0,-586.07999999999902,-0.0047849684585440002,-0.0054649934018947445,0,0
2020-03-26,0.0093426817467195007,1138.8399999999974,1,0,0,FLAT,0,A,0.0093426817467195007,1.1366519190171405,1.1472712961533156,0,0,0,1138.8399999999974,0.0093426817467195007,0.010619377136175131,0,0
2020-03-27,0,0,0,0,0,FLAT,0,A,0,1.1472712961533156,1.1472712961533156,0,0,0,0,0,0,0,0
2020-03-30,0,0,0,0,0,FLAT,0,A,0,1.1472712961533156,1.1472712961533156,0,0,0,0,0,0,0,0
2020-03-31,0,0,0,0,0,FLAT,0,A,0,1.1472712961533156,1.1472712961533156,0,0,0,0,0,0,0,0
2020-04-01,0,0,0,0,0,FLAT,0,A,0,1.1472712961533156,1.1472712961533156,0,0,0,0,0,0,0,0
2020-04-02,-0.0045388147132015,-558.43000000000302,2,0,0,FLAT,0,A,-0.0045388147132015,1.1472712961533156,1.1420640443143011,0,0,0,-558.43000000000302,-0.0045388147132015,-0.0052072518390144243,0,0
2020-04-03,-0.00033239800025240001,-40.709999999998182,1,0,0,FLAT,0,A,-0.00033239800025240001,1.1420640443143011,1.1416844245098108,0,0,0,-40.709999999998182,-0.00033239800025240001,-0.00037961980449024204,0,0
2020-04-06,-0.00094044261996440001,-115.1400000000101,1,0,0,FLAT,0,A,-0.00094044261996440001,1.1416844245098108,1.1406107358184523,0,0,0,-115.1400000000101,-0.00094044261996440001,-0.0010736886913585548,0,0
2020-04-07,0,0,0,0,0,FLAT,0,A,0,1.1406107358184523,1.1406107358184523,0,0,0,0,0,0,0,0
2020-04-08,0.0025475174548683999,311.59999999999627,1,0,0,FLAT,0,A,0.0025475174548683999,1.1406107358184523,1.14351646157716,0,0,0,311.59999999999627,0.0025475174548683999,0.0029057257587077963,0,0
2020-04-09,-0.0023735717295520998,-291.05999999999415,1,0,0,FLAT,0,A,-0.0023735717295520998,1.14351646157716,1.1408022432316831,0,0,0,-291.05999999999415,-0.0023735717295520998,-0.0027142183454769968,0,0
2020-04-13,0.0011976338952611001,146.51000000001602,2,0,0,FLAT,0,A,0.0011976338952611001,1.1408022432316831,1.1421685066659673,0,0,0,146.51000000001602,0.0011976338952611001,0.0013662634342841615,0,0
2020-04-14,0.00030536518381459998,37.399999999991003,1,0,0,FLAT,0,A,0.00030536518381459998,1.1421685066659673,1.1425172851619525,0,0,0,37.399999999991003,0.00030536518381459998,0.00034877849598530025,0,0
2020-04-15,0,0,0,0,0,FLAT,0,A,0,1.1425172851619525,1.1425172851619525,0,0,0,0,0,0,0,0
2020-04-16,0,0,0,0,0,FLAT,0,A,0,1.1425172851619525,1.1425172851619525,0,0,0,0,0,0,0,0
2020-04-17,0,0,0,0,0,FLAT,0,A,0,1.1425172851619525,1.1425172851619525,0,0,0,0,0,0,0,0
2020-04-20,0,0,0,0,0,FLAT,0,A,0,1.1425172851619525,1.1425172851619525,0,0,0,0,0,0,0,0
2020-04-21,-0.0038464751015301001,-471.24000000000632,2,0,0,FLAT,0,A,-0.0038464751015301001,1.1425172851619525,1.1381226208715092,0,0,0,-471.24000000000632,-0.0038464751015301001,-0.0043946642904432159,0,0
2020-04-22,0,0,0,0,0,FLAT,0,A,0,1.1381226208715092,1.1381226208715092,0,0,0,0,0,0,0,0
2020-04-23,0.0014335448411177999,174.94499999998686,1,0,0,FLAT,0,A,0.0014335448411177999,1.1381226208715092,1.139754170683219,0,0,0,174.94499999998686,0.0014335448411177999,0.0016315498117098217,0,0
2020-04-24,0,0,0,0,0,FLAT,0,A,0,1.139754170683219,1.139754170683219,0,0,0,0,0,0,0,0
2020-04-27,-0.0013604524714684999,-166.25999999999704,1,0,0,FLAT,0,A,-0.0013604524714684999,1.139754170683219,1.1382035893048466,0,0,0,-166.25999999999704,-0.0013604524714684999,-0.0015505813783725159,0,0
2020-04-28,0,0,0,0,0,FLAT,0,A,0,1.1382035893048466,1.1382035893048466,0,0,0,0,0,0,0,0
2020-04-29,-0.0046804020022845998,-571.20000000001392,2,0,0,FLAT,0,A,-0.0046804020022845998,1.1382035893048466,1.1328763389464567,0,0,0,-571.20000000001392,-0.0046804020022845998,-0.0053272503583899223,0,0
2020-04-30,-0.0042029776307092002,-510.50999999999902,1,0,0,FLAT,0,A,-0.0042029776307092002,1.1328763389464567,1.1281148850355049,0,0,0,-510.50999999999902,-0.0042029776307092002,-0.0047614539109516914,0,0
2020-05-01,-0.0019421188395829,-234.9000000000089,1,0,0,FLAT,0,A,-0.0019421188395829,1.1281148850355049,1.1259239518640636,0,0,0,-234.9000000000089,-0.0019421188395829,-0.0021909331714413515,0,0
2020-05-04,0,0,0,0,0,FLAT,0,A,0,1.1259239518640636,1.1259239518640636,0,0,0,0,0,0,0,0
2020-05-05,-0.0052726550635475997,-636.47499999998536,3,0,0,FLAT,0,A,-0.0052726550635475997,1.1259239518640636,1.119987343238098,0,0,0,-636.47499999998536,-0.0052726550635475997,-0.0059366086259655783,0,0
2020-05-06,0,0,0,0,0,FLAT,0,A,0,1.119987343238098,1.119987343238098,0,0,0,0,0,0,0,0
2020-05-07,-0.0019402517076811999,-232.95999999999185,1,0,0,FLAT,0,A,-0.0019402517076811999,1.119987343238098,1.1178142858827991,0,0,0,-232.95999999999185,-0.0019402517076811999,-0.0021730573552990497,0,0
2020-05-08,0,0,0,0,0,FLAT,0,A,0,1.1178142858827991,1.1178142858827991,0,0,0,0,0,0,0,0
2020-05-11,0,0,0,0,0,FLAT,0,A,0,1.1178142858827991,1.1178142858827991,0,0,0,0,0,0,0,0
2020-05-12,0.01138655504261,1364.4599999999857,3,0,0,FLAT,0,A,0.01138655504261,1.1178142858827991,1.1305423397764194,0,0,0,1364.4599999999857,0.01138655504261,0.012728053893620282,0,0
2020-05-13,0.0064483450657378,781.43000000000256,2,0,1,ENTRY,0,A,0.0064483450657378,1.1305423397764194,1.1378324668947244,0,0,0,781.43000000000256,0.0064483450657378,0.0072901271183049409,0,0
2020-05-14,-0.014804801155836199,-1805.5399999999984,1,1,0,EXIT,0.0092664915145920616,B,0.0092664915145920616,1.1378324668947244,1.1483761817942317,1,-1805.5399999999984,-0.014804801155836199,0,0,0,0.010543714899507317,-0.016845383421030969
2020-05-15,0,0,0,0,0,FLAT,0,A,0,1.1483761817942317,1.1483761817942317,0,0,0,0,0,0,0,0
2020-05-18,-0.0013997866494760999,-168.18000000000126,2,0,0,FLAT,0,A,-0.0013997866494760999,1.1483761817942317,1.1467687001463798,0,0,0,-168.18000000000126,-0.0013997866494760999,-0.0016074816478519043,0,0
2020-05-19,0,0,0,0,0,FLAT,0,A,0,1.1467687001463798,1.1467687001463798,0,0,0,0,0,0,0,0
2020-05-20,0.0039689565846858996,476.15999999997439,1,0,0,FLAT,0,A,0.0039689565846858996,1.1467687001463798,1.1513201753299374,0,0,0,476.15999999997439,0.0039689565846858996,0.004551475183557664,0,0
2020-05-21,-0.0013004421137868,-156.62999999997248,2,0,0,FLAT,0,A,-0.0013004421137868,1.1513201753299374,1.1498229500874859,0,0,0,-156.62999999997248,-0.0013004421137868,-0.001497225242451453,0,0
2020-05-22,-0.00061822434411990001,-74.359999999997413,1,0,0,FLAT,0,A,-0.00061822434411990001,1.1498229500874859,1.1491121015483141,0,0,0,-74.359999999997413,-0.00061822434411990001,-0.00071084853917184447,0,0
2020-05-26,0,0,0,0,0,FLAT,0,A,0,1.1491121015483141,1.1491121015483141,0,0,0,0,0,0,0,0
2020-05-27,-0.0071954118879135999,-864.90000000000623,1,0,0,FLAT,0,A,-0.0071954118879135999,1.1491121015483141,1.1408437666722879,0,0,0,-864.90000000000623,-0.0071954118879135999,-0.0082683348760261184,0,0
2020-05-28,0,0,0,0,0,FLAT,0,A,0,1.1408437666722879,1.1408437666722879,0,0,0,0,0,0,0,0
2020-05-29,-0.0011983294683855,-142.999999999995,1,0,0,FLAT,0,A,-0.0011983294683855,1.1408437666722879,1.1394766599678605,0,0,0,-142.999999999995,-0.0011983294683855,-0.0013671067044273143,0,0
2020-06-01,0,0,0,0,0,FLAT,0,A,0,1.1394766599678605,1.1394766599678605,0,0,0,0,0,0,0,0
2020-06-02,0,0,0,0,0,FLAT,0,A,0,1.1394766599678605,1.1394766599678605,0,0,0,0,0,0,0,0
2020-06-03,-0.0013655973064812001,-162.76000000002989,1,0,0,FLAT,0,A,-0.0013655973064812001,1.1394766599678605,1.1379205937102101,0,0,0,-162.76000000002989,-0.0013655973064812001,-0.0015560662576503046,0,0
2020-06-04,0,0,0,0,0,FLAT,0,A,0,1.1379205937102101,1.1379205937102101,0,0,0,0,0,0,0,0
2020-06-05,0.0011126813672518001,132.42999999999842,1,0,0,FLAT,0,A,0.0011126813672518001,1.1379205937102101,1.1391867367522435,0,0,0,132.42999999999842,0.0011126813672518001,0.0012661430420334567,0,0
2020-06-08,0.0066095184619586996,787.4999999999942,1,0,0,FLAT,0,A,0.0066095184619586996,1.1391867367522435,1.146716212520426,0,0,0,787.4999999999942,0.0066095184619586996,0.0075294757681824385,0,0
2020-06-09,-0.0046153791634626004,-553.5200000000068,1,0,0,FLAT,0,A,-0.0046153791634626004,1.146716212520426,1.1414236824067545,0,0,0,-553.5200000000068,-0.0046153791634626004,-0.0052925301136715255,0,0
2020-06-10,-0.019179829184073301,-2289.5100000000075,2,0,0,FLAT,0,A,-0.019179829184073301,1.1414236824067545,1.1195313711515369,0,0,0,-2289.5100000000075,-0.019179829184073301,-0.021892311255217484,0,0
2020-06-11,0.053753947910571101,6293.0000000000036,1,0,1,ENTRY,0,A,0.053753947910571101,1.1195313711515369,1.1797106021606669,0,0,0,6293.0000000000036,0.053753947910571101,0.060179231009129953,0,0
2020-06-12,0,0,0,1,0,EXIT,0.012769778191613183,B,0.012769778191613183,1.1797106021606669,1.1947752448805531,0,0,0,0,0,0,0.01506464271988614,0
2020-06-15,-0.0063648057460314001,-785.1500000000085,1,0,0,FLAT,0,A,-0.0063648057460314001,1.1947752448805531,1.1871707325367213,0,0,0,-785.1500000000085,-0.0063648057460314001,-0.0076045123438318171,0,0
2020-06-16,0,0,0,0,0,FLAT,0,A,0,1.1871707325367213,1.1871707325367213,0,0,0,0,0,0,0,0
2020-06-17,-0.0052410040281790004,-642.39000000000544,1,0,0,FLAT,0,A,-0.0052410040281790004,1.1871707325367213,1.1809487659453601,0,0,0,-642.39000000000544,-0.0052410040281790004,-0.0062219665913611716,0,0
2020-06-18,0,0,0,0,0,FLAT,0,A,0,1.1809487659453601,1.1809487659453601,0,0,0,0,0,0,0,0
2020-06-19,-0.0041888099868212002,-510.72000000001191,2,0,1,ENTRY,0,A,-0.0041888099868212002,1.1809487659453601,1.176001995960644,0,0,0,-510.72000000001191,-0.0041888099868212002,-0.004946769984716097,0,0
2020-06-22,0,0,0,1,0,EXIT,0.0045908635349649219,B,0.0045908635349649219,1.176001995960644,1.1814008606409458,0,0,0,0,0,0,0.0053988646803016863,0
2020-06-23,0,0,0,0,0,FLAT,0,A,0,1.1814008606409458,1.1814008606409458,0,0,0,0,0,0,0,0
2020-06-24,0.01189043238368,1443.600000000009,1,0,0,FLAT,0,A,0.01189043238368,1.1814008606409458,1.1954482276924183,0,0,0,1443.600000000009,0.01189043238368,0.014047367051472526,0,0
2020-06-25,0,0,0,0,0,FLAT,0,A,0,1.1954482276924183,1.1954482276924183,0,0,0,0,0,0,0,0
2020-06-26,0.016779578692045001,2061.3600000000083,1,0,0,FLAT,0,A,0.016779578692045001,1.1954482276924183,1.215507345301249,0,0,0,2061.3600000000083,0.016779578692045001,0.020059117608830664,0,0
2020-06-29,0,0,0,0,0,FLAT,0,A,0,1.215507345301249,1.215507345301249,0,0,0,0,0,0,0,0
2020-06-30,0.0012174977633707001,152.07499999999641,1,0,0,FLAT,0,A,0.0012174977633707001,1.215507345301249,1.2169872227755141,0,0,0,152.07499999999641,0.0012174977633707001,0.001479877474264928,0,0
2020-07-01,-0.0020716930373991999,-259.07999999998094,1,0,0,FLAT,0,A,-0.0020716930373991999,1.2169872227755141,1.2144659988194864,0,0,0,-259.07999999998094,-0.0020716930373991999,-0.0025212239560278215,0,0
2020-07-02,-0.0067730867302070001,-845.2500000000158,1,0,0,FLAT,0,A,-0.0067730867302070001,1.2144659988194864,1.2062403152785945,0,0,0,-845.2500000000158,-0.0067730867302070001,-0.0082256835408918531,0,0
2020-07-06,0,0,0,0,0,FLAT,0,A,0,1.2062403152785945,1.2062403152785945,0,0,0,0,0,0,0,0
2020-07-07,0,0,0,0,0,FLAT,0,A,0,1.2062403152785945,1.2062403152785945,0,0,0,0,0,0,0,0
2020-07-08,-0.0024194384793745998,-299.87999999999465,1,0,0,FLAT,0,A,-0.0024194384793745998,1.2062403152785945,1.2033218910444365,0,0,0,-299.87999999999465,-0.0024194384793745998,-0.0029184242341579805,0,0
2020-07-09,-0.0138150738099206,-1708.1249999999841,2,0,0,FLAT,0,A,-0.0138150738099206,1.2033218910444365,1.1866979103025643,0,0,0,-1708.1249999999841,-0.0138150738099206,-0.016623980741872126,0,0
2020-07-10,-0.0028756838084034999,-350.62000000001854,2,0,0,FLAT,0,A,-0.0028756838084034999,1.1866979103025643,1.1832853423364409,0,0,0,-350.62000000001854,-0.0028756838084034999,-0.0034125679661233532,0,0
2020-07-13,-0.0044075219778076996,-535.81000000002564,2,0,0,FLAT,0,A,-0.0044075219778076996,1.1832853423364409,1.1780699861840753,0,0,0,-535.81000000002564,-0.0044075219778076996,-0.0052153561523655707,0,0
2020-07-14,0.0069068421191358,835.88999999997316,1,0,0,FLAT,0,A,0.0069068421191358,1.1780699861840753,1.1862067295839414,0,0,0,835.88999999997316,0.0069068421191358,0.0081367433998659009,0,0
2020-07-15,0,0,0,0,0,FLAT,0,A,0,1.1862067295839414,1.1862067295839414,0,0,0,0,0,0,0,0
2020-07-16,0,0,0,0,0,FLAT,0,A,0,1.1862067295839414,1.1862067295839414,0,0,0,0,0,0,0,0
2020-07-17,0,0,0,0,0,FLAT,0,A,0,1.1862067295839414,1.1862067295839414,0,0,0,0,0,0,0,0
2020-07-20,0.0070956212514545003,864.63999999999214,2,0,0,FLAT,0,A,0.0070956212514545003,1.1862067295839414,1.1946236032629955,0,0,0,864.63999999999214,0.0070956212514545003,0.0084168736790541567,0,0
2020-07-21,0,0,0,0,0,FLAT,0,A,0,1.1946236032629955,1.1946236032629955,0,0,0,0,0,0,0,0
2020-07-22,-0.0034508737299345001,-423.4499999999893,1,0,0,FLAT,0,A,-0.0034508737299345001,1.1946236032629955,1.1905011080533356,0,0,0,-423.4499999999893,-0.0034508737299345001,-0.0041224952096599659,0,0
2020-07-23,0.015561587002183601,1902.8399999999829,1,0,0,FLAT,0,A,0.015561587002183601,1.1905011080533356,1.2090271946225037,0,0,0,1902.8399999999829,0.015561587002183601,0.018526086569167963,0,0
2020-07-24,0,0,0,0,0,FLAT,0,A,0,1.2090271946225037,1.2090271946225037,0,0,0,0,0,0,0,0
2020-07-27,-0.00033050327023049998,-41.039999999962674,1,0,0,FLAT,0,A,-0.00033050327023049998,1.2090271946225037,1.2086276071808832,0,0,0,-41.039999999962674,-0.00033050327023049998,-0.00039958744162034464,0,0
2020-07-28,0,0,0,0,0,FLAT,0,A,0,1.2086276071808832,1.2086276071808832,0,0,0,0,0,0,0,0
2020-07-29,0.017369652021832702,2156.040000000045,1,0,0,FLAT,0,A,0.017369652021832702,1.2086276071808832,1.2296210481415955,0,0,0,2156.040000000045,0.017369652021832702,0.020993440960712248,0,0
2020-07-30,-0.0093189373031581993,-1176.7600000000086,1,0,0,FLAT,0,A,-0.0093189373031581993,1.2296210481415955,1.2181622866873203,0,0,0,-1176.7600000000086,-0.0093189373031581993,-0.011458761454275199,0,0
2020-07-31,-0.0017503805454887999,-218.9599999999632,2,0,0,FLAT,0,A,-0.0017503805454887999,1.2181622866873203,1.2160300391194547,0,0,0,-218.9599999999632,-0.0017503805454887999,-0.0021322475678656355,0,0
2020-08-03,0,0,0,0,0,FLAT,0,A,0,1.2160300391194547,1.2160300391194547,0,0,0,0,0,0,0,0
2020-08-04,-0.000335093938027,-41.839999999961947,1,0,0,FLAT,0,A,-0.000335093938027,1.2160300391194547,1.2156225548248871,0,0,0,-41.839999999961947,-0.000335093938027,-0.00040748429456766497,0,0
2020-08-05,0,0,0,0,0,FLAT,0,A,0,1.2156225548248871,1.2156225548248871,0,0,0,0,0,0,0,0
2020-08-06,0.0054665702352641003,682.28999999999508,1,0,0,FLAT,0,A,0.0054665702352641003,1.2156225548248871,1.2222678409004086,0,0,0,682.28999999999508,0.0054665702352641003,0.0066452860755214296,0,0
2020-08-07,0,0,0,0,0,FLAT,0,A,0,1.2222678409004086,1.2222678409004086,0,0,0,0,0,0,0,0
2020-08-10,-0.0101961925538869,-1279.4800000000275,1,0,0,FLAT,0,A,-0.0101961925538869,1.2222678409004086,1.2098053626421645,0,0,0,-1279.4800000000275,-0.0101961925538869,-0.012462478258244165,0,0
2020-08-11,0,0,0,0,0,FLAT,0,A,0,1.2098053626421645,1.2098053626421645,0,0,0,0,0,0,0,0
2020-08-12,0.0094612787737756998,1175.0800000000254,1,0,0,FLAT,0,A,0.0094612787737756998,1.2098053626421645,1.2212516684401309,0,0,0,1175.0800000000254,0.0094612787737756998,0.011446305797966324,0,0
2020-08-13,0,0,0,0,0,FLAT,0,A,0,1.2212516684401309,1.2212516684401309,0,0,0,0,0,0,0,0
2020-08-14,0,0,0,0,0,FLAT,0,A,0,1.2212516684401309,1.2212516684401309,0,0,0,0,0,0,0,0
2020-08-17,0,0,0,0,0,FLAT,0,A,0,1.2212516684401309,1.2212516684401309,0,0,0,0,0,0,0,0
2020-08-18,-0.0079829718934061999,-1000.8000000000144,1,0,0,FLAT,0,A,-0.0079829718934061999,1.2212516684401309,1.2115024506961978,0,0,0,-1000.8000000000144,-0.0079829718934061999,-0.0097492177439329926,0,0
2020-08-19,0,0,0,0,0,FLAT,0,A,0,1.2115024506961978,1.2115024506961978,0,0,0,0,0,0,0,0
2020-08-20,-0.0045727114923897003,-568.65000000001521,1,0,0,FLAT,0,A,-0.0045727114923897003,1.2115024506961978,1.205962599516841,0,0,0,-568.65000000001521,-0.0045727114923897003,-0.00553985117935679,0,0
2020-08-21,0,0,1,0,0,FLAT,0,A,0,1.205962599516841,1.205962599516841,0,0,0,0,0,0,0,0
2020-08-24,0,0,0,0,0,FLAT,0,A,0,1.205962599516841,1.205962599516841,0,0,0,0,0,0,0,0
2020-08-25,0,0,0,0,0,FLAT,0,A,0,1.205962599516841,1.205962599516841,0,0,0,0,0,0,0,0
2020-08-26,0.021880648598476798,2708.1599999999794,1,0,0,FLAT,0,A,0.021880648598476798,1.205962599516841,1.2323498433797746,0,0,0,2708.1599999999794,0.021880648598476798,0.026387243862933604,0,0
2020-08-27,-0.0110230764949988,-1394.0739999999871,2,0,0,FLAT,0,A,-0.0110230764949988,1.2323498433797746,1.2187655567875997,0,0,0,-1394.0739999999871,-0.0110230764949988,-0.013584286592175046,0,0
2020-08-28,0,0,0,0,0,FLAT,0,A,0,1.2187655567875997,1.2187655567875997,0,0,0,0,0,0,0,0
2020-08-31,-0.0063982809506718998,-800.15000000004193,1,0,0,FLAT,0,A,-0.0063982809506718998,1.2187655567875997,1.2109675523422707,0,0,0,-800.15000000004193,-0.0063982809506718998,-0.0077980044453291302,0,0
2020-09-01,0.015823159086306899,1965.9999999999848,2,0,0,FLAT,0,A,0.015823159086306899,1.2109675523422707,1.2301288845713383,0,0,0,1965.9999999999848,0.015823159086306899,0.019161332229067424,0,0
2020-09-02,0.023388516572131399,2951.5199999999768,1,0,0,FLAT,0,A,0.023388516572131399,1.2301288845713383,1.2588997743739927,0,0,0,2951.5199999999768,0.023388516572131399,0.02877088980265426,0,0
2020-09-03,0.075664227522972999,9771.0400000000027,1,0,0,FLAT,0,A,0.075664227522972999,1.2588997743739927,1.3541534533308459,0,0,0,9771.0400000000027,0.075664227522972999,0.095253678956853161,0,0
2020-09-04,-0.0015287454908884,-212.34000000000609,2,0,0,FLAT,0,A,-0.0015287454908884,1.3541534533308459,1.3520832973450954,0,0,0,-212.34000000000609,-0.0015287454908884,-0.0020701559857504862,0,0
2020-09-08,-0.0052271476827070998,-724.88000000001421,1,0,1,ENTRY,0,A,-0.0052271476827070998,1.3520832973450954,1.3450157582705511,0,0,0,-724.88000000001421,-0.0052271476827070998,-0.00706753907454439,0,0
2020-09-09,0.0051118459512497997,705.15999999998292,1,1,0,EXIT,0.021422142214221424,B,0.021422142214221424,1.3450157582705511,1.3738288771245917,1,705.15999999998292,0.0051118459512497997,0,0,0,0.028813118854040611,0.0068755133582824954
2020-09-10,0.014713586196601999,2040,1,0,0,FLAT,0,A,0.014713586196601999,1.3738288771245917,1.3940428267275451,0,0,0,2040,0.014713586196601999,0.020213949602953616,0,0
2020-09-11,-0.0042178702330251004,-593.38500000000977,1,0,0,FLAT,0,A,-0.0042178702330251004,1.3940428267275451,1.3881629349851288,0,0,0,-593.38500000000977,-0.0042178702330251004,-0.0058798917424162803,0,0
2020-09-14,-0.0005621530070409,-78.749999999988063,1,0,0,FLAT,0,A,-0.0005621530070409,1.3881629349851288,1.3873825750169642,0,0,0,-78.749999999988063,-0.0005621530070409,-0.00078035996816461152,0,0
2020-09-15,0,0,0,0,0,FLAT,0,A,0,1.3873825750169642,1.3873825750169642,0,0,0,0,0,0,0,0
2020-09-16,0,0,0,0,0,FLAT,0,A,0,1.3873825750169642,1.3873825750169642,0,0,0,0,0,0,0,0
2020-09-17,0,0,0,0,0,FLAT,0,A,0,1.3873825750169642,1.3873825750169642,0,0,0,0,0,0,0,0
2020-09-18,0.0085962549453322008,1203.51,2,0,1,ENTRY,0,A,0.0085962549453322008,1.3873825750169642,1.3993088693385214,0,0,0,1203.51,0.0085962549453322008,0.0119262943215573,0,0
2020-09-21,-0.0046130303447184003,-651.36000000000377,1,1,0,EXIT,-0.012952858848601182,B,-0.012952858848601182,1.3993088693385214,1.3811838190683838,1,-651.36000000000377,-0.0046130303447184003,0,0,0,-0.018125050270137583,-0.0064550542758921945
2020-09-22,0,0,0,0,0,FLAT,0,A,0,1.3811838190683838,1.3811838190683838,0,0,0,0,0,0,0,0
2020-09-23,0.0106686265826368,1499.420000000001,2,0,0,FLAT,0,A,0.0106686265826368,1.3811838190683838,1.3959191534760045,0,0,0,1499.420000000001,0.0106686265826368,0.014735334407620777,0,0
2020-09-24,-0.0064124254951559,-910.79999999998734,1,0,0,FLAT,0,A,-0.0064124254951559,1.3959191534760045,1.3869679259070786,0,0,0,-910.79999999998734,-0.0064124254951559,-0.0089512275689259731,0,0
2020-09-25,0.010258352637306,1447.6799999999955,1,0,0,FLAT,0,A,0.010258352637306,1.3869679259070786,1.4011959319876661,0,0,0,1447.6799999999955,0.010258352637306,0.014228006080587713,0,0
2020-09-28,0,0,0,0,0,FLAT,0,A,0,1.4011959319876661,1.4011959319876661,0,0,0,0,0,0,0,0
2020-09-29,-0.0022071977555617002,-314.66999999999439,1,0,0,FLAT,0,A,-0.0022071977555617002,1.4011959319876661,1.3981032154714808,0,0,0,-314.66999999999439,-0.0022071977555617002,-0.0030927165161853615,0,0
2020-09-30,-0.0054066747293431,-769.08000000001653,1,0,0,FLAT,0,A,-0.0054066747293431,1.3981032154714808,1.3905441261473779,0,0,0,-769.08000000001653,-0.0054066747293431,-0.0075590893241029864,0,0
2020-10-01,0,0,0,0,0,FLAT,0,A,0,1.3905441261473779,1.3905441261473779,0,0,0,0,0,0,0,0
2020-10-02,0,0,0,0,0,FLAT,0,A,0,1.3905441261473779,1.3905441261473779,0,0,0,0,0,0,0,0
2020-10-05,0.0066113119963885003,935.31999999998243,2,0,0,FLAT,0,A,0.0066113119963885003,1.3905441261473779,1.3997374472100834,0,0,0,935.31999999998243,0.0066113119963885003,0.0091933210627057234,0,0
2020-10-06,0.0076356289387430002,1087.3000000000163,1,0,0,FLAT,0,A,0.0076356289387430002,1.3997374472100834,1.410425322968643,0,0,0,1087.3000000000163,0.0076356289387430002,0.010687875758559565,0,0
2020-10-07,-0.0032352729445129002,-464.20000000000579,2,0,0,FLAT,0,A,-0.0032352729445129002,1.410425322968643,1.4058622120809867,0,0,0,-464.20000000000579,-0.0032352729445129002,-0.0045631108876563195,0,0
2020-10-08,0,0,0,0,0,FLAT,0,A,0,1.4058622120809867,1.4058622120809867,0,0,0,0,0,0,0,0
2020-10-09,0,0,0,0,0,FLAT,0,A,0,1.4058622120809867,1.4058622120809867,0,0,0,0,0,0,0,0
2020-10-12,0.0031675161229142998,452.97999999998689,1,0,0,FLAT,0,A,0.0031675161229142998,1.4058622120809867,1.4103153033043492,0,0,0,452.97999999998689,0.0031675161229142998,0.0044530912233624884,0,0
2020-10-13,-0.0045029897153192004,-645.98300000002746,1,0,0,FLAT,0,A,-0.0045029897153192004,1.4103153033043492,1.4039646679982125,0,0,0,-645.98300000002746,-0.0045029897153192004,-0.0063506353061367629,0,0
2020-10-14,-0.0018264978378162999,-260.83500000002061,2,0,0,FLAT,0,A,-0.0018264978378162999,1.4039646679982125,1.4014003295677433,0,0,0,-260.83500000002061,-0.0018264978378162999,-0.0025643384304692143,0,0
2020-10-15,0,0,0,0,0,FLAT,0,A,0,1.4014003295677433,1.4014003295677433,0,0,0,0,0,0,0,0
2020-10-16,-0.0043233685475210001,-616.23000000002685,1,0,1,ENTRY,0,A,-0.0043233685475210001,1.4014003295677433,1.3953415594604046,0,0,0,-616.23000000002685,-0.0043233685475210001,-0.0060587701073387453,0,0
2020-10-19,0.0152143602894994,2159.1200000000072,1,1,1,HOLD,-0.017627099148838279,B,-0.017627099148838279,1.3953415594604046,1.3707457354453014,1,2159.1200000000072,0.0152143602894994,0,0,0,-0.024595824015103174,0.021229229212542545
2020-10-20,-0.0050040641188506003,-720.91999999997154,2,1,1,HOLD,0.0064689869156689984,B,0.0064689869156689984,1.3707457354453014,1.3796130716726063,2,-720.91999999997154,-0.0050040641188506003,0,0,0,0.008867336227304734,-0.0068592995508093106
2020-10-21,-0.0065654977098930003,-941.06999999998641,1,1,1,HOLD,-0.0022394136807817591,B,-0.0022394136807817591,1.3796130716726063,1.3765235472857174,1,-941.06999999998641,-0.0065654977098930003,0,0,0,-0.0030895243868889802,-0.0090578464626049435
2020-10-22,0,0,0,1,0,EXIT,0.0039350569854548637,B,0.0039350569854548637,1.3765235472857174,1.381940245886107,0,0,0,0,0,0,0.0054166986003897702,0
2020-10-23,0,0,0,0,0,FLAT,0,A,0,1.381940245886107,1.381940245886107,0,0,0,0,0,0,0,0
2020-10-26,-5.9695450246933206e-05,-8.5000000000405862,1,0,0,FLAT,0,A,-5.9695450246933206e-05,1.381940245886107,1.3818577503409144,0,0,0,-8.5000000000405862,-5.9695450246933206e-05,-8.2495545192528739e-05,0,0
2020-10-27,0,0,0,0,0,FLAT,0,A,0,1.3818577503409144,1.3818577503409144,0,0,0,0,0,0,0,0
2020-10-28,0.012134998934257801,1727.7199999999957,1,0,1,ENTRY,0,A,0.012134998934257801,1.3818577503409144,1.3986265926685972,0,0,0,1727.7199999999957,0.012134998934257801,0.01676884232768288,0,0
2020-10-29,0.0107205428416153,1544.7900000000254,1,1,0,EXIT,0.015383201054147642,B,0.015383201054147642,1.3986265926685972,1.4201419467432959,1,1544.7900000000254,0.0107205428416153,0,0,0,0.021515354074698491,0.014994036306126127
2020-10-30,-0.011348213041480801,-1652.7099999999891,2,0,0,FLAT,0,A,-0.011348213041480801,1.4201419467432959,1.4040258733825097,0,0,0,-1652.7099999999891,-0.011348213041480801,-0.016116073360786205,0,0
2020-11-02,0.0015328509887206001,220.68999999997231,1,0,0,FLAT,0,A,0.0015328509887206001,1.4040258733825097,1.4061780358307134,0,0,0,220.68999999997231,0.0015328509887206001,0.0021521624482036842,0,0
2020-11-03,-0.0039352539960182996,-567.42000000004157,3,0,0,FLAT,0,A,-0.0039352539960182996,1.4061780358307134,1.4006443680960974,0,0,0,-567.42000000004157,-0.0039352539960182996,-0.0055336677346159791,0,0
2020-11-04,0.0071351094975565998,1024.649999999986,1,0,0,FLAT,0,A,0.0071351094975565998,1.4006443680960974,1.4106381190295991,0,0,0,1024.649999999986,0.0071351094975565998,0.0099937509335016259,0,0
2020-11-05,-0.0016799759663246999,-242.96999999999628,1,0,0,FLAT,0,A,-0.0016799759663246999,1.4106381190295991,1.4082682808924478,0,0,0,-242.96999999999628,-0.0016799759663246999,-0.0023698381371512079,0,0
2020-11-06,-0.0044402186595057002,-641.0800000000047,1,0,0,FLAT,0,A,-0.0044402186595057002,1.4082682808924478,1.4020152617940391,0,0,0,-641.0800000000047,-0.0044402186595057002,-0.0062530190984086617,0,0
2020-11-09,0,0,0,0,0,FLAT,0,A,0,1.4020152617940391,1.4020152617940391,0,0,0,0,0,0,0,0
2020-11-10,0,0,0,0,0,FLAT,0,A,0,1.4020152617940391,1.4020152617940391,0,0,0,0,0,0,0,0
2020-11-11,0,0,0,0,0,FLAT,0,A,0,1.4020152617940391,1.4020152617940391,0,0,0,0,0,0,0,0
2020-11-12,-0.0078642324727700996,-1130.3699999999787,2,0,0,FLAT,0,A,-0.0078642324727700996,1.4020152617940391,1.3909894878449192,0,0,0,-1130.3699999999787,-0.0078642324727700996,-0.011025773949119955,0,0
2020-11-13,0,0,0,0,0,FLAT,0,A,0,1.3909894878449192,1.3909894878449192,0,0,0,0,0,0,0,0
2020-11-16,0,0,0,0,0,FLAT,0,A,0,1.3909894878449192,1.3909894878449192,0,0,0,0,0,0,0,0
2020-11-17,0,0,0,0,0,FLAT,0,A,0,1.3909894878449192,1.3909894878449192,0,0,0,0,0,0,0,0
2020-11-18,0,0,0,0,0,FLAT,0,A,0,1.3909894878449192,1.3909894878449192,0,0,0,0,0,0,0,0
2020-11-19,0,0,0,0,0,FLAT,0,A,0,1.3909894878449192,1.3909894878449192,0,0,0,0,0,0,0,0
2020-11-20,0,0,0,0,0,FLAT,0,A,0,1.3909894878449192,1.3909894878449192,0,0,0,0,0,0,0,0
2020-11-23,0,0,0,0,0,FLAT,0,A,0,1.3909894878449192,1.3909894878449192,0,0,0,0,0,0,0,0
2020-11-24,0.0047805044787433996,681.69000000000506,1,0,0,FLAT,0,A,0.0047805044787433996,1.3909894878449192,1.3976391193214468,0,0,0,681.69000000000506,0.0047805044787433996,0.0066496314765276234,0,0
2020-11-25,0.00049562210939459997,71.010000000025101,2,0,0,FLAT,0,A,0.00049562210939459997,1.3976391193214468,1.3983318201699373,0,0,0,71.010000000025101,0.00049562210939459997,0.00069270084849050646,0,0
2020-11-27,0,0,0,0,0,FLAT,0,A,0,1.3983318201699373,1.3983318201699373,0,0,0,0,0,0,0,0
2020-11-30,-0.0030372322789350001,-435.34000000000401,2,0,0,FLAT,0,A,-0.0030372322789350001,1.3983318201699373,1.3940847616290553,0,0,0,-435.34000000000401,-0.0030372322789350001,-0.0042470585408820654,0,0
2020-12-01,-0.0075129757795455001,-1073.5049999999819,3,0,0,FLAT,0,A,-0.0075129757795455001,1.3940847616290553,1.3836110365803027,0,0,0,-1073.5049999999819,-0.0075129757795455001,-0.010473725048752554,0,0
2020-12-02,0,0,0,0,0,FLAT,0,A,0,1.3836110365803027,1.3836110365803027,0,0,0,0,0,0,0,0
2020-12-03,-0.0001821648123549,-25.829999999976508,1,0,0,FLAT,0,A,-0.0001821648123549,1.3836110365803027,1.3833589913354518,0,0,0,-25.829999999976508,-0.0001821648123549,-0.00025204524485081953,0,0
2020-12-04,0.011097409351687701,1573.1999999999812,1,0,0,FLAT,0,A,0.011097409351687701,1.3833589913354518,1.3987106923426393,0,0,0,1573.1999999999812,0.011097409351687701,0.015351701007187307,0,0
2020-12-07,0,0,0,0,0,FLAT,0,A,0,1.3987106923426393,1.3987106923426393,0,0,0,0,0,0,0,0
2020-12-08,-0.0035343159042067998,-506.57200000001922,2,0,0,FLAT,0,A,-0.0035343159042067998,1.3987106923426393,1.3937672068973086,0,0,0,-506.57200000001922,-0.0035343159042067998,-0.0049434854453306943,0,0
2020-12-09,0.0105797561860848,1510.8800000000167,1,0,0,FLAT,0,A,0.0105797561860848,1.3937672068973086,1.4085129241264425,0,0,0,1510.8800000000167,0.0105797561860848,0.014745717229133933,0,0
2020-12-10,0,0,0,0,0,FLAT,0,A,0,1.4085129241264425,1.4085129241264425,0,0,0,0,0,0,0,0
2020-12-11,0,0,0,0,0,FLAT,0,A,0,1.4085129241264425,1.4085129241264425,0,0,0,0,0,0,0,0
2020-12-14,-0.0131094419746724,-1891.849999999992,1,0,1,ENTRY,0,A,-0.0131094419746724,1.4085129241264425,1.3900481056770306,0,0,0,-1891.849999999992,-0.0131094419746724,-0.018464818449411745,0,0
2020-12-15,-0.0044212649869409997,-629.63999999995758,1,1,0,EXIT,0.011562911003945638,B,0.011562911003945638,1.3900481056770306,1.4061211082141774,1,-629.63999999995758,-0.0044212649869409997,0,0,0,0.016073002537146726,-0.0061457710197935179
2020-12-16,0,0,0,0,0,FLAT,0,A,0,1.4061211082141774,1.4061211082141774,0,0,0,0,0,0,0,0
2020-12-17,0,0,0,0,0,FLAT,0,A,0,1.4061211082141774,1.4061211082141774,0,0,0,0,0,0,0,0
2020-12-18,0.0018174709681635,257.66999999997489,1,0,0,FLAT,0,A,0.0018174709681635,1.4061211082141774,1.4086766925060785,0,0,0,257.66999999997489,0.0018174709681635,0.0025555842919011544,0,0
2020-12-21,-0.016145834396834698,-2293.0799999999967,1,0,0,FLAT,0,A,-0.016145834396834698,1.4086766925060785,1.3859324319101944,0,0,0,-2293.0799999999967,-0.016145834396834698,-0.022744260595883976,0,0
2020-12-22,0,0,0,0,1,ENTRY,0,A,0,1.3859324319101944,1.3859324319101944,0,0,0,0,0,0,0,0
2020-12-23,0,0,0,1,1,HOLD,0.0028460543337645535,B,0.0028460543337645535,1.3859324319101944,1.3898768709143372,0,0,0,0,0,0,0.0039444390041428563,0
2020-12-24,0,0,0,1,0,EXIT,0.0014936722611482267,B,0.0014936722611482267,1.3898768709143372,1.3919528914428334,0,0,0,0,0,0,0.0020760205284962399,0
2020-12-28,0,0,0,0,0,FLAT,0,A,0,1.3919528914428334,1.3919528914428334,0,0,0,0,0,0,0,0
2020-12-29,0,0,0,0,0,FLAT,0,A,0,1.3919528914428334,1.3919528914428334,0,0,0,0,0,0,0,0
2020-12-30,0,0,0,0,0,FLAT,0,A,0,1.3919528914428334,1.3919528914428334,0,0,0,0,0,0,0,0
2020-12-31,0,0,0,0,0,FLAT,0,A,0,1.3919528914428334,1.3919528914428334,0,0,0,0,0,0,0,0
2021-01-04,0.034165068870926997,4773.599999999954,1,0,0,FLAT,0,A,0.034165068870926997,1.3919528914428334,1.4395090578440637,0,0,0,4773.599999999954,0.034165068870926997,0.047556166401230372,0,0
2021-01-05,-0.0097738206754933998,-1412.1800000000001,3,0,0,FLAT,0,A,-0.0097738206754933998,1.4395090578440637,1.4254395544519474,0,0,0,-1412.1800000000001,-0.0097738206754933998,-0.014069503392116335,0,0
2021-01-06,0.0074912176270236002,1071.6200000000306,2,0,0,FLAT,0,A,0.0074912176270236002,1.4254395544519474,1.4361178323685144,0,0,0,1071.6200000000306,0.0074912176270236002,0.010678277916567095,0,0
2021-01-07,0.010264446354533101,1479.1699999999971,1,0,0,FLAT,0,A,0.010264446354533101,1.4361178323685144,1.4508587868176495,0,0,0,1479.1699999999971,0.010264446354533101,0.014740954449134976,0,0
2021-01-08,0,0,0,0,0,FLAT,0,A,0,1.4508587868176495,1.4508587868176495,0,0,0,0,0,0,0,0
2021-01-11,0,0,0,0,0,FLAT,0,A,0,1.4508587868176495,1.4508587868176495,0,0,0,0,0,0,0,0
2021-01-12,0,0,0,0,0,FLAT,0,A,0,1.4508587868176495,1.4508587868176495,0,0,0,0,0,0,0,0
2021-01-13,0,0,0,0,0,FLAT,0,A,0,1.4508587868176495,1.4508587868176495,0,0,0,0,0,0,0,0
2021-01-14,0,0,0,0,0,FLAT,0,A,0,1.4508587868176495,1.4508587868176495,0,0,0,0,0,0,0,0
2021-01-15,-0.0149756175843439,-2180.0999999999872,1,0,0,FLAT,0,A,-0.0149756175843439,1.4508587868176495,1.4291312804573832,0,0,0,-2180.0999999999872,-0.0149756175843439,-0.021727506360266248,0,0
2021-01-19,0,0,0,0,0,FLAT,0,A,0,1.4291312804573832,1.4291312804573832,0,0,0,0,0,0,0,0
2021-01-20,0.0047800835195474997,685.41000000001611,1,0,0,FLAT,0,A,0.0047800835195474997,1.4291312804573832,1.4359626473383673,0,0,0,685.41000000001611,0.0047800835195474997,0.006831366880984153,0,0
2021-01-21,0,0,0,0,0,FLAT,0,A,0,1.4359626473383673,1.4359626473383673,0,0,0,0,0,0,0,0
2021-01-22,0,0,0,0,0,FLAT,0,A,0,1.4359626473383673,1.4359626473383673,0,0,0,0,0,0,0,0
2021-01-25,-0.0147796555458583,-2129.2599999999829,1,0,0,FLAT,0,A,-0.0147796555458583,1.4359626473383673,1.4147396140339876,0,0,0,-2129.2599999999829,-0.0147796555458583,-0.021223033304379867,0,0
2021-01-26,0,0,0,0,0,FLAT,0,A,0,1.4147396140339876,1.4147396140339876,0,0,0,0,0,0,0,0
2021-01-27,0.0093600325075971005,1328.4800000000218,3,0,0,FLAT,0,A,0.0093600325075971005,1.4147396140339876,1.4279816228111311,0,0,0,1328.4800000000218,0.0093600325075971005,0.0132420087771435,0,0
2021-01-28,0.00081159316114539997,116.25000000002645,1,0,0,FLAT,0,A,0.00081159316114539997,1.4279816228111311,1.4291405629304459,0,0,0,116.25000000002645,0.00081159316114539997,0.0011589401193148241,0,0
2021-01-29,-5.831977003365319e-05,-8.3599999999923966,1,0,0,FLAT,0,A,-5.831977003365319e-05,1.4291405629304459,1.42905721578147,0,0,0,-8.3599999999923966,-5.831977003365319e-05,-8.3347148975869266e-05,0,0
2021-02-01,-0.0002563952224284,-36.750000000008363,1,0,0,FLAT,0,A,-0.0002563952224284,1.42905721578147,1.4286908123387669,0,0,0,-36.750000000008363,-0.0002563952224284,-0.00036640344270320001,0,0
2021-02-02,0.0023134657616035001,331.5,1,0,0,FLAT,0,A,0.0023134657616035001,1.4286908123387669,1.4319960396170301,0,0,0,331.5,0.0023134657616035001,0.0033052272782632289,0,0
2021-02-03,0,0,0,0,0,FLAT,0,A,0,1.4319960396170301,1.4319960396170301,0,0,0,0,0,0,0,0
2021-02-04,0.0038089139127381998,547.02999999996177,3,0,0,FLAT,0,A,0.0038089139127381998,1.4319960396170301,1.4374503892553134,0,0,0,547.02999999996177,0.0038089139127381998,0.0054543496382833088,0,0
2021-02-05,0,0,0,0,0,FLAT,0,A,0,1.4374503892553134,1.4374503892553134,0,0,0,0,0,0,0,0
2021-02-08,0,0,0,0,0,FLAT,0,A,0,1.4374503892553134,1.4374503892553134,0,0,0,0,0,0,0,0
2021-02-09,0,0,0,0,0,FLAT,0,A,0,1.4374503892553134,1.4374503892553134,0,0,0,0,0,0,0,0
2021-02-10,-0.0026721735270083999,-385.1999999999781,1,0,0,FLAT,0,A,-0.0026721735270083999,1.4374503892553134,1.4336092723787575,0,0,0,-385.1999999999781,-0.0026721735270083999,-0.0038411168765559683,0,0
2021-02-11,0,0,0,0,0,FLAT,0,A,0,1.4336092723787575,1.4336092723787575,0,0,0,0,0,0,0,0
2021-02-12,0,0,0,0,0,FLAT,0,A,0,1.4336092723787575,1.4336092723787575,0,0,0,0,0,0,0,0
2021-02-16,0,0,0,0,0,FLAT,0,A,0,1.4336092723787575,1.4336092723787575,0,0,0,0,0,0,0,0
2021-02-17,0,0,0,0,0,FLAT,0,A,0,1.4336092723787575,1.4336092723787575,0,0,0,0,0,0,0,0
2021-02-18,-0.0044935185203668999,-645.99999999999227,1,0,0,FLAT,0,A,-0.0044935185203668999,1.4336092723787575,1.4271673225623538,0,0,0,-645.99999999999227,-0.0044935185203668999,-0.0064419498164036623,0,0
2021-02-19,0,0,0,0,1,ENTRY,0,A,0,1.4271673225623538,1.4271673225623538,0,0,0,0,0,0,0,0
2021-02-22,0,0,0,1,1,HOLD,-0.0069011519023063697,B,-0.0069011519023063697,1.4271673225623538,1.4173182240793432,0,0,0,0,0,0,-0.0098490984830106754,0
2021-02-23,-0.048934086822917,-7002.9899999998852,3,1,0,EXIT,0.0019633169723585636,B,0.0019633169723585636,1.4173182240793432,1.4201008690039112,3,-7002.9899999998852,-0.048934086822917,0,0,0,0.0027826449245680722,-0.069355173032801115
2021-02-24,0.034180390203708402,4651.3199999999915,1,0,0,FLAT,0,A,0.034180390203708402,1.4201008690039112,1.4686404708350902,0,0,0,4651.3199999999915,0.034180390203708402,0.048539601831179079,0,0
2021-02-25,0.066084412369433604,9299.5999999999967,1,0,0,FLAT,0,A,0.066084412369433604,1.4686404708350902,1.5656947133321952,0,0,0,9299.5999999999967,0.066084412369433604,0.097054242497105231,0,0
2021-02-26,-0.0026347002677477999,-395.24000000002405,1,0,0,FLAT,0,A,-0.0026347002677477999,1.5656947133321952,1.5615695770517675,0,0,0,-395.24000000002405,-0.0026347002677477999,-0.0041251362804276496,0,0
2021-03-01,0.018624464554915499,2786.4300000000067,1,0,0,FLAT,0,A,0.018624464554915499,1.5615695770517675,1.5906529742896023,0,0,0,2786.4300000000067,0.018624464554915499,0.02908339723783503,0,0
2021-03-02,-0.0021247310225965999,-323.79000000000514,1,0,0,FLAT,0,A,-0.0021247310225965999,1.5906529742896023,1.5872732645689436,0,0,0,-323.79000000000514,-0.0021247310225965999,-0.0033797097206586697,0,0
2021-03-03,-0.0028364089638098001,-431.30999999999489,3,0,0,FLAT,0,A,-0.0028364089638098001,1.5872732645689436,1.5827711084533047,0,0,0,-431.30999999999489,-0.0028364089638098001,-0.004502156115638996,0,0
2021-03-04,0.0025679503648316001,389.33999999997377,1,0,1,ENTRY,0,A,0.0025679503648316001,1.5827711084533047,1.5868355860987025,0,0,0,389.33999999997377,0.0025679503648316001,0.0040644776453975795,0,0
2021-03-05,-0.0019989556141129,-303.84000000000498,2,1,0,EXIT,0.022493744343289143,B,0.022493744343289143,1.5868355860987025,1.62252946008724,2,-303.84000000000498,-0.0019989556141129,0,0,0,0.0356938739885376,-0.0031720139035061354
2021-03-08,-0.015905910320358901,-2412.7000000000207,2,0,0,FLAT,0,A,-0.015905910320358901,1.62252946008724,1.5967216520029519,0,0,0,-2412.7000000000207,-0.015905910320358901,-0.025807808084287988,0,0
2021-03-09,0.0068544145975395002,1023.1200000000042,1,0,0,FLAT,0,A,0.0068544145975395002,1.5967216520029519,1.6076662442026484,0,0,0,1023.1200000000042,0.0068544145975395002,0.010944592199696419,0,0
2021-03-10,0,0,0,0,0,FLAT,0,A,0,1.6076662442026484,1.6076662442026484,0,0,0,0,0,0,0,0
2021-03-11,0.0023014541641019001,345.87000000000774,1,0,0,FLAT,0,A,0.0023014541641019001,1.6076662442026484,1.6113662143748548,0,0,0,345.87000000000774,0.0023014541641019001,0.0036999701722062474,0,0
2021-03-12,0,0,0,0,0,FLAT,0,A,0,1.6113662143748548,1.6113662143748548,0,0,0,0,0,0,0,0
2021-03-15,0,0,0,0,0,FLAT,0,A,0,1.6113662143748548,1.6113662143748548,0,0,0,0,0,0,0,0
2021-03-16,0,0,0,0,0,FLAT,0,A,0,1.6113662143748548,1.6113662143748548,0,0,0,0,0,0,0,0
2021-03-17,0,0,0,0,0,FLAT,0,A,0,1.6113662143748548,1.6113662143748548,0,0,0,0,0,0,0,0
2021-03-18,0,0,0,0,0,FLAT,0,A,0,1.6113662143748548,1.6113662143748548,0,0,0,0,0,0,0,0
2021-03-19,-0.0013295256822522001,-200.26000000000147,1,0,0,FLAT,0,A,-0.0013295256822522001,1.6113662143748548,1.60922386160933,0,0,0,-200.26000000000147,-0.0013295256822522001,-0.0021423527655248737,0,0
2021-03-22,0.0013941862286680001,209.71400000002919,2,0,0,FLAT,0,A,0.0013941862286680001,1.60922386160933,1.6114674193560294,0,0,0,209.71400000002919,0.0013941862286680001,0.0022435577466996676,0,0
2021-03-23,-0.00035134861634299999,-52.919999999994843,1,0,0,FLAT,0,A,-0.00035134861634299999,1.6114674193560294,1.6109012325079568,0,0,0,-52.919999999994843,-0.00035134861634299999,-0.00056618684807256583,0,0
2021-03-24,0,0,0,0,0,FLAT,0,A,0,1.6109012325079568,1.6109012325079568,0,0,0,0,0,0,0,0
2021-03-25,0.0012405568273655999,186.7799999999749,1,0,0,FLAT,0,A,0.0012405568273655999,1.6109012325079568,1.6128996470301564,0,0,0,186.7799999999749,0.0012405568273655999,0.0019984145221994057,0,0
2021-03-26,0.0091069021328653993,1372.7950000000485,3,0,0,FLAT,0,A,0.0091069021328653993,1.6128996470301564,1.6275881662657932,0,0,0,1372.7950000000485,0.0091069021328653993,0.014688519235636781,0,0
2021-03-29,-0.0031152941078080999,-473.82000000002643,1,0,0,FLAT,0,A,-0.0031152941078080999,1.6275881662657932,1.6225177504414872,0,0,0,-473.82000000002643,-0.0031152941078080999,-0.0050704158243060158,0,0
2021-03-30,0,0,0,0,0,FLAT,0,A,0,1.6225177504414872,1.6225177504414872,0,0,0,0,0,0,0,0
2021-03-31,6.3252437291466448e-05,9.5899999999912779,1,0,0,FLAT,0,A,6.3252437291466448e-05,1.6225177504414872,1.6226203786437512,0,0,0,9.5899999999912779,6.3252437291466448e-05,0.00010262820226409137,0,0
2021-04-01,0.0049614956280664996,752.25,1,0,0,FLAT,0,A,0.0049614956280664996,1.6226203786437512,1.6306710025584039,0,0,0,752.25,0.0049614956280664996,0.0080506239146525792,0,0
2021-04-05,0.0125188024057078,1907.4000000000192,1,0,0,FLAT,0,A,0.0125188024057078,1.6306710025584039,1.6510850506281503,0,0,0,1907.4000000000192,0.0125188024057078,0.020414048069746095,0,0
2021-04-06,-0.00078864970879200002,-121.65999999998814,1,0,0,FLAT,0,A,-0.00078864970879200002,1.6510850506281503,1.6497829228837815,0,0,0,-121.65999999998814,-0.00078864970879200002,-0.0013021277443687152,0,0
2021-04-07,0,0,0,0,0,FLAT,0,A,0,1.6497829228837815,1.6497829228837815,0,0,0,0,0,0,0,0
2021-04-08,0,0,0,0,0,FLAT,0,A,0,1.6497829228837815,1.6497829228837815,0,0,0,0,0,0,0,0
2021-04-09,0.00096200802085520004,148.27999999997695,3,0,0,FLAT,0,A,0.00096200802085520004,1.6497829228837815,1.6513700272882657,0,0,0,148.27999999997695,0.00096200802085520004,0.0015871044044841337,0,0
2021-04-12,0,0,0,0,0,FLAT,0,A,0,1.6513700272882657,1.6513700272882657,0,0,0,0,0,0,0,0
2021-04-13,0.00062425973685699995,96.299999999973252,1,0,0,FLAT,0,A,0.00062425973685699995,1.6513700272882657,1.6524009111069544,0,0,0,96.299999999973252,0.00062425973685699995,0.0010308838186885096,0,0
2021-04-14,-0.0066362805285459002,-1024.3200000000274,2,0,0,FLAT,0,A,-0.0066362805285459002,1.6524009111069544,1.6414351151152238,0,0,0,-1024.3200000000274,-0.0066362805285459002,-0.010965795991730587,0,0
2021-04-15,0.0031264031993662,479.30999999998318,1,0,0,FLAT,0,A,0.0031264031993662,1.6414351151152238,1.6465669031106722,0,0,0,479.30999999998318,0.0031264031993662,0.0051317879954482625,0,0
2021-04-16,0,0,0,0,0,FLAT,0,A,0,1.6465669031106722,1.6465669031106722,0,0,0,0,0,0,0,0
2021-04-19,-0.0056204057941668002,-864.31199999995999,2,0,0,FLAT,0,A,-0.0056204057941668002,1.6465669031106722,1.6373125289479458,0,0,0,-864.31199999995999,-0.0056204057941668002,-0.0092543741627265069,0,0
2021-04-20,0.00072493150365240001,110.83999999997332,1,0,0,FLAT,0,A,0.00072493150365240001,1.6373125289479458,1.6384994683815048,0,0,0,110.83999999997332,0.00072493150365240001,0.0011869394335591481,0,0
2021-04-21,0.020352771649701999,3113.951999999937,1,0,0,FLAT,0,A,0.020352771649701999,1.6384994683815048,1.6718474739096318,0,0,0,3113.951999999937,0.020352771649701999,0.033348005528126889,0,0
2021-04-22,0.011067457307927599,1727.6799999999548,2,0,0,FLAT,0,A,0.011067457307927599,1.6718474739096318,1.6903505744524934,0,0,0,1727.6799999999548,0.011067457307927599,0.018503100542861452,0,0
2021-04-23,0.017724461498138298,2797.200000000043,1,0,0,FLAT,0,A,0.017724461498138298,1.6903505744524934,1.7203111281277323,0,0,0,2797.200000000043,0.017724461498138298,0.029960553675239174,0,0
2021-04-26,0,0,0,0,0,FLAT,0,A,0,1.7203111281277323,1.7203111281277323,0,0,0,0,0,0,0,0
2021-04-27,-0.0040649984826767,-652.85999999995602,1,0,0,FLAT,0,A,-0.0040649984826767,1.7203111281277323,1.7133180660021612,0,0,0,-652.85999999995602,-0.0040649984826767,-0.0069930621255710739,0,0
2021-04-28,0,0,0,0,0,FLAT,0,A,0,1.7133180660021612,1.7133180660021612,0,0,0,0,0,0,0,0
2021-04-29,0,0,0,0,0,FLAT,0,A,0,1.7133180660021612,1.7133180660021612,0,0,0,0,0,0,0,0
2021-04-30,0,0,0,0,0,FLAT,0,A,0,1.7133180660021612,1.7133180660021612,0,0,0,0,0,0,0,0
2021-05-03,0,0,0,0,0,FLAT,0,A,0,1.7133180660021612,1.7133180660021612,0,0,0,0,0,0,0,0
2021-05-04,-0.0129863530965599,-2077.0879999999192,2,0,0,FLAT,0,A,-0.0129863530965599,1.7133180660021612,1.6910683126303419,0,0,0,-2077.0879999999192,-0.0129863530965599,-0.022249753371819184,0,0
2021-05-05,0,0,0,0,0,FLAT,0,A,0,1.6910683126303419,1.6910683126303419,0,0,0,0,0,0,0,0
2021-05-06,-0.0063298479142488004,-999.16999999992242,2,0,0,FLAT,0,A,-0.0063298479142488004,1.6910683126303419,1.6803641073987863,0,0,0,-999.16999999992242,-0.0063298479142488004,-0.010704205231555408,0,0
2021-05-07,0.0019660237004876001,308.33999999997923,2,0,0,FLAT,0,A,0.0019660237004876001,1.6803641073987863,1.6836677430593812,0,0,0,308.33999999997923,0.0019660237004876001,0.0033036356605947049,0,0
2021-05-10,0.011081122780951899,1741.1399999999687,1,0,0,FLAT,0,A,0.011081122780951899,1.6836677430593812,1.7023246720425504,0,0,0,1741.1399999999687,0.011081122780951899,0.018656928983169178,0,0
2021-05-11,-0.0015621316426889999,-248.15999999996663,1,0,0,FLAT,0,A,-0.0015621316426889999,1.7023246720425504,1.6996654168062226,0,0,0,-248.15999999996663,-0.0015621316426889999,-0.0026592552363278424,0,0
2021-05-12,0.0281387970571573,4462.9199999999764,1,0,1,ENTRY,0,A,0.0281387970571573,1.6996654168062226,1.7474919570348018,0,0,0,4462.9199999999764,0.0281387970571573,0.047826540228578976,0,0
2021-05-13,-0.0033809884047618002,-551.30000000007306,4,1,0,EXIT,0.012773722627737226,B,0.012773722627737226,1.7474919570348018,1.7698139345881658,4,-551.30000000007306,-0.0033809884047618002,0,0,0,0.022321977553364257,-0.0059082500441491707
2021-05-14,0.0098928023714365994,1607.4000000000101,1,0,0,FLAT,0,A,0.0098928023714365994,1.7698139345881658,1.7873223540772611,0,0,0,1607.4000000000101,0.0098928023714365994,0.017508419489095345,0,0
2021-05-17,-9.8730571674603203e-05,-16.199999999985266,1,0,0,FLAT,0,A,-9.8730571674603203e-05,1.7873223540772611,1.7871458907194762,0,0,0,-16.199999999985266,-9.8730571674603203e-05,-0.00017646335778484555,0,0
2021-05-18,0,0,0,0,0,FLAT,0,A,0,1.7871458907194762,1.7871458907194762,0,0,0,0,0,0,0,0
2021-05-19,0,0,0,0,0,FLAT,0,A,0,1.7871458907194762,1.7871458907194762,0,0,0,0,0,0,0,0
2021-05-20,0.0109199597015856,1791.540000000022,1,0,0,FLAT,0,A,0.0109199597015856,1.7871458907194762,1.8066614518269872,0,0,0,1791.540000000022,0.0109199597015856,0.019515561107510983,0,0
2021-05-21,-0.0050000923743324004,-829.24999999999477,1,0,0,FLAT,0,A,-0.0050000923743324004,1.8066614518269872,1.7976279776787067,0,0,0,-829.24999999999477,-0.0050000923743324004,-0.0090334741482804223,0,0
2021-05-24,0.00083987698344429999,138.59000000000526,2,0,0,FLAT,0,A,0.00083987698344429999,1.7976279776787067,1.7991377640419548,0,0,0,138.59000000000526,0.00083987698344429999,0.0015097863632478697,0,0
2021-05-25,0,0,0,0,0,FLAT,0,A,0,1.7991377640419548,1.7991377640419548,0,0,0,0,0,0,0,0
2021-05-26,0,0,0,0,0,FLAT,0,A,0,1.7991377640419548,1.7991377640419548,0,0,0,0,0,0,0,0
2021-05-27,0,0,0,0,0,FLAT,0,A,0,1.7991377640419548,1.7991377640419548,0,0,0,0,0,0,0,0
2021-05-28,0,0,0,0,0,FLAT,0,A,0,1.7991377640419548,1.7991377640419548,0,0,0,0,0,0,0,0
2021-06-01,0,0,0,0,0,FLAT,0,A,0,1.7991377640419548,1.7991377640419548,0,0,0,0,0,0,0,0
2021-06-02,0,0,0,0,0,FLAT,0,A,0,1.7991377640419548,1.7991377640419548,0,0,0,0,0,0,0,0
2021-06-03,0,0,0,0,0,FLAT,0,A,0,1.7991377640419548,1.7991377640419548,0,0,0,0,0,0,0,0
2021-06-04,4.5815653795768251e-05,7.5660000000349887,2,0,0,FLAT,0,A,4.5815653795768251e-05,1.7991377640419548,1.799220192714883,0,0,0,7.5660000000349887,4.5815653795768251e-05,8.2428672928238784e-05,0,0
2021-06-07,-0.0015489565278549999,-255.78000000000969,1,0,0,FLAT,0,A,-0.0015489565278549999,1.799220192714883,1.7964332788523287,0,0,0,-255.78000000000969,-0.0015489565278549999,-0.0027869138625542492,0,0
2021-06-08,0,0,0,0,0,FLAT,0,A,0,1.7964332788523287,1.7964332788523287,0,0,0,0,0,0,0,0
2021-06-09,0,0,0,0,1,ENTRY,0,A,0,1.7964332788523287,1.7964332788523287,0,0,0,0,0,0,0,0
2021-06-10,-0.0051842480985707998,-854.70000000001755,1,1,0,EXIT,0.0041257646891449708,B,0.0041257646891449708,1.7964332788523287,1.8038449398406227,1,-854.70000000001755,-0.0051842480985707998,0,0,0,0.0074116609882938587,-0.0093131558100994927
2021-06-11,0,0,0,0,0,FLAT,0,A,0,1.8038449398406227,1.8038449398406227,0,0,0,0,0,0,0,0
2021-06-14,-0.00075561336369039998,-123.91999999997536,1,0,0,FLAT,0,A,-0.00075561336369039998,1.8038449398406227,1.8024819304980537,0,0,0,-123.91999999997536,-0.00075561336369039998,-0.00136300934256888,0,0
2021-06-15,-0.0059281923338907003,-971.41999999999291,2,0,0,FLAT,0,A,-0.0059281923338907003,1.8024819304980537,1.7917964709356986,0,0,0,-971.41999999999291,-0.0059281923338907003,-0.010685459562355072,0,0
2021-06-16,0.0041077180050699,669.0300000000035,1,0,0,FLAT,0,A,0.0041077180050699,1.7917964709356986,1.799156665560782,0,0,0,669.0300000000035,0.0041077180050699,0.0073601946250832747,0,0
2021-06-17,-0.018113527341333601,-2962.1000000000527,1,0,0,FLAT,0,A,-0.018113527341333601,1.799156665560782,1.7665675921078041,0,0,0,-2962.1000000000527,-0.018113527341333601,-0.032589073452977818,0,0
2021-06-18,-0.0140848058266072,-2261.4100000000421,2,0,1,ENTRY,0,A,-0.0140848058266072,1.7665675921078041,1.7416858305933887,0,0,0,-2261.4100000000421,-0.0140848058266072,-0.02488176151441545,0,0
2021-06-21,0.023382083553110802,3700.7700000000032,1,1,0,EXIT,0.012409812409812411,B,0.012409812409812411,1.7416858305933887,1.7632998250278809,1,3700.7700000000032,0.023382083553110802,0,0,0,0.02161399443449227,0.040724243614203799
2021-06-22,0.0083985891323548993,1360.28000000001,1,0,0,FLAT,0,A,0.0083985891323548993,1.7632998250278809,1.7781090557754431,0,0,0,1360.28000000001,0.0083985891323548993,0.014809230747562456,0,0
2021-06-23,0,0,0,0,0,FLAT,0,A,0,1.7781090557754431,1.7781090557754431,0,0,0,0,0,0,0,0
2021-06-24,0,0,0,0,0,FLAT,0,A,0,1.7781090557754431,1.7781090557754431,0,0,0,0,0,0,0,0
2021-06-25,0,0,0,0,0,FLAT,0,A,0,1.7781090557754431,1.7781090557754431,0,0,0,0,0,0,0,0
2021-06-28,0,0,0,0,0,FLAT,0,A,0,1.7781090557754431,1.7781090557754431,0,0,0,0,0,0,0,0
2021-06-29,0,0,0,0,0,FLAT,0,A,0,1.7781090557754431,1.7781090557754431,0,0,0,0,0,0,0,0
2021-06-30,0,0,0,0,0,FLAT,0,A,0,1.7781090557754431,1.7781090557754431,0,0,0,0,0,0,0,0
2021-07-01,0.0020720325206239,338.40000000001282,1,0,0,FLAT,0,A,0.0020720325206239,1.7781090557754431,1.7817933555642256,0,0,0,338.40000000001282,0.0020720325206239,0.0036842997887825742,0,0
2021-07-02,0.0031004274261053999,507.37999999997743,1,0,0,FLAT,0,A,0.0031004274261053999,1.7817933555642256,1.7873176765514696,0,0,0,507.37999999997743,0.0031004274261053999,0.0055243209872436957,0,0
2021-07-06,0.0092913676355719007,1525.1600000000169,2,0,0,FLAT,0,A,0.0092913676355719007,1.7873176765514696,1.8039243021658655,0,0,0,1525.1600000000169,0.0092913676355719007,0.016606625614395892,0,0
2021-07-07,0,0,0,0,0,FLAT,0,A,0,1.8039243021658655,1.8039243021658655,0,0,0,0,0,0,0,0
2021-07-08,0,0,0,0,0,FLAT,0,A,0,1.8039243021658655,1.8039243021658655,0,0,0,0,0,0,0,0
2021-07-09,0.011039361539096499,1828.7600000000048,1,0,0,FLAT,0,A,0.011039361539096499,1.8039243021658655,1.8238384747266367,0,0,0,1828.7600000000048,0.011039361539096499,0.019914172560771347,0,0
2021-07-12,-0.00050179259193750003,-84.040000000003133,2,0,0,FLAT,0,A,-0.00050179259193750003,1.8238384747266367,1.8229232860911284,0,0,0,-84.040000000003133,-0.00050179259193750003,-0.00091518863550841569,0,0
2021-07-13,0,0,0,0,0,FLAT,0,A,0,1.8229232860911284,1.8229232860911284,0,0,0,0,0,0,0,0
2021-07-14,0,0,0,0,0,FLAT,0,A,0,1.8229232860911284,1.8229232860911284,0,0,0,0,0,0,0,0
2021-07-15,-0.0057064155297436,-955.11699999995596,1,0,0,FLAT,0,A,-0.0057064155297436,1.8229232860911284,1.8125209283418469,0,0,0,-955.11699999995596,-0.0057064155297436,-0.01040235774928165,0,0
2021-07-16,0.019555185481821901,3254.1800000000071,2,0,0,FLAT,0,A,0.019555185481821901,1.8125209283418469,1.8479651112852558,0,0,0,3254.1800000000071,0.019555185481821901,0.035444182943408835,0,0
2021-07-19,-0.0072851318197587004,-1235.8700000000608,1,0,1,ENTRY,0,A,-0.0072851318197587004,1.8479651112852558,1.8345024418512277,0,0,0,-1235.8700000000608,-0.0072851318197587004,-0.013462669434028145,0,0
2021-07-20,0.0198217914109074,3337.9199999999946,1,1,0,EXIT,0.017138546406091609,B,0.017138546406091609,1.8345024418512277,1.8659431470829833,1,3337.9199999999946,0.0198217914109074,0,0,0,0.031440705231755642,0.036363124745175314
2021-07-21,-0.0034112423507053,-585.79999999998392,1,0,0,FLAT,0,A,-0.0034112423507053,1.8659431470829833,1.8595779627956455,0,0,0,-585.79999999998392,-0.0034112423507053,-0.0063651842873378014,0,0
2021-07-22,0,0,0,0,0,FLAT,0,A,0,1.8595779627956455,1.8595779627956455,0,0,0,0,0,0,0,0
2021-07-23,-0.0023905324583526001,-409.09999999996018,2,0,0,FLAT,0,A,-0.0023905324583526001,1.8595779627956455,1.8551325813167452,0,0,0,-409.09999999996018,-0.0023905324583526001,-0.0044453814789001947,0,0
2021-07-26,0,0,0,0,0,FLAT,0,A,0,1.8551325813167452,1.8551325813167452,0,0,0,0,0,0,0,0
2021-07-27,0.0014585726563126,248.99400000002296,1,0,0,FLAT,0,A,0.0014585726563126,1.8551325813167452,1.8578384269736883,0,0,0,248.99400000002296,0.0014585726563126,0.0027058456569432152,0,0
2021-07-28,0,0,0,0,0,FLAT,0,A,0,1.8578384269736883,1.8578384269736883,0,0,0,0,0,0,0,0
2021-07-29,-0.0019510620705884001,-333.54000000003123,1,0,0,FLAT,0,A,-0.0019510620705884001,1.8578384269736883,1.8542136688855384,0,0,0,-333.54000000003123,-0.0019510620705884001,-0.0036247580881499804,0,0
2021-07-30,0,0,0,0,0,FLAT,0,A,0,1.8542136688855384,1.8542136688855384,0,0,0,0,0,0,0,0
2021-08-02,0,0,0,0,0,FLAT,0,A,0,1.8542136688855384,1.8542136688855384,0,0,0,0,0,0,0,0
2021-08-03,0.003781197051658,645.11999999999534,1,0,0,FLAT,0,A,0.003781197051658,1.8542136688855384,1.8612248161434721,0,0,0,645.11999999999534,0.003781197051658,0.0070111472579339612,0,0
2021-08-04,0,0,0,0,0,FLAT,0,A,0,1.8612248161434721,1.8612248161434721,0,0,0,0,0,0,0,0
2021-08-05,0,0,0,0,0,FLAT,0,A,0,1.8612248161434721,1.8612248161434721,0,0,0,0,0,0,0,0
2021-08-06,0,0,0,0,0,FLAT,0,A,0,1.8612248161434721,1.8612248161434721,0,0,0,0,0,0,0,0
2021-08-09,0,0,0,0,0,FLAT,0,A,0,1.8612248161434721,1.8612248161434721,0,0,0,0,0,0,0,0
2021-08-10,0,0,0,0,0,FLAT,0,A,0,1.8612248161434721,1.8612248161434721,0,0,0,0,0,0,0,0
2021-08-11,0,0,0,0,0,FLAT,0,A,0,1.8612248161434721,1.8612248161434721,0,0,0,0,0,0,0,0
2021-08-12,0.0018872343849279001,323.18999999996851,1,0,0,FLAT,0,A,0.0018872343849279001,1.8612248161434721,1.8647373836145791,0,0,0,323.18999999996851,0.0018872343849279001,0.0035125674711070694,0,0
2021-08-13,0,0,0,0,0,FLAT,0,A,0,1.8647373836145791,1.8647373836145791,0,0,0,0,0,0,0,0
2021-08-16,-0.0046919205880547998,-804.95999999997184,1,0,0,FLAT,0,A,-0.0046919205880547998,1.8647373836145791,1.8559881838930825,0,0,0,-804.95999999997184,-0.0046919205880547998,-0.0087491997214966845,0,0
2021-08-17,-0.0119694488712299,-2043.7500000001496,2,0,0,FLAT,0,A,-0.0119694488712299,1.8559881838930825,1.8337730282203675,0,0,0,-2043.7500000001496,-0.0119694488712299,-0.022215155672715089,0,0
2021-08-18,0.0207891775149594,3506.7600000000243,1,0,0,FLAT,0,A,0.0207891775149594,1.8337730282203675,1.8718956612261852,0,0,0,3506.7600000000243,0.0207891775149594,0.038122633005817877,0,0
2021-08-19,-0.0146865400308665,-2528.7000000000103,2,0,0,FLAT,0,A,-0.0146865400308665,1.8718956612261852,1.8444039906639815,0,0,0,-2528.7000000000103,-0.0146865400308665,-0.027491670562203686,0,0
2021-08-20,0.013727891281024401,2328.6399999999721,1,0,0,FLAT,0,A,0.013727891281024401,1.8444039906639815,1.8697237681261041,0,0,0,2328.6399999999721,0.013727891281024401,0.025319777462122682,0,0
2021-08-23,0.0089484915287417009,1538.6599999999903,1,0,0,FLAT,0,A,0.0089484915287417009,1.8697237681261041,1.8864549754262674,0,0,0,1538.6599999999903,0.0089484915287417009,0.016731207300163455,0,0
2021-08-24,0,0,0,0,0,FLAT,0,A,0,1.8864549754262674,1.8864549754262674,0,0,0,0,0,0,0,0
2021-08-25,0,0,0,0,0,FLAT,0,A,0,1.8864549754262674,1.8864549754262674,0,0,0,0,0,0,0,0
2021-08-26,0.010817415520757601,1876.5499999999679,2,0,0,FLAT,0,A,0.010817415520757601,1.8864549754262674,1.906861542756654,0,0,0,1876.5499999999679,0.010817415520757601,0.020406567330386503,0,0
2021-08-27,0.018013771913188599,3158.3499999999667,1,0,0,FLAT,0,A,0.018013771913188599,1.906861542756654,1.9412113116579031,0,0,0,3158.3499999999667,0.018013771913188599,0.034349768901249293,0,0
2021-08-30,0.00092650173150379996,165.36000000000627,1,0,0,FLAT,0,A,0.00092650173150379996,1.9412113116579031,1.9430098472993691,0,0,0,165.36000000000627,0.00092650173150379996,0.0017985356414658099,0,0
2021-08-31,-0.002640125937391,-471.61499999995959,1,0,0,FLAT,0,A,-0.002640125937391,1.9430098472993691,1.9378800566049079,0,0,0,-471.61499999995959,-0.002640125937391,-0.0051297906944611903,0,0
2021-09-01,0,0,0,0,0,FLAT,0,A,0,1.9378800566049079,1.9378800566049079,0,0,0,0,0,0,0,0
2021-09-02,0,0,0,0,0,FLAT,0,A,0,1.9378800566049079,1.9378800566049079,0,0,0,0,0,0,0,0
2021-09-03,0,0,0,0,0,FLAT,0,A,0,1.9378800566049079,1.9378800566049079,0,0,0,0,0,0,0,0
2021-09-07,-0.00091000769341560001,-162.12000000000614,1,0,0,FLAT,0,A,-0.00091000769341560001,1.9378800566049079,1.9361165708444807,0,0,0,-162.12000000000614,-0.00091000769341560001,-0.0017634857604271247,0,0
2021-09-08,-0.0113452710616822,-2019.2400000000223,1,0,0,FLAT,0,A,-0.0113452710616822,1.9361165708444807,1.9141508035412356,0,0,0,-2019.2400000000223,-0.0113452710616822,-0.021965767303245263,0,0
2021-09-09,-0.0115897801400112,-2039.2400000000036,2,0,1,ENTRY,0,A,-0.0115897801400112,1.9141508035412356,1.8919662165733668,0,0,0,-2039.2400000000036,-0.0115897801400112,-0.022184586967868691,0,0
2021-09-10,0.001530232772067,266.09299999997398,2,1,1,HOLD,-0.007963113521700876,B,-0.007963113521700876,1.8919662165733668,1.8769002748115702,2,266.09299999997398,0.001530232772067,0,0,0,-0.015065941761796625,0.0028951487082441774
2021-09-13,0,0,0,1,1,HOLD,0.001975885219031367,B,0.001975885219031367,1.8769002748115702,1.8806088143221664,0,0,0,0,0,0,0.0037085395105960922,0
2021-09-14,0.00085921855571160003,149.61999999994669,3,1,1,HOLD,-0.005198879551820728,B,-0.005198879551820728,1.8806088143221664,1.870831755612413,3,149.61999999994669,0.00085921855571160003,0,0,0,-0.0097770587097533359,0.0016158539893003964
2021-09-15,0.0163145473000352,2842.8399999999888,1,1,0,EXIT,0.008717590611132385,B,0.008717590611132385,1.870831755612413,1.8871409009601479,1,2842.8399999999888,0.0163145473000352,0,0,0,0.016309145347735088,0.030521773167346607
2021-09-16,-0.00048474238062939999,-85.840000000010662,2,0,0,FLAT,0,A,-0.00048474238062939999,1.8871409009601479,1.8862261237872333,0,0,0,-85.840000000010662,-0.00048474238062939999,-0.00091477717291453282,0,0
2021-09-17,0.020007788623185498,3540.8999999999528,1,0,0,FLAT,0,A,0.020007788623185498,1.8862261237872333,1.9239653373674988,0,0,0,3540.8999999999528,0.020007788623185498,0.037739213580265489,0,0
2021-09-20,-0.0107989872791634,-1949.2800000000143,1,0,0,FLAT,0,A,-0.0107989872791634,1.9239653373674988,1.9031884601637159,0,0,0,-1949.2800000000143,-0.0107989872791634,-0.020776877203782938,0,0
2021-09-21,0,0,0,0,1,ENTRY,0,A,0,1.9031884601637159,1.9031884601637159,0,0,0,0,0,0,0,0
2021-09-22,-0.0081007460220329994,-1446.3520000000249,2,1,0,EXIT,0.0077801307430255045,B,0.0077801307430255045,1.9031884601637159,1.9179955152124069,2,-1446.3520000000249,-0.0081007460220329994,0,0,0,0.014807055048691098,-0.015417246347850331
2021-09-23,0.0044899123965616997,795.0799999999723,1,0,0,FLAT,0,A,0.0044899123965616997,1.9179955152124069,1.9266071470527086,0,0,0,795.0799999999723,0.0044899123965616997,0.0086116318403019303,0,0
2021-09-24,0,0,0,0,0,FLAT,0,A,0,1.9266071470527086,1.9266071470527086,0,0,0,0,0,0,0,0
2021-09-27,0,0,0,0,0,FLAT,0,A,0,1.9266071470527086,1.9266071470527086,0,0,0,0,0,0,0,0
2021-09-28,0.0143674517847442,2555.52000000003,2,0,1,ENTRY,0,A,0.0143674517847442,1.9266071470527086,1.9542875823461321,0,0,0,2555.52000000003,0.0143674517847442,0.027680435293423369,0,0
2021-09-29,-0.0035081744994406999,-632.90999999996643,1,1,1,HOLD,0.00036862112659831817,B,0.00036862112659831817,1.9542875823461321,1.9550079740364337,1,-632.90999999996643,-0.0035081744994406999,0,0,0,0.00072039169030153471,-0.0068559818609603175
2021-09-30,-0.0105015773698738,-1887.8799999999685,1,1,1,HOLD,-0.010409709587526773,B,-0.010409709587526773,1.9550079740364337,1.9346569087854153,1,-1887.8799999999685,-0.0105015773698738,0,0,0,-0.020351065251018357,-0.020530667498063836
2021-10-01,0.00018709546683910001,33.279999999969725,1,1,0,EXIT,0.011240661872512742,B,0.011240661872512742,1.9346569087854153,1.9564037329363928,1,33.279999999969725,0.00018709546683910001,0,0,0,0.021746824150977579,0.00036196553752269742
2021-10-04,0.0039421136594693,701.31999999998925,1,0,0,FLAT,0,A,0.0039421136594693,1.9564037329363928,1.964116098815438,0,0,0,701.31999999998925,0.0039421136594693,0.0077123658790452824,0,0
2021-10-05,0.0052835278360153998,943.64000000000669,1,0,0,FLAT,0,A,0.0052835278360153998,1.964116098815438,1.9744935608966956,0,0,0,943.64000000000669,0.0052835278360153998,0.01037746208125734,0,0
2021-10-06,0,0,0,0,0,FLAT,0,A,0,1.9744935608966956,1.9744935608966956,0,0,0,0,0,0,0,0
2021-10-07,0.00081208128312040004,145.79999999999171,1,0,0,FLAT,0,A,0.00081208128312040004,1.9744935608966956,1.9760970101611417,0,0,0,145.79999999999171,0.00081208128312040004,0.0016034492644459563,0,0
2021-10-08,0,0,0,0,0,FLAT,0,A,0,1.9760970101611417,1.9760970101611417,0,0,0,0,0,0,0,0
2021-10-11,0.0012276868171429,220.5899999999852,1,0,0,FLAT,0,A,0.0012276868171429,1.9760970101611417,1.9785230384099119,0,0,0,220.5899999999852,0.0012276868171429,0.0024260282487703331,0,0
2021-10-12,0,0,0,0,1,ENTRY,0,A,0,1.9785230384099119,1.9785230384099119,0,0,0,0,0,0,0,0
2021-10-13,0,0,0,1,0,EXIT,0.0027437056165267914,B,0.0027437056165267914,1.9785230384099119,1.9839515231828246,0,0,0,0,0,0,0.005428484772912928,0
2021-10-14,0.0064889512919720001,1167.3250000000401,1,0,0,FLAT,0,A,0.0064889512919720001,1.9839515231828246,1.9968252879823916,0,0,0,1167.3250000000401,0.0064889512919720001,0.012873764799567007,0,0
2021-10-15,0,0,0,0,0,FLAT,0,A,0,1.9968252879823916,1.9968252879823916,0,0,0,0,0,0,0,0
2021-10-18,0,0,0,0,0,FLAT,0,A,0,1.9968252879823916,1.9968252879823916,0,0,0,0,0,0,0,0
2021-10-19,0,0,0,0,0,FLAT,0,A,0,1.9968252879823916,1.9968252879823916,0,0,0,0,0,0,0,0
2021-10-20,0,0,0,0,0,FLAT,0,A,0,1.9968252879823916,1.9968252879823916,0,0,0,0,0,0,0,0
2021-10-21,0,0,0,0,0,FLAT,0,A,0,1.9968252879823916,1.9968252879823916,0,0,0,0,0,0,0,0
2021-10-22,0,0,0,0,0,FLAT,0,A,0,1.9968252879823916,1.9968252879823916,0,0,0,0,0,0,0,0
2021-10-25,0,0,0,0,0,FLAT,0,A,0,1.9968252879823916,1.9968252879823916,0,0,0,0,0,0,0,0
2021-10-26,0,0,0,0,0,FLAT,0,A,0,1.9968252879823916,1.9968252879823916,0,0,0,0,0,0,0,0
2021-10-27,0,0,0,0,0,FLAT,0,A,0,1.9968252879823916,1.9968252879823916,0,0,0,0,0,0,0,0
2021-10-28,0.011193479759377701,2026.6399999999519,1,0,0,FLAT,0,A,0.011193479759377701,1.9968252879823916,2.0191767114264363,0,0,0,2026.6399999999519,0.011193479759377701,0.022351423444044449,0,0
2021-10-29,0,0,0,0,0,FLAT,0,A,0,2.0191767114264363,2.0191767114264363,0,0,0,0,0,0,0,0
2021-11-01,0,0,0,0,0,FLAT,0,A,0,2.0191767114264363,2.0191767114264363,0,0,0,0,0,0,0,0
2021-11-02,-0.0069185579649519999,-1266.5999999999167,5,0,0,FLAT,0,A,-0.0069185579649519999,2.0191767114264363,2.0052069203069514,0,0,0,-1266.5999999999167,-0.0069185579649519999,-0.013969791119484957,0,0
2021-11-03,0.0057970649925906002,1053.6299999999965,1,0,0,FLAT,0,A,0.0057970649925906002,2.0052069203069514,2.0168312351475635,0,0,0,1053.6299999999965,0.0057970649925906002,0.011624314840611837,0,0
2021-11-04,0.00067765433675720001,123.87200000001212,1,0,0,FLAT,0,A,0.00067765433675720001,2.0168312351475635,2.0181979495805686,0,0,0,123.87200000001212,0.00067765433675720001,0.0013667144330051265,0,0
2021-11-05,-0.0025504603662970002,-466.50000000001768,1,0,0,FLAT,0,A,-0.0025504603662970002,2.0181979495805686,2.0130506156988215,0,0,0,-466.50000000001768,-0.0025504603662970002,-0.0051473338817471116,0,0
2021-11-08,0,0,0,0,0,FLAT,0,A,0,2.0130506156988215,2.0130506156988215,0,0,0,0,0,0,0,0
2021-11-09,-0.00042783352830229999,-78.050000000017747,1,0,0,FLAT,0,A,-0.00042783352830229999,2.0130506156988215,2.0121893651512557,0,0,0,-78.050000000017747,-0.00042783352830229999,-0.00086125054756554416,0,0
2021-11-10,0.0048247852866073002,879.76000000000352,1,0,1,ENTRY,0,A,0.0048247852866073002,2.0121893651512557,2.0218977467941048,0,0,0,879.76000000000352,0.0048247852866073002,0.0097083816428494632,0,0
2021-11-11,0,0,0,1,1,HOLD,-0.0001723952160327551,B,-0.0001723952160327551,2.0218977467941048,2.0215491812952502,0,0,0,0,0,0,-0.00034856549885471048,0
2021-11-12,0.0021409792566755002,392.25,1,1,0,EXIT,0.0069832101213440521,B,0.0069832101213440521,2.0215491812952502,2.0356660839988661,1,392.25,0.0021409792566755002,0,0,0,0.014116902703615774,0.0043280948635024711
2021-11-15,0,0,0,0,0,FLAT,0,A,0,2.0356660839988661,2.0356660839988661,0,0,0,0,0,0,0,0
2021-11-16,0.0023692776338952001,434.97999999995739,2,0,0,FLAT,0,A,0.0023692776338952001,2.0356660839988661,2.0404891421217637,0,0,0,434.97999999995739,0.0023692776338952001,0.004823058122897541,0,0
2021-11-17,-0.0035049607425160002,-644.9300000000394,1,0,0,FLAT,0,A,-0.0035049607425160002,2.0404891421217637,2.0333373077830967,0,0,0,-644.9300000000394,-0.0035049607425160002,-0.0071518343386669332,0,0
2021-11-18,-0.0033395332953409002,-612.30000000006783,1,0,0,FLAT,0,A,-0.0033395332953409002,2.0333373077830967,2.0265469101430962,0,0,0,-612.30000000006783,-0.0033395332953409002,-0.0067903976400004789,0,0
2021-11-19,0,0,0,0,0,FLAT,0,A,0,2.0265469101430962,2.0265469101430962,0,0,0,0,0,0,0,0
2021-11-22,-0.0081963300145385005,-1497.6799999999544,1,0,0,FLAT,0,A,-0.0081963300145385005,2.0265469101430962,2.0099366628776201,0,0,0,-1497.6799999999544,-0.0081963300145385005,-0.016610247265476118,0,0
2021-11-23,-0.024655938416881899,-4468.0800000000672,3,0,0,FLAT,0,A,-0.024655938416881899,2.0099366628776201,1.9603797882958764,0,0,0,-4468.0800000000672,-0.024655938416881899,-0.049556874581743716,0,0
2021-11-24,0,0,0,0,0,FLAT,0,A,0,1.9603797882958764,1.9603797882958764,0,0,0,0,0,0,0,0
2021-11-26,0.0020819752752873999,367.92000000001394,2,0,0,FLAT,0,A,0.0020819752752873999,1.9603797882958764,1.9644612505452816,0,0,0,367.92000000001394,0.0020819752752873999,0.0040814622494051624,0,0
2021-11-29,-0.0063552454811838001,-1125.280000000022,1,0,0,FLAT,0,A,-0.0063552454811838001,1.9644612505452816,1.951976617059793,0,0,0,-1125.280000000022,-0.0063552454811838001,-0.012484633485488578,0,0
2021-11-30,0.010939330358784799,1924.5600000000177,1,0,0,FLAT,0,A,0.010939330358784799,1.951976617059793,1.9733299341264332,0,0,0,1924.5600000000177,0.010939330358784799,0.021353317066640246,0,0
2021-12-01,0.011222274272887099,1995.8600000000115,2,0,0,FLAT,0,A,0.011222274272887099,1.9733299341264332,1.9954751838780984,0,0,0,1995.8600000000115,0.011222274272887099,0.022145249751665066,0,0
2021-12-02,0.011570725982633199,2080.7899999999927,1,0,0,FLAT,0,A,0.011570725982633199,1.9954751838780984,2.0185642804358963,0,0,0,2080.7899999999927,0.011570725982633199,0.023089096557798075,0,0
2021-12-03,0.0092432812358719998,1681.4200000000135,1,0,0,FLAT,0,A,0.0092432812358719998,2.0185642804358963,2.0372224377726509,0,0,0,1681.4200000000135,0.0092432812358719998,0.018658157336754584,0,0
2021-12-06,0.00070839735918180001,130.05000000001218,2,0,0,FLAT,0,A,0.00070839735918180001,2.0372224377726509,2.0386656007676347,0,0,0,130.05000000001218,0.00070839735918180001,0.0014431629949840548,0,0
2021-12-07,0.0011947561831041,219.48000000000161,1,0,0,FLAT,0,A,0.0011947561831041,2.0386656007676347,2.0411013090994334,0,0,0,219.48000000000161,0.0011947561831041,0.002435708331798766,0,0
2021-12-08,0,0,0,0,0,FLAT,0,A,0,2.0411013090994334,2.0411013090994334,0,0,0,0,0,0,0,0
2021-12-09,0,0,0,0,0,FLAT,0,A,0,2.0411013090994334,2.0411013090994334,0,0,0,0,0,0,0,0
2021-12-10,0,0,0,0,0,FLAT,0,A,0,2.0411013090994334,2.0411013090994334,0,0,0,0,0,0,0,0
2021-12-13,-0.0014223242333021001,-261.59000000004158,3,0,0,FLAT,0,A,-0.0014223242333021001,2.0411013090994334,2.0381982012448767,0,0,0,-261.59000000004158,-0.0014223242333021001,-0.0029031078545567646,0,0
2021-12-14,0,0,0,0,0,FLAT,0,A,0,2.0381982012448767,2.0381982012448767,0,0,0,0,0,0,0,0
2021-12-15,0.0035570561492531002,653.22799999998813,2,0,0,FLAT,0,A,0.0035570561492531002,2.0381982012448767,2.0454481866900114,0,0,0,653.22799999998813,0.0035570561492531002,0.0072499854451346969,0,0
2021-12-16,-0.0016027111256504,-295.35999999998967,1,0,0,FLAT,0,A,-0.0016027111256504,2.0454481866900114,2.0421699241242619,0,0,0,-295.35999999998967,-0.0016027111256504,-0.0032782625657495176,0,0
2021-12-17,-0.011163747461748899,-2054,1,0,0,FLAT,0,A,-0.011163747461748899,2.0421699241242619,2.0193716548173599,0,0,0,-2054,-0.011163747461748899,-0.02279826930690217,0,0
2021-12-20,-0.0015853352542408001,-288.41999999998723,1,0,0,FLAT,0,A,-0.0015853352542408001,2.0193716548173599,2.0161702737415634,0,0,0,-288.41999999998723,-0.0015853352542408001,-0.0032013810757965445,0,0
2021-12-21,0.0068455704362353001,1243.4100000000162,1,0,0,FLAT,0,A,0.0068455704362353001,2.0161702737415634,2.0299721093619052,0,0,0,1243.4100000000162,0.0068455704362353001,0.013801835620341679,0,0
2021-12-22,0.0032259014040097,589.93999999999858,2,0,0,FLAT,0,A,0.0032259014040097,2.0299721093619052,2.0365205992395965,0,0,0,589.93999999999858,0.0032259014040097,0.0065484898776911023,0,0
2021-12-23,0.00038701133700089999,70.999999999972232,3,0,0,FLAT,0,A,0.00038701133700089999,2.0365205992395965,2.037308755799538,0,0,0,70.999999999972232,0.00038701133700089999,0.00078815655994159031,0,0
2021-12-27,0.0142845807056006,2621.4300000000057,1,0,0,FLAT,0,A,0.0142845807056006,2.037308755799538,2.0664108571439832,0,0,0,2621.4300000000057,0.0142845807056006,0.029102101344445245,0,0
2021-12-28,0,0,0,0,0,FLAT,0,A,0,2.0664108571439832,2.0664108571439832,0,0,0,0,0,0,0,0
2021-12-29,0,0,0,0,0,FLAT,0,A,0,2.0664108571439832,2.0664108571439832,0,0,0,0,0,0,0,0
2021-12-30,0,0,0,0,0,FLAT,0,A,0,2.0664108571439832,2.0664108571439832,0,0,0,0,0,0,0,0
2021-12-31,0,0,0,0,0,FLAT,0,A,0,2.0664108571439832,2.0664108571439832,0,0,0,0,0,0,0,0
2022-01-03,0,0,0,0,0,FLAT,0,A,0,2.0664108571439832,2.0664108571439832,0,0,0,0,0,0,0,0
2022-01-04,0,0,0,0,0,FLAT,0,A,0,2.0664108571439832,2.0664108571439832,0,0,0,0,0,0,0,0
2022-01-05,0.0231633020855854,4311.4200000000055,1,0,0,FLAT,0,A,0.0231633020855854,2.0664108571439832,2.1142757560609429,0,0,0,4311.4200000000055,0.0231633020855854,0.047864898916959539,0,0
2022-01-06,-0.0071070090214181,-1353.439999999993,1,0,1,ENTRY,0,A,-0.0071070090214181,2.1142757560609429,2.0992495791888519,0,0,0,-1353.439999999993,-0.0071070090214181,-0.015026176872090695,0,0
2022-01-07,-0.0094900250230418991,-1794.3600000000231,1,1,1,HOLD,-0.0031193915049995725,B,-0.0031193915049995725,2.0992495791888519,2.0927011978846561,1,-1794.3600000000231,-0.0094900250230418991,0,0,0,-0.006548381304195632,-0.019921931036112381
2022-01-10,-0.0097375748565656003,-1823.640000000029,3,1,0,EXIT,-0.0034935059368168373,B,-0.0034935059368168373,2.0927011978846561,2.0853903338258624,3,-1823.640000000029,-0.0097375748565656003,0,0,0,-0.0073108640587937531,-0.02037783456682634
2022-01-11,-0.0111967828848835,-2076.3000000000093,4,0,0,FLAT,0,A,-0.0111967828848835,2.0853903338258624,2.0620406710277797,0,0,0,-2076.3000000000093,-0.0111967828848835,-0.023349662798082906,0,0
2022-01-12,-0.0027838988723246998,-510.38999999997367,1,0,0,FLAT,0,A,-0.0027838988723246998,2.0620406710277797,2.0563001583290177,0,0,0,-510.38999999997367,-0.0027838988723246998,-0.0057405126987619031,0,0
2022-01-13,0.0156931487583339,2869.0100000000025,1,0,0,FLAT,0,A,0.0156931487583339,2.0563001583290177,2.0885699826054602,0,0,0,2869.0100000000025,0.0156931487583339,0.032269824276442823,0,0
2022-01-14,0,0,0,0,0,FLAT,0,A,0,2.0885699826054602,2.0885699826054602,0,0,0,0,0,0,0,0
2022-01-18,-0.00024342807085279999,-45.199999999958955,2,0,1,ENTRY,0,A,-0.00024342807085279999,2.0885699826054602,2.0880615660437538,0,0,0,-45.199999999958955,-0.00024342807085279999,-0.00050841656170671318,0,0
2022-01-19,-0.0187654233353476,-3483.2400000000398,2,1,1,HOLD,-0.0090976850227990173,B,-0.0090976850227990173,2.0880615660437538,2.0690650396076751,2,-3483.2400000000398,-0.0187654233353476,0,0,0,-0.01899652643607852,-0.039183359237079912
2022-01-20,-0.0120086799454208,-2187.0600000000559,2,1,1,HOLD,-0.011238689409526338,B,-0.011238689409526338,2.0690650396076751,2.0458114602594151,2,-2187.0600000000559,-0.0120086799454208,0,0,0,-0.023253579348259969,-0.024846739846907981
2022-01-21,0.015901140169741899,2860.98000000003,2,1,1,HOLD,-0.017139149307497818,B,-0.017139149307497818,2.0458114602594151,2.0107479921870386,2,2860.98000000003,0.015901140169741899,0,0,0,-0.035063468072376251,0.032530734790449316
2022-01-24,-0.017776798676655499,-3249.080000000039,2,1,0,EXIT,0.00015935529401051745,B,0.00015935529401051745,2.0107479921870386,2.0110684155245147,2,-3249.080000000039,-0.017776798676655499,0,0,0,0.00032042333747602317,-0.035744662246598252
2022-01-25,-0.028477697149062901,-5112.009999999992,3,0,0,FLAT,0,A,-0.028477697149062901,2.0110684155245147,1.9537978182411617,0,0,0,-5112.009999999992,-0.028477697149062901,-0.057270597283352917,0,0
2022-01-26,-0.0203281762934595,-3544.7999999999902,1,0,0,FLAT,0,A,-0.0203281762934595,1.9537978182411617,1.9140806717501788,0,0,0,-3544.7999999999902,-0.0203281762934595,-0.039717146490982874,0,0
2022-01-27,-0.013336518214276999,-2278.25,2,0,1,ENTRY,0,A,-0.013336518214276999,1.9140806717501788,1.8885535000077871,0,0,0,-2278.25,-0.013336518214276999,-0.025527171742391812,0,0
2022-01-28,-0.0070580956597513997,-1189.5499999998938,4,1,0,EXIT,0.022189794547518123,B,0.022189794547518123,1.8885535000077871,1.930460114164956,4,-1189.5499999998938,-0.0070580956597513997,0,0,0,0.041906614157169064,-0.013329591261613278
2022-01-31,0.021209823924180301,3548.8799999999901,1,0,0,FLAT,0,A,0.021209823924180301,1.930460114164956,1.9714048332790477,0,0,0,3548.8799999999901,0.021209823924180301,0.04094471911409172,0,0
2022-02-01,0,0,0,0,0,FLAT,0,A,0,1.9714048332790477,1.9714048332790477,0,0,0,0,0,0,0,0
2022-02-02,0,0,0,0,0,FLAT,0,A,0,1.9714048332790477,1.9714048332790477,0,0,0,0,0,0,0,0
2022-02-03,0,0,0,0,0,FLAT,0,A,0,1.9714048332790477,1.9714048332790477,0,0,0,0,0,0,0,0
2022-02-04,-0.0014376102773612999,-245.63999999998907,1,0,0,FLAT,0,A,-0.0014376102773612999,1.9714048332790477,1.968570721429886,0,0,0,-245.63999999998907,-0.0014376102773612999,-0.0028341118491616991,0,0
2022-02-07,0,0,0,0,0,FLAT,0,A,0,1.968570721429886,1.968570721429886,0,0,0,0,0,0,0,0
2022-02-08,-0.0011059825898061999,-188.70000000001767,1,0,0,FLAT,0,A,-0.0011059825898061999,1.968570721429886,1.9663935164851822,0,0,0,-188.70000000001767,-0.0011059825898061999,-0.0021772049447036845,0,0
2022-02-09,0,0,0,0,0,FLAT,0,A,0,1.9663935164851822,1.9663935164851822,0,0,0,0,0,0,0,0
2022-02-10,0,0,0,0,0,FLAT,0,A,0,1.9663935164851822,1.9663935164851822,0,0,0,0,0,0,0,0
2022-02-11,0.015785718766530898,2690.2799999999897,1,0,0,FLAT,0,A,0.015785718766530898,1.9663935164851822,1.9974344515207472,0,0,0,2690.2799999999897,0.015785718766530898,0.031040935035564828,0,0
2022-02-14,-0.011336177604298199,-1962.4200000000133,2,0,0,FLAT,0,A,-0.011336177604298199,1.9974344515207472,1.9747911798253641,0,0,0,-1962.4200000000133,-0.011336177604298199,-0.02264327169538315,0,0
2022-02-15,-0.0035703822975275,-611.03999999999269,1,0,0,FLAT,0,A,-0.0035703822975275,1.9747911798253641,1.9677404203556021,0,0,0,-611.03999999999269,-0.0035703822975275,-0.0070507594697619257,0,0
2022-02-16,0,0,0,0,0,FLAT,0,A,0,1.9677404203556021,1.9677404203556021,0,0,0,0,0,0,0,0
2022-02-17,0.0098488478729219994,1679.4899999999891,2,0,0,FLAT,0,A,0.0098488478729219994,1.9677404203556021,1.987120396409084,0,0,0,1679.4899999999891,0.0098488478729219994,0.019379976053481913,0,0
2022-02-18,-0.0040827839572610998,-703.04999999998017,2,0,1,ENTRY,0,A,-0.0040827839572610998,1.987120396409084,1.9790074131334785,0,0,0,-703.04999999998017,-0.0040827839572610998,-0.0081129832756053257,0,0
2022-02-22,-0.0058045461583847999,-995.40999999999872,1,1,1,HOLD,-0.011013317358647067,B,-0.011013317358647067,1.9790074131334785,1.9572119764375242,1,-995.40999999999872,-0.0058045461583847999,0,0,0,-0.021795436695954167,-0.011487239877318972
2022-02-23,0.010477659001739499,1786.3200000000002,2,1,1,HOLD,-0.018288137172677289,B,-0.018288137172677289,1.9572119764375242,1.9214182153364279,2,1786.3200000000002,0.010477659001739499,0,0,0,-0.035793761101096271,0.020506999683232982
2022-02-24,0,0,0,1,0,EXIT,0.014713211039654476,B,0.014713211039654476,1.9214182153364279,1.9496884470341089,0,0,0,0,0,0,0.028270231697681131,0
2022-02-25,0.019443830360277602,3349.5200000000027,1,0,0,FLAT,0,A,0.019443830360277602,1.9496884470341089,1.9875978584536331,0,0,0,3349.5200000000027,0.019443830360277602,0.037909411419524294,0,0
2022-02-28,0,0,0,0,0,FLAT,0,A,0,1.9875978584536331,1.9875978584536331,0,0,0,0,0,0,0,0
2022-03-01,-0.00078440051673740003,-137.75,1,0,0,FLAT,0,A,-0.00078440051673740003,1.9875978584536331,1.9860387856663959,0,0,0,-137.75,-0.00078440051673740003,-0.0015590727872371794,0,0
2022-03-02,0.0018350693260127001,322.00000000001228,2,0,0,FLAT,0,A,0.0018350693260127001,1.9860387856663959,1.989683304522244,0,0,0,322.00000000001228,0.0018350693260127001,0.0036445188558479145,0,0
2022-03-03,-0.0020386304658474999,-358.36000000000359,1,0,0,FLAT,0,A,-0.0020386304658474999,1.989683304522244,1.9856270755202567,0,0,0,-358.36000000000359,-0.0020386304658474999,-0.0040562290019871749,0,0
2022-03-04,0.0015474628418663001,271.46000000000504,1,0,0,FLAT,0,A,0.0015474628418663001,1.9856270755202567,1.9886997596374281,0,0,0,271.46000000000504,0.0015474628418663001,0.0030726841171712471,0,0
2022-03-07,0.027443760085187702,4821.5999999999931,1,0,1,ENTRY,0,A,0.027443760085187702,1.9886997596374281,2.0432771587223884,0,0,0,4821.5999999999931,0.027443760085187702,0.054577399084960024,0,0
2022-03-08,0.00022899300774970001,41.335000000027037,2,1,1,HOLD,-0.0085878770577600145,B,-0.0085878770577600145,2.0432771587223884,2.0257297456883512,2,41.335000000027037,0.00022899300774970001,0,0,0,-0.017547413034037066,0.00046789618224210089
2022-03-09,0,0,0,1,0,EXIT,0.024319136172765446,B,0.024319136172765446,2.0257297456883512,2.0749937432229677,0,0,0,0,0,0,0.049263997534616528,0
2022-03-10,0,0,0,0,0,FLAT,0,A,0,2.0749937432229677,2.0749937432229677,0,0,0,0,0,0,0,0
2022-03-11,0,0,0,0,0,FLAT,0,A,0,2.0749937432229677,2.0749937432229677,0,0,0,0,0,0,0,0
2022-03-14,-0.0053057064237924997,-957.90000000000703,1,0,1,ENTRY,0,A,-0.0053057064237924997,2.0749937432229677,2.0639844355902204,0,0,0,-957.90000000000703,-0.0053057064237924997,-0.011009307632747344,0,0
2022-03-15,-0.0054072849265284001,-971.0399999999978,2,1,0,EXIT,0.021050612577621138,B,0.021050612577621138,2.0639844355902204,2.1074325723100702,2,-971.0399999999978,-0.0054072849265284001,0,0,0,0.043448136719849761,-0.011160551927156226
2022-03-16,0.0032099352046610001,573.29999999997995,1,0,0,FLAT,0,A,0.0032099352046610001,2.1074325723100702,2.1141972943153777,0,0,0,573.29999999997995,0.0032099352046610001,0.0067647220053073829,0,0
2022-03-17,-0.0021372806135364002,-382.93999999999681,1,0,0,FLAT,0,A,-0.0021372806135364002,2.1141972943153777,2.1096786614250465,0,0,0,-382.93999999999681,-0.0021372806135364002,-0.0045186328903313675,0,0
2022-03-18,0,0,0,0,0,FLAT,0,A,0,2.1096786614250465,2.1096786614250465,0,0,0,0,0,0,0,0
2022-03-21,0,0,0,0,0,FLAT,0,A,0,2.1096786614250465,2.1096786614250465,0,0,0,0,0,0,0,0
2022-03-22,0.0021828404699070999,390.26000000001005,1,0,0,FLAT,0,A,0.0021828404699070999,2.1096786614250465,2.1142837533857044,0,0,0,390.26000000001005,0.0021828404699070999,0.0046050919606580301,0,0
2022-03-23,0,0,0,0,0,FLAT,0,A,0,2.1142837533857044,2.1142837533857044,0,0,0,0,0,0,0,0
2022-03-24,0,0,0,0,0,FLAT,0,A,0,2.1142837533857044,2.1142837533857044,0,0,0,0,0,0,0,0
2022-03-25,0,0,0,0,0,FLAT,0,A,0,2.1142837533857044,2.1142837533857044,0,0,0,0,0,0,0,0
2022-03-28,0,0,0,0,0,FLAT,0,A,0,2.1142837533857044,2.1142837533857044,0,0,0,0,0,0,0,0
2022-03-29,0,0,0,0,0,FLAT,0,A,0,2.1142837533857044,2.1142837533857044,0,0,0,0,0,0,0,0
2022-03-30,0,0,0,0,0,FLAT,0,A,0,2.1142837533857044,2.1142837533857044,0,0,0,0,0,0,0,0
2022-03-31,0,0,0,0,0,FLAT,0,A,0,2.1142837533857044,2.1142837533857044,0,0,0,0,0,0,0,0
2022-04-01,0,0,0,0,0,FLAT,0,A,0,2.1142837533857044,2.1142837533857044,0,0,0,0,0,0,0,0
2022-04-04,0.0030370225014652,544.15000000001089,2,0,0,FLAT,0,A,0.0030370225014652,2.1142837533857044,2.1207048807192188,0,0,0,544.15000000001089,0.0030370225014652,0.0064211273335146842,0,0
2022-04-05,0.0046008284407055003,826.80000000001019,2,0,0,FLAT,0,A,0.0046008284407055003,2.1207048807192188,2.1304618800487747,0,0,0,826.80000000001019,0.0046008284407055003,0.0097569993295559473,0,0
2022-04-06,-0.018311423045076401,-3305.6350000000102,3,0,0,FLAT,0,A,-0.018311423045076401,2.1304618800487747,2.0914500912817928,0,0,0,-3305.6350000000102,-0.018311423045076401,-0.039011788766981928,0,0
2022-04-07,-0.0031144294646878999,-551.88000000001375,1,0,0,FLAT,0,A,-0.0031144294646878999,2.0914500912817928,2.0849364174935805,0,0,0,-551.88000000001375,-0.0031144294646878999,-0.0065136737882122136,0,0
2022-04-08,-0.0052607557072628999,-929.2799999999844,1,0,0,FLAT,0,A,-0.0052607557072628999,2.0849364174935805,2.0739680763359707,0,0,0,-929.2799999999844,-0.0052607557072628999,-0.010968341157609618,0,0
2022-04-11,0.0050413419807515004,885.80999999998244,2,0,0,FLAT,0,A,0.0050413419807515004,2.0739680763359707,2.0844236586659419,0,0,0,885.80999999998244,0.0050413419807515004,0.010455582329970962,0,0
2022-04-12,-0.011974247233236699,-2114.463000000032,3,0,1,ENTRY,0,A,-0.011974247233236699,2.0844236586659419,2.059464254438268,0,0,0,-2114.463000000032,-0.011974247233236699,-0.024959404227673773,0,0
2022-04-13,0.016026552016851998,2795.900000000026,1,1,0,EXIT,0.011521788729180926,B,0.011521788729180926,2.059464254438268,2.0831929664732058,1,2795.900000000026,0.016026552016851998,0,0,0,0.023728712034937833,0.033006111000602217
2022-04-14,0.0087519643244107995,1551.2399999999982,2,0,0,FLAT,0,A,0.0087519643244107995,2.0831929664732058,2.1014249969966428,0,0,0,1551.2399999999982,0.0087519643244107995,0.018232030523437002,0,0
2022-04-18,0,0,0,0,0,FLAT,0,A,0,2.1014249969966428,2.1014249969966428,0,0,0,0,0,0,0,0
2022-04-19,0.0168707281816452,3016.2299999999832,1,0,0,FLAT,0,A,0.0168707281816452,2.1014249969966428,2.1368775669150875,0,0,0,3016.2299999999832,0.0168707281816452,0.035452569918444941,0,0
2022-04-20,0,0,0,0,0,FLAT,0,A,0,2.1368775669150875,2.1368775669150875,0,0,0,0,0,0,0,0
2022-04-21,0.0142124094888168,2583.75,1,0,0,FLAT,0,A,0.0142124094888168,2.1368775669150875,2.1672477459235511,0,0,0,2583.75,0.0142124094888168,0.030370179008463744,0,0
2022-04-22,0.039675487487797999,7315.1100000000188,1,0,1,ENTRY,0,A,0.039675487487797999,2.1672477459235511,2.2532343567498994,0,0,0,7315.1100000000188,0.039675487487797999,0.085986610826348273,0,0
2022-04-25,-0.011720398576396699,-2246.5999999999926,2,1,0,EXIT,0.0048444611270116828,B,0.0048444611270116828,2.2532343567498994,2.2641500630012215,2,-2246.5999999999926,-0.011720398576396699,0,0,0,0.010915706251322061,-0.026408804747139653
2022-04-26,0.030443780162357399,5766.8399999999774,1,0,1,ENTRY,0,A,0.030443780162357399,2.2641500630012215,2.3330793497738185,0,0,0,5766.8399999999774,0.030443780162357399,0.06892928677259684,0,0
2022-04-27,-0.0249677366628035,-4873.3899999999903,3,1,1,HOLD,0.00076747811488188031,B,0.00076747811488188031,2.3330793497738185,2.3348699371150525,3,-4873.3899999999903,-0.0249677366628035,0,0,0,0.0017905873412342533,-0.058251710818577516
2022-04-28,0.0072735728281482,1384.1600000000087,1,1,0,EXIT,0.023653749370910922,B,0.023653749370910922,2.3348699371150525,2.3900983654212467,1,1384.1600000000087,0.0072735728281482,0,0,0,0.055228428306193997,0.016982846531860142
2022-04-29,0.024140356042249199,4627.2099999999928,2,0,0,FLAT,0,A,0.024140356042249199,2.3900983654212467,2.4477961909385137,0,0,0,4627.2099999999928,0.024140356042249199,0.057697825517266724,0,0
2022-05-02,-0.0240231571393675,-4715.7099999999937,2,0,0,FLAT,0,A,-0.0240231571393675,2.4477961909385137,2.3889923983984525,0,0,0,-4715.7099999999937,-0.0240231571393675,-0.058803792540061128,0,0
2022-05-03,-0.0054359786978538001,-1041.4000000000058,1,0,0,FLAT,0,A,-0.0054359786978538001,2.3889923983984525,2.3760058866114235,0,0,0,-1041.4000000000058,-0.0054359786978538001,-0.012986511787028646,0,0
2022-05-04,0.012886022090680601,2455.180000000013,1,0,0,FLAT,0,A,0.012886022090680601,2.3760058866114235,2.4066231509538856,0,0,0,2455.180000000013,0.012886022090680601,0.030617264342461949,0,0
2022-05-05,0.017362740867028301,3350.6999999999789,1,0,0,FLAT,0,A,0.017362740867028301,2.4066231509538856,2.4484087250884889,0,0,0,3350.6999999999789,0.017362740867028301,0.041785574134603452,0,0
2022-05-06,-0.0067997865895891999,-1335,1,0,0,FLAT,0,A,-0.0067997865895891999,2.4484087250884889,2.4317600682737988,0,0,0,-1335,-0.0067997865895891999,-0.016648656814689897,0,0
2022-05-09,-0.0073572409097302002,-1434.5999999999694,3,0,1,ENTRY,0,A,-0.0073572409097302002,2.4317600682737988,2.4138690236168463,0,0,0,-1434.5999999999694,-0.0073572409097302002,-0.017891044656952296,0,0
2022-05-10,0,0,0,1,1,HOLD,0.00072736393278154002,B,0.00072736393278154002,2.4138690236168463,2.4156247848830841,0,0,0,0,0,0,0.0017557612662374854,0
2022-05-11,-0.0011263380999961001,-218,1,1,1,HOLD,-0.016541767964109375,B,-0.016541767964109375,2.4156247848830841,2.3756660802031964,1,-218,-0.0011263380999961001,0,0,0,-0.039958704679887602,-0.0027208102305087008
2022-05-12,0,0,0,1,0,EXIT,-0.001936848543540865,B,-0.001936848543540865,2.3756660802031964,2.3710647748158156,0,0,0,0,0,0,-0.0046013053873809971,0
2022-05-13,-0.0019684418251243998,-380.55199999999536,2,0,0,FLAT,0,A,-0.0019684418251243998,2.3710647748158156,2.3663974717429892,0,0,0,-380.55199999999536,-0.0019684418251243998,-0.0046673030728266183,0,0
2022-05-16,0,0,0,0,0,FLAT,0,A,0,2.3663974717429892,2.3663974717429892,0,0,0,0,0,0,0,0
2022-05-17,0,0,0,0,0,FLAT,0,A,0,2.3663974717429892,2.3663974717429892,0,0,0,0,0,0,0,0
2022-05-18,0.021239282348910999,4097.9000000000124,1,0,0,FLAT,0,A,0.021239282348910999,2.3663974717429892,2.4166580557950876,0,0,0,4097.9000000000124,0.021239282348910999,0.050260584052098482,0,0
2022-05-19,0,0,0,0,0,FLAT,0,A,0,2.4166580557950876,2.4166580557950876,0,0,0,0,0,0,0,0
2022-05-20,-0.0130547152658309,-2572.229999999975,1,0,0,FLAT,0,A,-0.0130547152658309,2.4166580557950876,2.3851092729818064,0,0,0,-2572.229999999975,-0.0130547152658309,-0.031548782813281356,0,0
2022-05-23,0,0,0,0,0,FLAT,0,A,0,2.3851092729818064,2.3851092729818064,0,0,0,0,0,0,0,0
2022-05-24,0.0050206991993185001,976.32000000001131,1,0,0,FLAT,0,A,0.0050206991993185001,2.3851092729818064,2.3970841891989534,0,0,0,976.32000000001131,0.0050206991993185001,0.011974916217146886,0,0
2022-05-25,-0.0027552276499552999,-538.45999999998764,1,0,0,FLAT,0,A,-0.0027552276499552999,2.3970841891989534,2.3904796765616019,0,0,0,-538.45999999998764,-0.0027552276499552999,-0.0066045126373516375,0,0
2022-05-26,0.0067986996719778996,1325,1,0,0,FLAT,0,A,0.0067986996719778996,2.3904796765616019,2.4067318299545115,0,0,0,1325,0.0067986996719778996,0.016252153392909197,0,0
2022-05-27,0.007093671915732,1391.8599999999774,2,0,0,FLAT,0,A,0.007093671915732,2.4067318299545115,2.4238043959453579,0,0,0,1391.8599999999774,0.007093671915732,0.017072565990846601,0,0
2022-05-31,-0.0024500447976307,-484.11999999998312,1,0,0,FLAT,0,A,-0.0024500447976307,2.4238043959453579,2.4178659665945976,0,0,0,-484.11999999998312,-0.0024500447976307,-0.0059384293507603455,0,0
2022-06-01,-0.0038988670318566001,-768.49999999999397,1,0,0,FLAT,0,A,-0.0038988670318566001,2.4178659665945976,2.4084390286899939,0,0,0,-768.49999999999397,-0.0038988670318566001,-0.0094269379046037684,0,0
2022-06-02,0.0092001310832265006,1806.3200000000024,1,0,0,FLAT,0,A,0.0092001310832265006,2.4084390286899939,2.4305969834599006,0,0,0,1806.3200000000024,0.0092001310832265006,0.022157954769906656,0,0
2022-06-03,0,0,0,0,0,FLAT,0,A,0,2.4305969834599006,2.4305969834599006,0,0,0,0,0,0,0,0
2022-06-06,0,0,0,0,0,FLAT,0,A,0,2.4305969834599006,2.4305969834599006,0,0,0,0,0,0,0,0
2022-06-07,0,0,0,0,0,FLAT,0,A,0,2.4305969834599006,2.4305969834599006,0,0,0,0,0,0,0,0
2022-06-08,0,0,0,0,0,FLAT,0,A,0,2.4305969834599006,2.4305969834599006,0,0,0,0,0,0,0,0
2022-06-09,0.010517773084852199,2083.979999999995,1,0,0,FLAT,0,A,0.010517773084852199,2.4305969834599006,2.4561614509926581,0,0,0,2083.979999999995,0.010517773084852199,0.025564467532757488,0,0
2022-06-10,0.00055424668031859995,110.97000000001094,2,0,1,ENTRY,0,A,0.00055424668031859995,2.4561614509926581,2.4575227703231972,0,0,0,110.97000000001094,0.00055424668031859995,0.0013613193305391964,0,0
2022-06-13,-0.0011438748961288001,-229.14000000000283,2,1,1,HOLD,-0.040309164896475826,B,-0.040309164896475826,2.4575227703231972,2.3584620797373952,2,-229.14000000000283,-0.0011438748961288001,0,0,0,-0.099060690585801844,-0.0028110986036376084
2022-06-14,0,0,0,1,1,HOLD,-0.0038935409888527389,B,-0.0038935409888527389,2.3584620797373952,2.3492793109592829,0,0,0,0,0,0,-0.0091827687781124243,0
2022-06-15,-0.0077934823780549996,-1559.3300000000229,1,1,0,EXIT,0.014457057185692868,B,0.014457057185692868,2.3492793109592829,2.3832429763029861,1,-1559.3300000000229,-0.0077934823780549996,0,0,0,0.033963665343703493,-0.018309066911090362
2022-06-16,-0.0061774719163899001,-1226.3400000000306,3,0,0,FLAT,0,A,-0.0061774719163899001,2.3832429763029861,2.368520559746941,0,0,0,-1226.3400000000306,-0.0061774719163899001,-0.014722416556045177,0,0
2022-06-17,-0.0107466536296307,-2120.0999999999963,1,0,0,FLAT,0,A,-0.0107466536296307,2.368520559746941,2.3430668896766815,0,0,0,-2120.0999999999963,-0.0107466536296307,-0.0254536700702594,0,0
2022-06-21,0.0012869702192294,251.16000000000952,1,0,0,FLAT,0,A,0.0012869702192294,2.3430668896766815,2.3460823469853578,0,0,0,251.16000000000952,0.0012869702192294,0.0030154573086763471,0,0
2022-06-22,0,0,0,0,0,FLAT,0,A,0,2.3460823469853578,2.3460823469853578,0,0,0,0,0,0,0,0
2022-06-23,0,0,0,0,0,FLAT,0,A,0,2.3460823469853578,2.3460823469853578,0,0,0,0,0,0,0,0
2022-06-24,0.013498001220605601,2637.5500000000038,1,0,0,FLAT,0,A,0.013498001220605601,2.3460823469853578,2.3777497693686076,0,0,0,2637.5500000000038,0.013498001220605601,0.031667422383249613,0,0
2022-06-27,0,0,0,0,0,FLAT,0,A,0,2.3777497693686076,2.3777497693686076,0,0,0,0,0,0,0,0
2022-06-28,0.012975163556714501,2569.5599999999968,1,0,0,FLAT,0,A,0.012975163556714501,2.3777497693686076,2.4086014615231055,0,0,0,2569.5599999999968,0.012975163556714501,0.030851692154497866,0,0
2022-06-29,0,0,0,0,0,FLAT,0,A,0,2.4086014615231055,2.4086014615231055,0,0,0,0,0,0,0,0
2022-06-30,-0.0018377094072111,-368.64999999998048,1,0,1,ENTRY,0,A,-0.0018377094072111,2.4086014615231055,2.4041751519590422,0,0,0,-368.64999999998048,-0.0018377094072111,-0.0044263095640634156,0,0
2022-07-01,0,0,0,1,0,EXIT,0.011155971100722481,B,0.011155971100722481,2.4041751519590422,2.4309960604753726,0,0,0,0,0,0,0.026820908516330153,0
2022-07-05,-0.0066141171764960002,-1324.3500000000038,2,0,0,FLAT,0,A,-0.0066141171764960002,2.4309960604753726,2.4149171676757883,0,0,0,-1324.3500000000038,-0.0066141171764960002,-0.016078892799584271,0,0
2022-07-06,0,0,0,0,0,FLAT,0,A,0,2.4149171676757883,2.4149171676757883,0,0,0,0,0,0,0,0
2022-07-07,0.00027612028515549999,54.919999999984483,3,0,0,FLAT,0,A,0.00027612028515549999,2.4149171676757883,2.4155839752927539,0,0,0,54.919999999984483,0.00027612028515549999,0.00066680761696555108,0,0
2022-07-08,0,0,0,0,0,FLAT,0,A,0,2.4155839752927539,2.4155839752927539,0,0,0,0,0,0,0,0
2022-07-11,0,0,0,0,0,FLAT,0,A,0,2.4155839752927539,2.4155839752927539,0,0,0,0,0,0,0,0
2022-07-12,0,0,0,0,1,ENTRY,0,A,0,2.4155839752927539,2.4155839752927539,0,0,0,0,0,0,0,0
2022-07-13,0,0,0,1,0,EXIT,-0.0030991464215364413,B,-0.0030991464215364413,2.4155839752927539,2.4080977268598045,0,0,0,0,0,0,-0.0074862484329493101,0
2022-07-14,-0.0047561904253783996,-946.1999999999889,1,0,0,FLAT,0,A,-0.0047561904253783996,2.4080977268598045,2.3966443555079384,0,0,0,-946.1999999999889,-0.0047561904253783996,-0.01145337135186609,0,0
2022-07-15,-0.0018523782473446001,-366.74999999999073,1,0,0,FLAT,0,A,-0.0018523782473446001,2.3966443555079384,2.3922048636371742,0,0,0,-366.74999999999073,-0.0018523782473446001,-0.0044394918707641234,0,0
2022-07-18,0,0,0,0,0,FLAT,0,A,0,2.3922048636371742,2.3922048636371742,0,0,0,0,0,0,0,0
2022-07-19,0.019723072796042102,3897.6000000000017,1,0,0,FLAT,0,A,0.019723072796042102,2.3922048636371742,2.4393864943057362,0,0,0,3897.6000000000017,0.019723072796042102,0.047181630668561958,0,0
2022-07-20,-0.0079932649137912006,-1610.6999999999939,1,0,0,FLAT,0,A,-0.0079932649137912006,2.4393864943057362,2.4198878318296262,0,0,0,-1610.6999999999939,-0.0079932649137912006,-0.019498662476110158,0,0
2022-07-21,-0.012388548153856699,-2476.349999999994,2,0,0,FLAT,0,A,-0.012388548153856699,2.4198878318296262,2.3899089348980729,0,0,0,-2476.349999999994,-0.012388548153856699,-0.029978896931553208,0,0
2022-07-22,0.0064721442207948,1277.6120000000064,1,0,0,FLAT,0,A,0.0064721442207948,2.3899089348980729,2.4053767701992994,0,0,0,1277.6120000000064,0.0064721442207948,0.015467835301226418,0,0
2022-07-25,0,0,0,0,0,FLAT,0,A,0,2.4053767701992994,2.4053767701992994,0,0,0,0,0,0,0,0
2022-07-26,-0.0012900591035316,-256.29999999996824,3,0,1,ENTRY,0,A,-0.0012900591035316,2.4053767701992994,2.4022736919994805,0,0,0,-256.29999999996824,-0.0012900591035316,-0.0031030781998190437,0,0
2022-07-27,0.0064941533617578996,1288.4299999999869,2,1,0,EXIT,0.02693507955184939,B,0.02693507955184939,2.4022736919994805,2.4669791249988018,2,1288.4299999999869,0.0064941533617578996,0,0,0,0.064705432999320953,0.015600733772760987
2022-07-28,-0.0049351086696736001,-985.42000000000155,3,0,0,FLAT,0,A,-0.0049351086696736001,2.4669791249988018,2.4548043149311165,0,0,0,-985.42000000000155,-0.0049351086696736001,-0.012174810067685379,0,0
2022-07-29,0.0019250068858823,382.45000000000795,2,0,0,FLAT,0,A,0.0019250068858823,2.4548043149311165,2.4595298301408524,0,0,0,382.45000000000795,0.0019250068858823,0.0047255152097359816,0,0
2022-08-01,0,0,0,0,0,FLAT,0,A,0,2.4595298301408524,2.4595298301408524,0,0,0,0,0,0,0,0
2022-08-02,0,0,0,0,0,FLAT,0,A,0,2.4595298301408524,2.4595298301408524,0,0,0,0,0,0,0,0
2022-08-03,0.0097667307072691993,1944.0400000000041,1,0,0,FLAT,0,A,0.0097667307072691993,2.4595298301408524,2.4835513956583339,0,0,0,1944.0400000000041,0.0097667307072691993,0.024021565517481261,0,0
2022-08-04,0,0,0,0,0,FLAT,0,A,0,2.4835513956583339,2.4835513956583339,0,0,0,0,0,0,0,0
2022-08-05,0,0,0,0,0,FLAT,0,A,0,2.4835513956583339,2.4835513956583339,0,0,0,0,0,0,0,0
2022-08-08,-0.0016362333287833,-328.86000000001246,1,0,1,ENTRY,0,A,-0.0016362333287833,2.4835513956583339,2.4794877260910115,0,0,0,-328.86000000001246,-0.0016362333287833,-0.0040636695673224466,0,0
2022-08-09,-0.0031607014233382001,-634.1999999999897,1,1,1,HOLD,-0.0049642813899987894,B,-0.0049642813899987894,2.4794877260910115,2.4671788513156474,1,-634.1999999999897,-0.0031607014233382001,0,0,0,-0.012308874775364024,-0.007836920385005457
2022-08-10,0,0,0,1,0,EXIT,0.021635434412265758,B,0.021635434412265758,2.4671788513156474,2.5205573375366161,0,0,0,0,0,0,0.053378486220968864,0
2022-08-11,0,0,0,0,0,FLAT,0,A,0,2.5205573375366161,2.5205573375366161,0,0,0,0,0,0,0,0
2022-08-12,0.011340169373181001,2268.1599999999758,2,0,0,FLAT,0,A,0.011340169373181001,2.5205573375366161,2.5491408846590953,0,0,0,2268.1599999999758,0.011340169373181001,0.028583547122479382,0,0
2022-08-15,0,0,0,0,0,FLAT,0,A,0,2.5491408846590953,2.5491408846590953,0,0,0,0,0,0,0,0
2022-08-16,0,0,0,0,0,FLAT,0,A,0,2.5491408846590953,2.5491408846590953,0,0,0,0,0,0,0,0
2022-08-17,0,0,0,0,0,FLAT,0,A,0,2.5491408846590953,2.5491408846590953,0,0,0,0,0,0,0,0
2022-08-18,0,0,0,0,0,FLAT,0,A,0,2.5491408846590953,2.5491408846590953,0,0,0,0,0,0,0,0
2022-08-19,5.1960869737609458e-05,10.510000000051887,2,0,0,FLAT,0,A,5.1960869737609458e-05,2.5491408846590953,2.5492733402365459,0,0,0,10.510000000051887,5.1960869737609458e-05,0.00013245557745058579,0,0
2022-08-22,0.0123103154893599,2489.9200000000183,1,0,1,ENTRY,0,A,0.0123103154893599,2.5492733402365459,2.5806556993234717,0,0,0,2489.9200000000183,0.0123103154893599,0.031382359086926201,0,0
2022-08-23,0,0,0,1,1,HOLD,-0.0013432564893810128,B,-0.0013432564893810128,2.5806556993234717,2.5771892168084971,0,0,0,0,0,0,-0.0034664825149743491,0
2022-08-24,-0.0061651086606260997,-1262.2799999999766,1,1,0,EXIT,0.0024962435170374679,B,0.0024962435170374679,2.5771892168084971,2.5836225086831344,1,-1262.2799999999766,-0.0061651086606260997,0,0,0,0.0064332918746370805,-0.01588865156061826
2022-08-25,-0.0043326783581128002,-881.59999999998945,1,0,0,FLAT,0,A,-0.0043326783581128002,2.5836225086831344,2.5724285033542298,0,0,0,-881.59999999998945,-0.0043326783581128002,-0.011194005328904516,0,0
2022-08-26,0.035454228166093303,7182.6299999999983,1,0,0,FLAT,0,A,0.035454228166093303,2.5724285033542298,2.6636319704531122,0,0,0,7182.6299999999983,0.035454228166093303,0.091203467098882773,0,0
2022-08-29,0,0,0,0,0,FLAT,0,A,0,2.6636319704531122,2.6636319704531122,0,0,0,0,0,0,0,0
2022-08-30,0.0069973440412243,1467.8000000000079,1,0,1,ENTRY,0,A,0.0069973440412243,2.6636319704531122,2.682270319749577,0,0,0,1467.8000000000079,0.0069973440412243,0.018638349296464626,0,0
2022-08-31,0,0,0,1,1,HOLD,-0.0054020100502512559,B,-0.0054020100502512559,2.682270319749577,2.6677806685247991,0,0,0,0,0,0,-0.014489651224777864,0
2022-09-01,-0.0045858483633890003,-968.65999999999804,1,1,0,EXIT,0.00015157256536566882,B,0.00015157256536566882,2.6677806685247991,2.66818503088456,1,-968.65999999999804,-0.0045858483633890003,0,0,0,0.00040436235976124278,-0.012234037612635263
2022-09-02,0.003151715726485,662.65999999999997,2,0,0,FLAT,0,A,0.003151715726485,2.66818503088456,2.676594391607571,0,0,0,662.65999999999997,0.003151715726485,0.008409360723010734,0,0
2022-09-06,-0.0076539084882553,-1614.2399999999834,1,0,0,FLAT,0,A,-0.0076539084882553,2.676594391607571,2.6561079830740293,0,0,0,-1614.2399999999834,-0.0076539084882553,-0.020486408533541719,0,0
2022-09-07,0.021227676327696201,4442.5999999999685,1,0,0,FLAT,0,A,0.021227676327696201,2.6561079830740293,2.7124909836301345,0,0,0,4442.5999999999685,0.021227676327696201,0.05638300055610547,0,0
2022-09-08,-0.0041924096096485003,-896.00000000000352,1,0,0,FLAT,0,A,-0.0041924096096485003,2.7124909836301345,2.7011191103642784,0,0,0,-896.00000000000352,-0.0041924096096485003,-0.011371873265855889,0,0
2022-09-09,0.000841658229292,179.12000000001407,4,0,0,FLAT,0,A,0.000841658229292,2.7011191103642784,2.7033925294918144,0,0,0,179.12000000001407,0.000841658229292,0.002273419127535981,0,0
2022-09-12,-0.001633991408661,-348.00000000001319,1,0,0,FLAT,0,A,-0.001633991408661,2.7033925294918144,2.6989752093243862,0,0,0,-348.00000000001319,-0.001633991408661,-0.0044173201674279541,0,0
2022-09-13,0.012977469757047101,2759.3000000000602,3,0,0,FLAT,0,A,0.012977469757047101,2.6989752093243862,2.7340010784784132,0,0,0,2759.3000000000602,0.012977469757047101,0.035025869154027091,0,0
2022-09-14,0,0,0,0,0,FLAT,0,A,0,2.7340010784784132,2.7340010784784132,0,0,0,0,0,0,0,0
2022-09-15,0,0,0,0,1,ENTRY,0,A,0,2.7340010784784132,2.7340010784784132,0,0,0,0,0,0,0,0
2022-09-16,0,0,0,1,0,EXIT,-0.006926806897081807,B,-0.006926806897081807,2.7340010784784132,2.7150631809513799,0,0,0,0,0,0,-0.01893789752703337,0
2022-09-19,0,0,0,0,0,FLAT,0,A,0,2.7150631809513799,2.7150631809513799,0,0,0,0,0,0,0,0
2022-09-20,-0.0032899450986754999,-708.54000000001315,1,0,0,FLAT,0,A,-0.0032899450986754999,2.7150631809513799,2.7061307721466146,0,0,0,-708.54000000001315,-0.0032899450986754999,-0.0089324088047653041,0,0
2022-09-21,-0.019306998717154401,-4144.2800000000061,1,0,0,FLAT,0,A,-0.019306998717154401,2.7061307721466146,2.6538835088003281,0,0,0,-4144.2800000000061,-0.019306998717154401,-0.052247263346286738,0,0
2022-09-22,-0.0058421672524615002,-1229.7900000000334,2,0,1,ENTRY,0,A,-0.0058421672524615002,2.6538835088003281,2.6383790774733673,0,0,0,-1229.7900000000334,-0.0058421672524615002,-0.015504431326960898,0,0
2022-09-23,-0.00044107219978210002,-92.299999999996771,1,1,0,EXIT,-0.020890269427150686,B,-0.020890269427150686,2.6383790774733673,2.5832626276939914,1,-92.299999999996771,-0.00044107219978210002,0,0,0,-0.055116449779375916,-0.0011637156635602459
2022-09-26,-0.0043356571930624997,-906.86999999997443,2,0,1,ENTRY,0,A,-0.0043356571930624997,2.5832626276939914,2.5720624865006605,0,0,0,-906.86999999997443,-0.0043356571930624997,-0.011200141193330989,0,0
2022-09-27,0.0010449999690274,217.6200000000016,1,1,1,HOLD,-0.0040036197109715637,B,-0.0040036197109715637,2.5720624865006605,2.5617649264318558,1,217.6200000000016,0.0010449999690274,0,0,0,-0.010297560068804576,0.0026878052187297276
2022-09-28,0.013075506943929199,2725.7400000000107,2,1,0,EXIT,0.021860631590539907,B,0.021860631590539907,2.5617649264318558,2.6177667257101489,2,2725.7400000000107,0.013075506943929199,0,0,0,0.056001799278293365,0.033496375084274006
2022-09-29,-0.0039010936430152999,-823.81999999998368,2,0,0,FLAT,0,A,-0.0039010936430152999,2.6177667257101489,2.6075545725775839,0,0,0,-823.81999999998368,-0.0039010936430152999,-0.010212153132564837,0,0
2022-09-30,-0.0090062483510255,-1894.4000000000017,1,0,0,FLAT,0,A,-0.0090062483510255,2.6075545725775839,2.5840702885080979,0,0,0,-1894.4000000000017,-0.0090062483510255,-0.02348428406948587,0,0
2022-10-03,0.0075118278221651003,1565.7900000000373,1,0,0,FLAT,0,A,0.0075118278221651003,2.5840702885080979,2.6034813795957432,0,0,0,1565.7900000000373,0.0075118278221651003,0.019411091087645327,0,0
2022-10-04,0.0010148396827821,213.12000000002308,2,0,0,FLAT,0,A,0.0010148396827821,2.6034813795957432,2.606123495813141,0,0,0,213.12000000002308,0.0010148396827821,0.0026421162173980483,0,0
2022-10-05,0,0,0,0,0,FLAT,0,A,0,2.606123495813141,2.606123495813141,0,0,0,0,0,0,0,0
2022-10-06,0,0,0,0,0,FLAT,0,A,0,2.606123495813141,2.606123495813141,0,0,0,0,0,0,0,0
2022-10-07,0.0091359040004409999,1920.4199999999955,1,0,1,ENTRY,0,A,0.0091359040004409999,2.606123495813141,2.6299327898841836,0,0,0,1920.4199999999955,0.0091359040004409999,0.023809294071042559,0,0
2022-10-10,-0.0095129935278776001,-2017.909999999996,2,1,1,HOLD,-0.0078490773891489955,B,-0.0078490773891489955,2.6299327898841836,2.6092902438881223,2,-2017.909999999996,-0.0095129935278776001,0,0,0,-0.020642545996061482,-0.025018533608921319
2022-10-11,0.0001856261361294,38.99899999997956,1,1,1,HOLD,-0.0066897987508674536,B,-0.0066897987508674536,2.6092902438881223,2.5918346172739088,1,38.99899999997956,0.0001856261361294,0,0,0,-0.017455626614213394,0.0004843524660130919
2022-10-12,0,0,0,1,1,HOLD,-0.0023753632908562485,B,-0.0023753632908562485,2.5918346172739088,2.585678068468066,0,0,0,0,0,0,-0.0061565488058428972,0
2022-10-13,0.017249903724483501,3624.7000000000166,1,1,0,EXIT,0.025939101935628449,B,0.025939101935628449,2.585678068468066,2.6527482354587781,1,3624.7000000000166,0.017249903724483501,0,0,0,0.067070166990712041,0.044602697743582595
2022-10-14,0.0134364314014906,2872.0199999999827,1,0,0,FLAT,0,A,0.0134364314014906,2.6527482354587781,2.6883917051499449,0,0,0,2872.0199999999827,0.0134364314014906,0.035643469691167107,0,0
2022-10-17,-0.0017430821145818999,-377.58000000000283,1,0,0,FLAT,0,A,-0.0017430821145818999,2.6883917051499449,2.6837056176517078,0,0,0,-377.58000000000283,-0.0017430821145818999,-0.0046860874982372052,0,0
2022-10-18,0,0,0,0,0,FLAT,0,A,0,2.6837056176517078,2.6837056176517078,0,0,0,0,0,0,0,0
2022-10-19,0,0,0,0,0,FLAT,0,A,0,2.6837056176517078,2.6837056176517078,0,0,0,0,0,0,0,0
2022-10-20,-0.0032909648470549999,-711.61999999999853,1,0,0,FLAT,0,A,-0.0032909648470549999,2.6837056176517078,2.6748736368041719,0,0,0,-711.61999999999853,-0.0032909648470549999,-0.0088319808475357964,0,0
2022-10-21,0.0063841806137501997,1375.9099999999837,2,0,0,FLAT,0,A,0.0063841806137501997,2.6748736368041719,2.6919505132204882,0,0,0,1375.9099999999837,0.0063841806137501997,0.017076876416316687,0,0
2022-10-24,0,0,0,0,0,FLAT,0,A,0,2.6919505132204882,2.6919505132204882,0,0,0,0,0,0,0,0
2022-10-25,0.0023385554262695999,507.2000000000254,3,0,0,FLAT,0,A,0.0023385554262695999,2.6919505132204882,2.698245788700429,0,0,0,507.2000000000254,0.0023385554262695999,0.0062952754799410066,0,0
2022-10-26,0,0,0,0,0,FLAT,0,A,0,2.698245788700429,2.698245788700429,0,0,0,0,0,0,0,0
2022-10-27,0,0,0,0,0,FLAT,0,A,0,2.698245788700429,2.698245788700429,0,0,0,0,0,0,0,0
2022-10-28,0.019383709974520699,4213.6200000000217,1,0,0,FLAT,0,A,0.019383709974520699,2.698245788700429,2.7505478025085699,0,0,0,4213.6200000000217,0.019383709974520699,0.052302013808140979,0,0
2022-10-31,0,0,0,0,0,FLAT,0,A,0,2.7505478025085699,2.7505478025085699,0,0,0,0,0,0,0,0
2022-11-01,0,0,0,0,0,FLAT,0,A,0,2.7505478025085699,2.7505478025085699,0,0,0,0,0,0,0,0
2022-11-02,0.0049869136389343004,1105.0399999999868,1,0,1,ENTRY,0,A,0.0049869136389343004,2.7505478025085699,2.7642645468594402,0,0,0,1105.0399999999868,0.0049869136389343004,0.013716744350870756,0,0
2022-11-03,-0.0097334427773844,-2167.5200000000145,1,1,1,HOLD,-0.011852759428936713,B,-0.011852759428936713,2.7642645468594402,2.7315003841875765,1,-2167.5200000000145,-0.0097334427773844,0,0,0,-0.032764162671863703,-0.026905810788408781
2022-11-04,0,0,0,1,0,EXIT,0.012129707000188684,B,0.012129707000188684,2.7315003841875765,2.7646326835186747,0,0,0,0,0,0,0.033132299331098125,0
2022-11-07,0,0,0,0,0,FLAT,0,A,0,2.7646326835186747,2.7646326835186747,0,0,0,0,0,0,0,0
2022-11-08,-0.0119760345440916,-2640.9000000000337,2,0,0,FLAT,0,A,-0.0119760345440916,2.7646326835186747,2.7315233469991305,0,0,0,-2640.9000000000337,-0.0119760345440916,-0.033109336519544307,0,0
2022-11-09,0.0095725957100411992,2085.5200000000041,1,0,0,FLAT,0,A,0.0095725957100411992,2.7315233469991305,2.7576711156724918,0,0,0,2085.5200000000041,0.0095725957100411992,0.026147768673361254,0,0
2022-11-10,0.0085688357890372005,1884.6600000000096,3,0,0,FLAT,0,A,0.0085688357890372005,2.7576711156724918,2.7813011466228605,0,0,0,1884.6600000000096,0.0085688357890372005,0.023630030950368593,0,0
2022-11-11,-0.00081230585758140003,-180.18000000002235,1,0,0,FLAT,0,A,-0.00081230585758140003,2.7813011466228605,2.7790418794097609,0,0,0,-180.18000000002235,-0.00081230585758140003,-0.002259267213099614,0,0
2022-11-14,0,0,0,0,0,FLAT,0,A,0,2.7790418794097609,2.7790418794097609,0,0,0,0,0,0,0,0
2022-11-15,0,0,0,0,0,FLAT,0,A,0,2.7790418794097609,2.7790418794097609,0,0,0,0,0,0,0,0
2022-11-16,0,0,0,0,0,FLAT,0,A,0,2.7790418794097609,2.7790418794097609,0,0,0,0,0,0,0,0
2022-11-17,0,0,0,0,0,FLAT,0,A,0,2.7790418794097609,2.7790418794097609,0,0,0,0,0,0,0,0
2022-11-18,0,0,0,0,0,FLAT,0,A,0,2.7790418794097609,2.7790418794097609,0,0,0,0,0,0,0,0
2022-11-21,0,0,0,0,0,FLAT,0,A,0,2.7790418794097609,2.7790418794097609,0,0,0,0,0,0,0,0
2022-11-22,0,0,0,0,0,FLAT,0,A,0,2.7790418794097609,2.7790418794097609,0,0,0,0,0,0,0,0
2022-11-23,-0.0018894188120209001,-418.74999999997442,1,0,0,FLAT,0,A,-0.0018894188120209001,2.7790418794097609,2.7737911054034101,0,0,0,-418.74999999997442,-0.0018894188120209001,-0.00525077400635072,0,0
2022-11-25,0,0,0,0,0,FLAT,0,A,0,2.7737911054034101,2.7737911054034101,0,0,0,0,0,0,0,0
2022-11-28,-0.00029655632019969999,-65.600000000014916,1,0,0,FLAT,0,A,-0.00029655632019969999,2.7737911054034101,2.7729685201201892,0,0,0,-65.600000000014916,-0.00029655632019969999,-0.00082258528322109352,0,0
2022-11-29,-0.0042543111608736002,-940.77999999999997,2,0,0,FLAT,0,A,-0.0042543111608736002,2.7729685201201892,2.7611714491962909,0,0,0,-940.77999999999997,-0.0042543111608736002,-0.011797070923898471,0,0
2022-11-30,0.020202998804774899,4448.4200000000174,2,0,0,FLAT,0,A,0.020202998804774899,2.7611714491962909,2.8169553926841822,0,0,0,4448.4200000000174,0.020202998804774899,0.055783943487891244,0,0
2022-12-01,-0.0069542305630469004,-1562.1000000000126,1,0,0,FLAT,0,A,-0.0069542305630469004,2.8169553926841822,2.7973656353976382,0,0,0,-1562.1000000000126,-0.0069542305630469004,-0.019589757286544121,0,0
2022-12-02,0,0,0,0,0,FLAT,0,A,0,2.7973656353976382,2.7973656353976382,0,0,0,0,0,0,0,0
2022-12-05,0.0070481209646294004,1572.1499999999571,2,0,1,ENTRY,0,A,0.0070481209646294004,2.7973656353976382,2.817081806778218,0,0,0,1572.1499999999571,0.0070481209646294004,0.019716171380579937,0,0
2022-12-06,0.014066025196058899,3159.4799999999882,1,1,1,HOLD,-0.015505039137719759,B,-0.015505039137719759,2.817081806778218,2.7734028431099635,1,3159.4799999999882,0.014066025196058899,0,0,0,-0.043678963668254564,0.039625143673501541
2022-12-07,0,0,0,1,1,HOLD,-0.00066045164731882034,B,-0.00066045164731882034,2.7734028431099635,2.7715711446335529,0,0,0,0,0,0,-0.0018316984764106753,0
2022-12-08,-0.0016668511942854001,-379.66000000002322,1,1,0,EXIT,0.0067486845784296284,B,0.0067486845784296284,2.7715711446335529,2.790275604075362,1,-379.66000000002322,-0.0016668511942854001,0,0,0,0.018704459441809013,-0.0046197966724793905
2022-12-09,0,0,0,0,0,FLAT,0,A,0,2.790275604075362,2.790275604075362,0,0,0,0,0,0,0,0
2022-12-12,0.0065076955066095997,1479.7500000000391,2,0,0,FLAT,0,A,0.0065076955066095997,2.790275604075362,2.808433868086206,0,0,0,1479.7500000000391,0.0065076955066095997,0.018158264010843621,0,0
2022-12-13,0,0,0,0,0,FLAT,0,A,0,2.808433868086206,2.808433868086206,0,0,0,0,0,0,0,0
2022-12-14,-0.0025352222926420002,-580.190000000022,2,0,0,FLAT,0,A,-0.0025352222926420002,2.808433868086206,2.8013138639364228,0,0,0,-580.190000000022,-0.0025352222926420002,-0.0071200041497829518,0,0
2022-12-15,0.0026196531711683,597.96000000002266,1,0,0,FLAT,0,A,0.0026196531711683,2.8013138639364228,2.8086523346835213,0,0,0,597.96000000002266,0.0026196531711683,0.0073384707470987741,0,0
2022-12-16,0.00047205419502010002,108.02999999999622,1,0,0,FLAT,0,A,0.00047205419502010002,2.8086523346835213,2.8099781708004614,0,0,0,108.02999999999622,0.00047205419502010002,0.0013258361169403543,0,0
2022-12-19,-0.0014240473882298,-326.03999999998854,1,0,1,ENTRY,0,A,-0.0014240473882298,2.8099781708004614,2.8059766287253503,0,0,0,-326.03999999998854,-0.0014240473882298,-0.0040015420751111476,0,0
2022-12-20,0,0,0,1,0,EXIT,0.00076269626278831237,B,0.00076269626278831237,2.8059766287253503,2.8081167366135502,0,0,0,0,0,0,0.0021401078882001727,0
2022-12-21,-0.0082540915077052007,-1887.0599999999947,3,0,0,FLAT,0,A,-0.0082540915077052007,2.8081167366135502,2.7849382841052237,0,0,0,-1887.0599999999947,-0.0082540915077052007,-0.023178452508326747,0,0
2022-12-22,0.0040550204683875001,919.31999999999778,1,0,0,FLAT,0,A,0.0040550204683875001,2.7849382841052237,2.7962312658504667,0,0,0,919.31999999999778,0.0040550204683875001,0.011292981745242646,0,0
2022-12-23,0,0,0,0,0,FLAT,0,A,0,2.7962312658504667,2.7962312658504667,0,0,0,0,0,0,0,0
2022-12-27,-0.0083421772297064007,-1898.880000000016,1,0,0,FLAT,0,A,-0.0083421772297064007,2.7962312658504667,2.7729046090554959,0,0,0,-1898.880000000016,-0.0083421772297064007,-0.023326656794970868,0,0
2022-12-28,0.0064367420359009997,1452.889999999958,2,0,0,FLAT,0,A,0.0064367420359009997,2.7729046090554959,2.790753080714147,0,0,0,1452.889999999958,0.0064367420359009997,0.017848471658651138,0,0
2022-12-29,0.0064389443200558996,1462.6499999999703,1,0,0,FLAT,0,A,0.0064389443200558996,2.790753080714147,2.8087225844118899,0,0,0,1462.6499999999703,0.0064389443200558996,0.017969503697742861,0,0
2022-12-30,0,0,0,0,0,FLAT,0,A,0,2.8087225844118899,2.8087225844118899,0,0,0,0,0,0,0,0
2023-01-03,-0.0145677081934724,-3330.360000000001,3,0,0,FLAT,0,A,-0.0145677081934724,2.8087225844118899,2.7678059334057616,0,0,0,-3330.360000000001,-0.0145677081934724,-0.040916651006128062,0,0
2023-01-04,0,0,0,0,0,FLAT,0,A,0,2.7678059334057616,2.7678059334057616,0,0,0,0,0,0,0,0
2023-01-05,-0.0017192828525804001,-387.29000000004282,2,0,0,FLAT,0,A,-0.0017192828525804001,2.7678059334057616,2.763047292125187,0,0,0,-387.29000000004282,-0.0017192828525804001,-0.0047586412805748143,0,0
2023-01-06,0.0089767319809021008,2018.519999999967,2,0,0,FLAT,0,A,0.0089767319809021008,2.763047292125187,2.7878504271171525,0,0,0,2018.519999999967,0.0089767319809021008,0.024803134991965115,0,0
2023-01-09,-0.00053397066821619997,-121.13999999999572,2,0,0,FLAT,0,A,-0.00053397066821619997,2.7878504271171525,2.7863617967616978,0,0,0,-121.13999999999572,-0.00053397066821619997,-0.0014886303554545643,0,0
2023-01-10,0,0,0,0,0,FLAT,0,A,0,2.7863617967616978,2.7863617967616978,0,0,0,0,0,0,0,0
2023-01-11,0,0,0,0,0,FLAT,0,A,0,2.7863617967616978,2.7863617967616978,0,0,0,0,0,0,0,0
2023-01-12,-0.0063926502208517004,-1449.419999999971,1,0,0,FLAT,0,A,-0.0063926502208517004,2.7863617967616978,2.7685495604062567,0,0,0,-1449.419999999971,-0.0063926502208517004,-0.017812236355441408,0,0
2023-01-13,0,0,0,0,0,FLAT,0,A,0,2.7685495604062567,2.7685495604062567,0,0,0,0,0,0,0,0
2023-01-17,0,0,0,0,0,FLAT,0,A,0,2.7685495604062567,2.7685495604062567,0,0,0,0,0,0,0,0
2023-01-18,0.017500315934769601,3942.3999999999801,1,0,0,FLAT,0,A,0.017500315934769601,2.7685495604062567,2.8170000523944334,0,0,0,3942.3999999999801,0.017500315934769601,0.04845049198817699,0,0
2023-01-19,0,0,0,0,1,ENTRY,0,A,0,2.8170000523944334,2.8170000523944334,0,0,0,0,0,0,0,0
2023-01-20,0.0099000485113045003,2269.1950000000202,2,1,0,EXIT,0.018030299133208159,B,0.018030299133208159,2.8170000523944334,2.8677914059973681,2,2269.1950000000202,0.0099000485113045003,0,0,0,0.050791353602934693,0.027888437175052211
2023-01-23,0.0094943697792299001,2197.609999999951,2,0,0,FLAT,0,A,0.0094943697792299001,2.8677914059973681,2.8950192780556043,0,0,0,2197.609999999951,0.0094943697792299001,0.027227872058236638,0,0
2023-01-24,0,0,0,0,0,FLAT,0,A,0,2.8950192780556043,2.8950192780556043,0,0,0,0,0,0,0,0
2023-01-25,-0.0012073761704663,-282.09999999999013,1,0,0,FLAT,0,A,-0.0012073761704663,2.8950192780556043,2.8915239007662397,0,0,0,-282.09999999999013,-0.0012073761704663,-0.003495377289364888,0,0
2023-01-26,0,0,0,0,0,FLAT,0,A,0,2.8915239007662397,2.8915239007662397,0,0,0,0,0,0,0,0
2023-01-27,-0.0004327266957582,-100.97999999997194,1,0,0,FLAT,0,A,-0.0004327266957582,2.8915239007662397,2.890272661182955,0,0,0,-100.97999999997194,-0.0004327266957582,-0.0012512395832844363,0,0
2023-01-30,0,0,0,0,0,FLAT,0,A,0,2.890272661182955,2.890272661182955,0,0,0,0,0,0,0,0
2023-01-31,0.018853702114079,4397.6000000000085,1,0,0,FLAT,0,A,0.018853702114079,2.890272661182955,2.944765000965365,0,0,0,4397.6000000000085,0.018853702114079,0.054492339782409818,0,0
2023-02-01,0.0059057510008244003,1403.4300000000208,1,0,0,FLAT,0,A,0.0059057510008244003,2.944765000965365,2.962156049817009,0,0,0,1403.4300000000208,0.0059057510008244003,0.017391048851643869,0,0
2023-02-02,-0.0143094289733644,-3420.4300000000549,2,0,0,FLAT,0,A,-0.0143094289733644,2.962156049817009,2.9197692882141308,0,0,0,-3420.4300000000549,-0.0143094289733644,-0.042386761602878152,0,0
2023-02-03,0,0,0,0,0,FLAT,0,A,0,2.9197692882141308,2.9197692882141308,0,0,0,0,0,0,0,0
2023-02-06,0,0,0,0,0,FLAT,0,A,0,2.9197692882141308,2.9197692882141308,0,0,0,0,0,0,0,0
2023-02-07,-0.021757542316278699,-5126.0100000000139,2,0,0,FLAT,0,A,-0.021757542316278699,2.9197692882141308,2.856242284372041,0,0,0,-5126.0100000000139,-0.021757542316278699,-0.063527003842089882,0,0
2023-02-08,-0.0038722175330388,-892.37999999998306,2,0,0,FLAT,0,A,-0.0038722175330388,2.856242284372041,2.8451822929198887,0,0,0,-892.37999999998306,-0.0038722175330388,-0.011059991452152211,0,0
2023-02-09,-0.0026454399508740998,-607.25999999998339,1,0,0,FLAT,0,A,-0.0026454399508740998,2.8451822929198887,2.837655534014679,0,0,0,-607.25999999998339,-0.0026454399508740998,-0.0075267589052098486,0,0
2023-02-10,0,0,0,0,0,FLAT,0,A,0,2.837655534014679,2.837655534014679,0,0,0,0,0,0,0,0
2023-02-13,0.0119596323554203,2737.9799999999773,1,0,0,FLAT,0,A,0.0119596323554203,2.837655534014679,2.8715928509528186,0,0,0,2737.9799999999773,0.0119596323554203,0.033937316938139422,0,0
2023-02-14,-0.0070298394252536998,-1628.5700000000099,1,0,0,FLAT,0,A,-0.0070298394252536998,2.8715928509528186,2.8514060143159137,0,0,0,-1628.5700000000099,-0.0070298394252536998,-0.020186836636904796,0,0
2023-02-15,0,0,0,0,0,FLAT,0,A,0,2.8514060143159137,2.8514060143159137,0,0,0,0,0,0,0,0
2023-02-16,0,0,0,0,0,FLAT,0,A,0,2.8514060143159137,2.8514060143159137,0,0,0,0,0,0,0,0
2023-02-17,-0.0046747129153428,-1075.3199999999715,1,0,0,FLAT,0,A,-0.0046747129153428,2.8514060143159137,2.8380765097939049,0,0,0,-1075.3199999999715,-0.0046747129153428,-0.013329504522008739,0,0
2023-02-21,0.0077336854866832004,1770.6000000000352,2,0,1,ENTRY,0,A,0.0077336854866832004,2.8380765097939049,2.8600253009077945,0,0,0,1770.6000000000352,0.0077336854866832004,0.021948791113889633,0,0
2023-02-22,0,0,0,1,1,HOLD,-0.0024683314330104871,B,-0.0024683314330104871,2.8600253009077945,2.8529658105583584,0,0,0,0,0,0,-0.0070594903494359861,0
2023-02-23,-0.0061115342119908,-1409.9399999999898,1,1,0,EXIT,0.006707363026603361,B,0.006707363026603361,2.8529658105583584,2.8721016879522612,1,-1409.9399999999898,-0.0061115342119908,0,0,0,0.019135877393902621,-0.017435998156867472
2023-02-24,0.0018120781533587,415.47999999996944,1,0,0,FLAT,0,A,0.0018120781533587,2.8721016879522612,2.8773061606752237,0,0,0,415.47999999996944,0.0018120781533587,0.0052044727229629386,0,0
2023-02-27,0,0,0,0,0,FLAT,0,A,0,2.8773061606752237,2.8773061606752237,0,0,0,0,0,0,0,0
2023-02-28,0,0,0,0,0,FLAT,0,A,0,2.8773061606752237,2.8773061606752237,0,0,0,0,0,0,0,0
2023-03-01,0,0,0,0,0,FLAT,0,A,0,2.8773061606752237,2.8773061606752237,0,0,0,0,0,0,0,0
2023-03-02,0.0041906366796365,962.54999999999677,1,0,0,FLAT,0,A,0.0041906366796365,2.8773061606752237,2.8893639054106934,0,0,0,962.54999999999677,0.0041906366796365,0.012057744735469665,0,0
2023-03-03,0.0132187165799049,3048.8099999999754,2,0,0,FLAT,0,A,0.0132187165799049,2.8893639054106934,2.9275575879725246,0,0,0,3048.8099999999754,0.0132187165799049,0.038193682561831109,0,0
2023-03-06,-0.0011624343366679001,-271.63000000002148,1,0,0,FLAT,0,A,-0.0011624343366679001,2.9275575879725246,2.9241544945096929,0,0,0,-271.63000000002148,-0.0011624343366679001,-0.0034030934628319193,0,0
2023-03-07,0.025661081237316499,5989.1299999999965,1,0,0,FLAT,0,A,0.025661081237316499,2.9241544945096929,2.9991914605437704,0,0,0,5989.1299999999965,0.025661081237316499,0.07503696603407739,0,0
2023-03-08,0,0,0,0,0,FLAT,0,A,0,2.9991914605437704,2.9991914605437704,0,0,0,0,0,0,0,0
2023-03-09,0.022576017412906602,5404.1050000000114,2,0,1,ENTRY,0,A,0.022576017412906602,2.9991914605437704,3.0669012591816474,0,0,0,5404.1050000000114,0.022576017412906602,0.067709798637876947,0,0
2023-03-10,0.0116804355309445,2858.9100000000494,2,1,1,HOLD,-0.014301767289815099,B,-0.014301767289815099,3.0669012591816474,3.0230391510719903,2,2858.9100000000494,0.0116804355309445,0,0,0,-0.043862108109656822,0.035822742437643738
2023-03-13,-0.0204184898979347,-5055.6649999999263,2,1,1,HOLD,-0.002072753653228314,B,-0.002072753653228314,3.0230391510719903,3.0167731356277536,2,-5055.6649999999263,-0.0204184898979347,0,0,0,-0.0062660154442366889,-0.061725894367224525
2023-03-14,-0.0017498044004582,-424.37999999997953,1,1,0,EXIT,0.016837158583445842,B,0.016837158583445842,3.0167731356277536,3.0675670233225976,1,-424.37999999997953,-0.0017498044004582,0,0,0,0.050793887694843658,-0.0052787629079055253
2023-03-15,0,0,0,0,0,FLAT,0,A,0,3.0675670233225976,3.0675670233225976,0,0,0,0,0,0,0,0
2023-03-16,0.020857171701593,5049.4499999999634,1,0,0,FLAT,0,A,0.020857171701593,3.0675670233225976,3.1315477954341819,0,0,0,5049.4499999999634,0.020857171701593,0.063980772111583956,0,0
2023-03-17,-0.0082439359856,-2037.3900000000672,3,0,0,FLAT,0,A,-0.0082439359856,3.1315477954341819,3.1057315158727756,0,0,0,-2037.3900000000672,-0.0082439359856,-0.0258162795614062,0,0
2023-03-20,0.00091832078487389995,225.06000000002791,1,0,0,FLAT,0,A,0.00091832078487389995,3.1057315158727756,3.1085835736760399,0,0,0,225.06000000002791,0.00091832078487389995,0.0028520578032638945,0,0
2023-03-21,0,0,0,0,0,FLAT,0,A,0,3.1085835736760399,3.1085835736760399,0,0,0,0,0,0,0,0
2023-03-22,0,0,0,0,0,FLAT,0,A,0,3.1085835736760399,3.1085835736760399,0,0,0,0,0,0,0,0
2023-03-23,0.0012599489225364,309.05999999997726,1,0,0,FLAT,0,A,0.0012599489225364,3.1085835736760399,3.1125002302003075,0,0,0,309.05999999997726,0.0012599489225364,0.0039166565242674785,0,0
2023-03-24,0,0,0,0,0,FLAT,0,A,0,3.1125002302003075,3.1125002302003075,0,0,0,0,0,0,0,0
2023-03-27,0,0,0,0,0,FLAT,0,A,0,3.1125002302003075,3.1125002302003075,0,0,0,0,0,0,0,0
2023-03-28,0,0,0,0,0,FLAT,0,A,0,3.1125002302003075,3.1125002302003075,0,0,0,0,0,0,0,0
2023-03-29,0,0,0,0,0,FLAT,0,A,0,3.1125002302003075,3.1125002302003075,0,0,0,0,0,0,0,0
2023-03-30,0,0,0,0,0,FLAT,0,A,0,3.1125002302003075,3.1125002302003075,0,0,0,0,0,0,0,0
2023-03-31,0.011352844769664701,2788.2399999999998,2,0,0,FLAT,0,A,0.011352844769664701,3.1125002302003075,3.1478359621593173,0,0,0,2788.2399999999998,0.011352844769664701,0.035335731959009742,0,0
2023-04-03,-0.0060618195191577996,-1505.5799999999947,1,0,0,FLAT,0,A,-0.0060618195191577996,3.1478359621593173,3.1287543486807929,0,0,0,-1505.5799999999947,-0.0060618195191577996,-0.019081613478524221,0,0
2023-04-04,0.00079057674647729998,195.16000000001827,1,0,0,FLAT,0,A,0.00079057674647729998,3.1287543486807929,3.1312278691142996,0,0,0,195.16000000001827,0.00079057674647729998,0.0024735204335067651,0,0
2023-04-05,-0.00098690570706759994,-243.81000000004224,1,0,0,FLAT,0,A,-0.00098690570706759994,3.1312278691142996,3.1281376424601417,0,0,0,-243.81000000004224,-0.00098690570706759994,-0.0030902266541580222,0,0
2023-04-06,-0.0029350515337469001,-724.34999999996933,2,0,0,FLAT,0,A,-0.0029350515337469001,3.1281376424601417,3.118956397274868,0,0,0,-724.34999999996933,-0.0029350515337469001,-0.0091812451852740506,0,0
2023-04-10,0,0,0,0,0,FLAT,0,A,0,3.118956397274868,3.118956397274868,0,0,0,0,0,0,0,0
2023-04-11,0,0,0,0,0,FLAT,0,A,0,3.118956397274868,3.118956397274868,0,0,0,0,0,0,0,0
2023-04-12,0,0,0,0,0,FLAT,0,A,0,3.118956397274868,3.118956397274868,0,0,0,0,0,0,0,0
2023-04-13,0.020072879162942502,4938.9599999999409,2,0,0,FLAT,0,A,0.020072879162942502,3.118956397274868,3.1815628321518528,0,0,0,4938.9599999999409,0.020072879162942502,0.062606434876984918,0,0
2023-04-14,-0.021157956171518399,-5309.8500000000804,3,0,0,FLAT,0,A,-0.021157956171518399,3.1815628321518528,3.114247465192252,0,0,0,-5309.8500000000804,-0.021157956171518399,-0.067315366959600845,0,0
2023-04-17,0,0,0,0,0,FLAT,0,A,0,3.114247465192252,3.114247465192252,0,0,0,0,0,0,0,0
2023-04-18,-0.0037621641145117002,-924.03999999996768,1,0,0,FLAT,0,A,-0.0037621641145117002,3.114247465192252,3.1025311551349968,0,0,0,-924.03999999996768,-0.0037621641145117002,-0.011716310057255316,0,0
2023-04-19,0,0,0,0,0,FLAT,0,A,0,3.1025311551349968,3.1025311551349968,0,0,0,0,0,0,0,0
2023-04-20,0,0,0,0,1,ENTRY,0,A,0,3.1025311551349968,3.1025311551349968,0,0,0,0,0,0,0,0
2023-04-21,-0.0087087706324773997,-2130.8399999999688,1,1,0,EXIT,0.0016037712924938643,B,0.0016037712924938643,3.1025311551349968,3.1075069055356703,1,-2130.8399999999688,-0.0087087706324773997,0,0,0,0.0049757504006733358,-0.027019232210185842
2023-04-24,0,0,0,0,0,FLAT,0,A,0,3.1075069055356703,3.1075069055356703,0,0,0,0,0,0,0,0
2023-04-25,0.024349900054558799,5905.6499999999996,2,0,0,FLAT,0,A,0.024349900054558799,3.1075069055356703,3.1831743881043155,0,0,0,5905.6499999999996,0.024349900054558799,0.075667482568644862,0,0
2023-04-26,-0.0014224330976181001,-353.34000000001333,1,0,1,ENTRY,0,A,-0.0014224330976181001,3.1831743881043155,3.1786465354991855,0,0,0,-353.34000000001333,-0.0014224330976181001,-0.0045278526051298219,0,0
2023-04-27,0.022845425771486499,5666.5400000000518,2,1,0,EXIT,0.018504335795637029,B,0.018504335795637029,3.1786465354991855,3.2374652783677003,2,5666.5400000000518,0.022845425771486499,0,0,0,0.058818742868515204,0.07261753348053937
2023-04-28,-0.00097742020181019996,-247.94999999996708,2,0,0,FLAT,0,A,-0.00097742020181019996,3.2374652783677003,3.2343009144019645,0,0,0,-247.94999999996708,-0.00097742020181019996,-0.0031643639657356728,0,0
2023-05-01,-0.0070027737348389001,-1774.5699999999936,1,0,0,FLAT,0,A,-0.0070027737348389001,3.2343009144019645,3.2116518369080249,0,0,0,-1774.5699999999936,-0.0070027737348389001,-0.022649077493939514,0,0
2023-05-02,0.0139238880995823,3503.6000000000813,3,0,0,FLAT,0,A,0.0139238880995823,3.2116518369080249,3.25637051769995,0,0,0,3503.6000000000813,0.0139238880995823,0.044718680791925279,0,0
2023-05-03,-0.0046708213084895997,-1191.5199999999938,1,0,1,ENTRY,0,A,-0.0046708213084895997,3.25637051769995,3.2411605928975398,0,0,0,-1191.5199999999938,-0.0046708213084895997,-0.015209924802410235,0,0
2023-05-04,-0.0024844661099937002,-630.80000000000996,2,1,1,HOLD,-0.0066561247379840404,B,-0.0066561247379840404,3.2411605928975398,3.2195870236953752,2,-630.80000000000996,-0.0024844661099937002,0,0,0,-0.021573569202164335,-0.0080525536501010256
2023-05-05,0.0125424140444711,3176.3200000000129,1,1,0,EXIT,0.017695838886420848,B,0.017695838886420848,3.2195870236953752,3.2765603169474997,1,3176.3200000000129,0.0125424140444711,0,0,0,0.056973293252124579,0.040381393503393787
2023-05-08,0,0,0,0,0,FLAT,0,A,0,3.2765603169474997,3.2765603169474997,0,0,0,0,0,0,0,0
2023-05-09,0,0,0,0,0,FLAT,0,A,0,3.2765603169474997,3.2765603169474997,0,0,0,0,0,0,0,0
2023-05-10,0,0,0,0,0,FLAT,0,A,0,3.2765603169474997,3.2765603169474997,0,0,0,0,0,0,0,0
2023-05-11,-0.0022564015140936,-578.57000000003359,1,0,0,FLAT,0,A,-0.0022564015140936,3.2765603169474997,3.2691670812873204,0,0,0,-578.57000000003359,-0.0022564015140936,-0.0073932356601793441,0,0
2023-05-12,-0.0080455619611756995,-2058.2599999999438,2,0,0,FLAT,0,A,-0.0080455619611756995,3.2691670812873204,3.2428647949733875,0,0,0,-2058.2599999999438,-0.0080455619611756995,-0.026302286313933051,0,0
2023-05-15,0,0,0,0,0,FLAT,0,A,0,3.2428647949733875,3.2428647949733875,0,0,0,0,0,0,0,0
2023-05-16,0,0,0,0,0,FLAT,0,A,0,3.2428647949733875,3.2428647949733875,0,0,0,0,0,0,0,0
2023-05-17,0.0033343047354329998,846.07999999998196,1,0,0,FLAT,0,A,0.0033343047354329998,3.2428647949733875,3.2536774944156366,0,0,0,846.07999999998196,0.0033343047354329998,0.010812699442248731,0,0
2023-05-18,0.0071522146557766002,1820.8600000000199,2,0,0,FLAT,0,A,0.0071522146557766002,3.2536774944156366,3.2769484942763665,0,0,0,1820.8600000000199,0.0071522146557766002,0.023270999860730002,0,0
2023-05-19,-0.0060529594047291999,-1551.9000000000167,1,0,0,FLAT,0,A,-0.0060529594047291999,3.2769484942763665,3.2571132580691233,0,0,0,-1551.9000000000167,-0.0060529594047291999,-0.019835236207243322,0,0
2023-05-22,0,0,0,0,0,FLAT,0,A,0,3.2571132580691233,3.2571132580691233,0,0,0,0,0,0,0,0
2023-05-23,-9.4084272516989121e-05,-23.974999999978024,2,0,1,ENTRY,0,A,-9.4084272516989121e-05,3.2571132580691233,3.2568068149377325,0,0,0,-23.974999999978024,-9.4084272516989121e-05,-0.00030644313139087371,0,0
2023-05-24,-0.016650643248854801,-4242.2200000000003,3,1,1,HOLD,-0.00735356267433015,B,-0.00735356267433015,3.2568068149377325,3.2328576819059021,3,-4242.2200000000003,-0.016650643248854801,0,0,0,-0.023949133031830171,-0.054227928405967261
2023-05-25,0,0,0,1,0,EXIT,0.0089407356948228885,B,0.0089407356948228885,3.2328576819059021,3.2617618079788002,0,0,0,0,0,0,0.028904126072898478,0
2023-05-26,0.017095848891948401,4282.5700000000443,1,0,0,FLAT,0,A,0.017095848891948401,3.2617618079788002,3.3175243949695341,0,0,0,4282.5700000000443,0.017095848891948401,0.055762586990733984,0,0
2023-05-30,0,0,0,0,0,FLAT,0,A,0,3.3175243949695341,3.3175243949695341,0,0,0,0,0,0,0,0
2023-05-31,-0.0014317023199639,-364.7600000000453,1,0,0,FLAT,0,A,-0.0014317023199639,3.3175243949695341,3.3127746875967192,0,0,0,-364.7600000000453,-0.0014317023199639,-0.0047497073728147154,0,0
2023-06-01,0.0152142358322359,3870.4600000000401,1,0,0,FLAT,0,A,0.0152142358322359,3.3127746875967192,3.3631760229528771,0,0,0,3870.4600000000401,0.0152142358322359,0.050401335356158095,0,0
2023-06-02,0.0053667578003580001,1386.0000000000523,1,0,0,FLAT,0,A,0.0053667578003580001,3.3631760229528771,3.3812253741080363,0,0,0,1386.0000000000523,0.0053667578003580001,0.018049351155159349,0,0
2023-06-05,0,0,0,0,0,FLAT,0,A,0,3.3812253741080363,3.3812253741080363,0,0,0,0,0,0,0,0
2023-06-06,0,0,0,0,0,FLAT,0,A,0,3.3812253741080363,3.3812253741080363,0,0,0,0,0,0,0,0
2023-06-07,-0.0045256799608725997,-1175.0100000000234,1,0,0,FLAT,0,A,-0.0045256799608725997,3.3812253741080363,3.3659230301892413,0,0,0,-1175.0100000000234,-0.0045256799608725997,-0.0153023439187947,0,0
2023-06-08,-0.0033676235192922001,-870.34999999998945,2,0,0,FLAT,0,A,-0.0033676235192922001,3.3659230301892413,3.3545878686286486,0,0,0,-870.34999999998945,-0.0033676235192922001,-0.011335161560592558,0,0
2023-06-09,0.00048269353241319997,124.31999999997528,1,0,0,FLAT,0,A,0.00048269353241319997,3.3545878686286486,3.3562071064967474,0,0,0,124.31999999997528,0.00048269353241319997,0.0016192378680988299,0,0
2023-06-12,0.0034465258566456001,888.05999999998926,1,0,0,FLAT,0,A,0.0034465258566456001,3.3562071064967474,3.3677743610695461,0,0,0,888.05999999998926,0.0034465258566456001,0.011567254572798754,0,0
2023-06-13,-0.0062409174289407999,-1613.5599999999897,1,0,0,FLAT,0,A,-0.0062409174289407999,3.3677743610695461,3.3467563593628071,0,0,0,-1613.5599999999897,-0.0062409174289407999,-0.021018001706738898,0,0
2023-06-14,-0.018566665215508302,-4770.1699999999691,2,0,0,FLAT,0,A,-0.018566665215508302,3.3467563593628071,3.2846182544806446,0,0,0,-4770.1699999999691,-0.018566665215508302,-0.062138104882162634,0,0
2023-06-15,0.030215134230666001,7618.0500000000211,1,0,0,FLAT,0,A,0.030215134230666001,3.2846182544806446,3.3838634359362731,0,0,0,7618.0500000000211,0.030215134230666001,0.099245181455628537,0,0
2023-06-16,0.00014545771235700001,37.779999999966549,2,0,0,FLAT,0,A,0.00014545771235700001,3.3838634359362731,3.3843556449705927,0,0,0,37.779999999966549,0.00014545771235700001,0.00049220903431978818,0,0
2023-06-20,-0.0063613440458303999,-1652.3199999999265,1,0,0,FLAT,0,A,-0.0063613440458303999,3.3843556449705927,3.3628265943394866,0,0,0,-1652.3199999999265,-0.0063613440458303999,-0.021529050631106182,0,0
2023-06-21,-0.0034932332472712001,-901.52999999995382,1,0,1,ENTRY,0,A,-0.0034932332472712001,3.3628265943394866,3.3510794566753321,0,0,0,-901.52999999995382,-0.0034932332472712001,-0.011747137664154476,0,0
2023-06-22,0,0,0,1,0,EXIT,0.0031499321729933551,B,0.0031499321729933551,3.3510794566753321,3.3616351296701708,0,0,0,0,0,0,0.01055567299483872,0
2023-06-23,0,0,0,0,0,FLAT,0,A,0,3.3616351296701708,3.3616351296701708,0,0,0,0,0,0,0,0
2023-06-26,-0.0024419680955518998,-627.98999999996977,1,0,0,FLAT,0,A,-0.0024419680955518998,3.3616351296701708,3.3534261239346299,0,0,0,-627.98999999996977,-0.0024419680955518998,-0.008209005735541031,0,0
2023-06-27,0.016538906731107601,4242.6299999999683,1,0,0,FLAT,0,A,0.016538906731107601,3.3534261239346299,3.4088881258280446,0,0,0,4242.6299999999683,0.016538906731107601,0.05546200189341452,0,0
2023-06-28,0,0,0,0,0,FLAT,0,A,0,3.4088881258280446,3.4088881258280446,0,0,0,0,0,0,0,0
2023-06-29,-0.00067611681362619999,-176.30000000004009,1,0,0,FLAT,0,A,-0.00067611681362619999,3.4088881258280446,3.4065833192504016,0,0,0,-176.30000000004009,-0.00067611681362619999,-0.0023048065776430462,0,0
2023-06-30,-0.00040726863680680002,-106.12000000000396,2,0,0,FLAT,0,A,-0.00040726863680680002,3.4065833192504016,3.4051959247058017,0,0,0,-106.12000000000396,-0.00040726863680680002,-0.001387394544599895,0,0
2023-07-03,0,0,0,0,0,FLAT,0,A,0,3.4051959247058017,3.4051959247058017,0,0,0,0,0,0,0,0
2023-07-05,0,0,0,0,0,FLAT,0,A,0,3.4051959247058017,3.4051959247058017,0,0,0,0,0,0,0,0
2023-07-06,-3.3348133735500891e-05,-8.684999999992101,1,0,0,FLAT,0,A,-3.3348133735500891e-05,3.4051959247058017,3.4050823677767093,0,0,0,-8.684999999992101,-3.3348133735500891e-05,-0.00011355692909267169,0,0
2023-07-07,0.00056368041106289997,146.78999999995921,1,0,1,ENTRY,0,A,0.00056368041106289997,3.4050823677767093,3.4070017460054807,0,0,0,146.78999999995921,0.00056368041106289997,0.0019193782287714083,0,0
2023-07-10,0,0,0,1,0,EXIT,0.0012769062385990515,B,0.0012769062385990515,3.4070017460054807,3.411352167789873,0,0,0,0,0,0,0.0043504217843922596,0
2023-07-11,0,0,0,0,0,FLAT,0,A,0,3.411352167789873,3.411352167789873,0,0,0,0,0,0,0,0
2023-07-12,0,0,0,0,0,FLAT,0,A,0,3.411352167789873,3.411352167789873,0,0,0,0,0,0,0,0
2023-07-13,-0.0020106782798726,-523.87999999994895,1,0,0,FLAT,0,A,-0.0020106782798726,3.411352167789873,3.4044930360811017,0,0,0,-523.87999999994895,-0.0020106782798726,-0.0068591317087714071,0,0
2023-07-14,0,0,0,0,0,FLAT,0,A,0,3.4044930360811017,3.4044930360811017,0,0,0,0,0,0,0,0
2023-07-17,-0.00099276219325219995,-258.12999999987846,3,0,0,FLAT,0,A,-0.00099276219325219995,3.4044930360811017,3.40111318410769,0,0,0,-258.12999999987846,-0.00099276219325219995,-0.0033798519734117155,0,0
2023-07-18,0.013771401117736301,3576.6000000000768,2,0,0,FLAT,0,A,0.013771401117736301,3.40111318410769,3.4479512780128583,0,0,0,3576.6000000000768,0.013771401117736301,0.046838093905168313,0,0
2023-07-19,-0.00076339152721450001,-200.96999999994409,1,0,0,FLAT,0,A,-0.00076339152721450001,3.4479512780128583,3.4453191412209749,0,0,0,-200.96999999994409,-0.00076339152721450001,-0.0026321367918834232,0,0
2023-07-20,-0.0087953175529737002,-2313.5449999999487,3,0,0,FLAT,0,A,-0.0087953175529737002,3.4453191412209749,3.4150164653025978,0,0,0,-2313.5449999999487,-0.0087953175529737002,-0.030302675918377115,0,0
2023-07-21,0,0,0,0,0,FLAT,0,A,0,3.4150164653025978,3.4150164653025978,0,0,0,0,0,0,0,0
2023-07-24,0.00026127632822670001,68.109999999937941,2,0,0,FLAT,0,A,0.00026127632822670001,3.4150164653025978,3.4159087282654856,0,0,0,68.109999999937941,0.00026127632822670001,0.00089226296288798647,0,0
2023-07-25,0.0030084209897684,784.34999999992351,1,0,0,FLAT,0,A,0.0030084209897684,3.4159087282654856,3.4261852197827332,0,0,0,784.34999999992351,0.0030084209897684,0.010276491517246968,0,0
2023-07-26,0,0,0,0,0,FLAT,0,A,0,3.4261852197827332,3.4261852197827332,0,0,0,0,0,0,0,0
2023-07-27,0.0036645631725660001,958.234999999916,1,0,0,FLAT,0,A,0.0036645631725660001,3.4261852197827332,3.4387406919615389,0,0,0,958.234999999916,0.0036645631725660001,0.012555472178805751,0,0
2023-07-28,-0.0043764234807980003,-1148.5,1,0,0,FLAT,0,A,-0.0043764234807980003,3.4387406919615389,3.4236913064528629,0,0,0,-1148.5,-0.0043764234807980003,-0.015049385508676042,0,0
2023-07-31,0,0,0,0,0,FLAT,0,A,0,3.4236913064528629,3.4236913064528629,0,0,0,0,0,0,0,0
2023-08-01,0,0,0,0,0,FLAT,0,A,0,3.4236913064528629,3.4236913064528629,0,0,0,0,0,0,0,0
2023-08-02,0.017867805225498402,4668.2200000000894,1,0,0,FLAT,0,A,0.017867805225498402,3.4236913064528629,3.4848651558687949,0,0,0,4668.2200000000894,0.017867805225498402,0.061173849415931916,0,0
2023-08-03,0,0,0,0,0,FLAT,0,A,0,3.4848651558687949,3.4848651558687949,0,0,0,0,0,0,0,0
2023-08-04,-0.00071864701038120002,-191.10000000004345,1,0,1,ENTRY,0,A,-0.00071864701038120002,3.4848651558687949,3.4823607679429482,0,0,0,-191.10000000004345,-0.00071864701038120002,-0.0025043879258467242,0,0
2023-08-07,-0.0030925601759021,-821.73000000001309,1,1,0,EXIT,0.0094168495543512348,B,0.0094168495543512348,3.4823607679429482,3.5151536353886419,1,-821.73000000001309,-0.0030925601759021,0,0,0,0.032792867445693777,-0.010769410229064216
2023-08-08,-0.0043574600989944,-1154.1900000001235,2,0,0,FLAT,0,A,-0.0043574600989944,3.5151536353886419,3.4998364936806006,0,0,0,-1154.1900000001235,-0.0043574600989944,-0.015317141708041116,0,0
2023-08-09,-0.0119573916669025,-3153.119999999979,2,0,0,FLAT,0,A,-0.0119573916669025,3.4998364936806006,3.4579875779555431,0,0,0,-3153.119999999979,-0.0119573916669025,-0.041848915725057674,0,0
2023-08-10,-0.016337404914771599,-4256.1749999999465,1,0,1,ENTRY,0,A,-0.016337404914771599,3.4579875779555431,3.4014930347042331,0,0,0,-4256.1749999999465,-0.016337404914771599,-0.05649454325131003,0,0
2023-08-11,0,0,0,1,0,EXIT,-0.0013681117814609641,B,-0.0013681117814609641,3.4014930347042331,3.3968394120088967,0,0,0,0,0,0,-0.0046536226953362691,0
2023-08-14,-0.0080264721032065004,-2056.770000000025,2,0,0,FLAT,0,A,-0.0080264721032065004,3.3968394120088967,3.369574775229335,0,0,0,-2056.770000000025,-0.0080264721032065004,-0.027264636779561782,0,0
2023-08-15,0.0104470071199561,2655.2700000000327,2,0,0,FLAT,0,A,0.0104470071199561,3.369574775229335,3.4047767468973804,0,0,0,2655.2700000000327,0.0104470071199561,0.03520197166804534,0,0
2023-08-16,0.0017080498952285,438.61999999998471,1,0,0,FLAT,0,A,0.0017080498952285,3.4047767468973804,3.4105922754631948,0,0,0,438.61999999998471,0.0017080498952285,0.0058155285658145033,0,0
2023-08-17,0.013363523113296799,3437.4000000000347,1,0,1,ENTRY,0,A,0.013363523113296799,3.4105922754631948,3.4561698041663784,0,0,0,3437.4000000000347,0.013363523113296799,0.045577528703183927,0,0
2023-08-18,0,0,0,1,0,EXIT,-0.00093892413035015,B,-0.00093892413035015,3.4561698041663784,3.452924722938659,0,0,0,0,0,0,-0.003245081227719365,0
2023-08-21,-0.013851083939799299,-3610.2600000000266,1,0,0,FLAT,0,A,-0.013851083939799299,3.452924722938659,3.4050979727634276,0,0,0,-3610.2600000000266,-0.013851083939799299,-0.047826750175231608,0,0
2023-08-22,0,0,0,0,0,FLAT,0,A,0,3.4050979727634276,3.4050979727634276,0,0,0,0,0,0,0,0
2023-08-23,0.020063041031918701,5156.6900000000633,1,0,0,FLAT,0,A,0.020063041031918701,3.4050979727634276,3.4734145931086835,0,0,0,5156.6900000000633,0.020063041031918701,0.068316620345255832,0,0
2023-08-24,0.024050885958043101,6305.3509999999987,1,0,0,FLAT,0,A,0.024050885958043101,3.4734145931086835,3.556953291372543,0,0,0,6305.3509999999987,0.024050885958043101,0.083538698263859623,0,0
2023-08-25,-0.0020964001914429999,-562.80000000003656,1,0,0,FLAT,0,A,-0.0020964001914429999,3.556953291372543,3.5494964938115561,0,0,0,-562.80000000003656,-0.0020964001914429999,-0.0074567975609872075,0,0
2023-08-28,0,0,0,0,0,FLAT,0,A,0,3.5494964938115561,3.5494964938115561,0,0,0,0,0,0,0,0
2023-08-29,0.025709131786838299,6887.1200000000072,1,0,0,FLAT,0,A,0.025709131786838299,3.5494964938115561,3.6407509669478779,0,0,0,6887.1200000000072,0.025709131786838299,0.091254473136321762,0,0
2023-08-30,-0.010295884013896099,-2828.9200000000392,1,0,0,FLAT,0,A,-0.010295884013896099,3.6407509669478779,3.6032662172687022,0,0,0,-2828.9200000000392,-0.010295884013896099,-0.037484749679175422,0,0
2023-08-31,0,0,0,0,0,FLAT,0,A,0,3.6032662172687022,3.6032662172687022,0,0,0,0,0,0,0,0
2023-09-01,0,0,0,0,0,FLAT,0,A,0,3.6032662172687022,3.6032662172687022,0,0,0,0,0,0,0,0
2023-09-05,-0.0013165479452394999,-358,1,0,0,FLAT,0,A,-0.0013165479452394999,3.6032662172687022,3.5985223445342061,0,0,0,-358,-0.0013165479452394999,-0.0047438727344960149,0,0
2023-09-06,0.0077945470164376999,2116.6500000000069,1,0,0,FLAT,0,A,0.0077945470164376999,3.5985223445342061,3.62657119613838,0,0,0,2116.6500000000069,0.0077945470164376999,0.028048851604173492,0,0
2023-09-07,0,0,0,0,0,FLAT,0,A,0,3.62657119613838,3.62657119613838,0,0,0,0,0,0,0,0
2023-09-08,0.00029909260310410002,81.850000000018611,1,0,1,ENTRY,0,A,0.00029909260310410002,3.62657119613838,3.6276558767577756,0,0,0,81.850000000018611,0.00029909260310410002,0.0010846806193953776,0,0
2023-09-11,0,0,0,1,0,EXIT,0.0066469055959759273,B,0.0066469055959759273,3.6276558767577756,3.6517685629052719,0,0,0,0,0,0,0.024112686147496218,0
2023-09-12,0,0,0,0,0,FLAT,0,A,0,3.6517685629052719,3.6517685629052719,0,0,0,0,0,0,0,0
2023-09-13,0,0,0,0,0,FLAT,0,A,0,3.6517685629052719,3.6517685629052719,0,0,0,0,0,0,0,0
2023-09-14,0,0,0,0,0,FLAT,0,A,0,3.6517685629052719,3.6517685629052719,0,0,0,0,0,0,0,0
2023-09-15,0.018999351024528599,5200.7199999999502,1,0,0,FLAT,0,A,0.018999351024528599,3.6517685629052719,3.7211497956922472,0,0,0,5200.7199999999502,0.018999351024528599,0.069381232786975611,0,0
2023-09-18,0,0,0,0,0,FLAT,0,A,0,3.7211497956922472,3.7211497956922472,0,0,0,0,0,0,0,0
2023-09-19,0.00091586018475890002,255.44999999996128,1,0,0,FLAT,0,A,0.00091586018475890002,3.7211497956922472,3.7245578486316457,0,0,0,255.44999999996128,0.00091586018475890002,0.0034080529393982445,0,0
2023-09-20,0.0141543798308571,3951.3600000000329,1,0,1,ENTRY,0,A,0.0141543798308571,3.7245578486316457,3.7772766551231776,0,0,0,3951.3600000000329,0.0141543798308571,0.05271880649153228,0,0
2023-09-21,0.016287540692270799,4610.9799999999805,2,1,1,HOLD,-0.016149620478220238,B,-0.016149620478220238,3.7772766551231776,3.7162750707016969,2,4610.9799999999805,0.016287540692270799,0,0,0,-0.061001584421480508,0.061522547226283288
2023-09-22,-0.0067086828945304997,-1929.9599999999721,1,1,1,HOLD,-0.0027686070083984939,B,-0.0027686070083984939,3.7162750707016969,3.7059861654958155,1,-1929.9599999999721,-0.0067086828945304997,0,0,0,-0.010288905205881327,-0.024931310998186598
2023-09-25,-0.0109780118804527,-3136.8400000000329,2,1,0,EXIT,0.0038101433450270662,B,0.0038101433450270662,3.7059861654958155,3.7201065040210417,2,-3136.8400000000329,-0.0109780118804527,0,0,0,0.014120338525226256,-0.040684360153606408
2023-09-26,0.005395216927296,1524.5600000001075,2,0,0,FLAT,0,A,0.005395216927296,3.7201065040210417,3.7401772856028797,0,0,0,1524.5600000001075,0.005395216927296,0.020070781581838268,0,0
2023-09-27,-0.0026877641467158001,-763.52999999995893,1,0,0,FLAT,0,A,-0.0026877641467158001,3.7401772856028797,3.7301245711922753,0,0,0,-763.52999999995893,-0.0026877641467158001,-0.010052714410604241,0,0
2023-09-28,-0.00028891507750229998,-81.85000000003356,2,0,0,FLAT,0,A,-0.00028891507750229998,3.7301245711922753,3.7290468819626961,0,0,0,-81.85000000003356,-0.00028891507750229998,-0.0010776892295792497,0,0
2023-09-29,-0.0115571186047574,-3272.9399999999609,1,0,0,FLAT,0,A,-0.0115571186047574,3.7290468819626961,3.6859498448651524,0,0,0,-3272.9399999999609,-0.0115571186047574,-0.043097037097543651,0,0
2023-10-02,0,0,0,0,0,FLAT,0,A,0,3.6859498448651524,3.6859498448651524,0,0,0,0,0,0,0,0
2023-10-03,0.0061044685229747001,1708.7199999999402,1,0,1,ENTRY,0,A,0.0061044685229747001,3.6859498448651524,3.7084506096703955,0,0,0,1708.7199999999402,0.0061044685229747001,0.022500764805242802,0,0
2023-10-04,0.0011774786441241,331.58999999996769,1,1,0,EXIT,0.0093043127388383849,B,0.0093043127388383849,3.7084506096703955,3.7429551939193049,1,331.58999999996769,0.0011774786441241,0,0,0,0.034504584248909238,0.004366621395675889
2023-10-05,0.0020921450424312999,589.8400000000147,1,0,0,FLAT,0,A,0.0020921450424312999,3.7429551939193049,3.7507859990723058,0,0,0,589.8400000000147,0.0020921450424312999,0.0078308051530007576,0,0
2023-10-06,0.0031447463875768,888.41999999998416,1,0,0,FLAT,0,A,0.0031447463875768,3.7507859990723058,3.7625812697934626,0,0,0,888.41999999998416,0.0031447463875768,0.011795270721156272,0,0
2023-10-09,-5.4307649212228329e-05,-15.389999999986005,1,0,0,FLAT,0,A,-5.4307649212228329e-05,3.7625812697934626,3.7623769328497301,0,0,0,-15.389999999986005,-5.4307649212228329e-05,-0.000204336943732444,0,0
2023-10-10,0.0068283263980460996,1934.8700000000035,1,0,0,FLAT,0,A,0.0068283263980460996,3.7623769328497301,3.7880676705797081,0,0,0,1934.8700000000035,0.0068283263980460996,0.025690737729977528,0,0
2023-10-11,0,0,0,0,0,FLAT,0,A,0,3.7880676705797081,3.7880676705797081,0,0,0,0,0,0,0,0
2023-10-12,-0.002999538754141,-855.72000000001583,2,0,0,FLAT,0,A,-0.002999538754141,3.7880676705797081,3.7767052147984952,0,0,0,-855.72000000001583,-0.002999538754141,-0.011362455781212458,0,0
2023-10-13,-0.0080575259229153998,-2291.5899999999724,1,0,0,FLAT,0,A,-0.0080575259229153998,3.7767052147984952,3.7462743146270463,0,0,0,-2291.5899999999724,-0.0080575259229153998,-0.030430900171448647,0,0
2023-10-16,-0.0022522507672508001,-635.3599999999924,1,0,0,FLAT,0,A,-0.0022522507672508001,3.7462743146270463,3.7378367654275957,0,0,0,-635.3599999999924,-0.0022522507672508001,-0.008437549199450731,0,0
2023-10-17,0,0,0,0,0,FLAT,0,A,0,3.7378367654275957,3.7378367654275957,0,0,0,0,0,0,0,0
2023-10-18,-0.0047191544567936001,-1328.2200000000853,2,0,0,FLAT,0,A,-0.0047191544567936001,3.7378367654275957,3.7201973363972609,0,0,0,-1328.2200000000853,-0.0047191544567936001,-0.017639429030334611,0,0
2023-10-19,0.0027885902431756,781.07999999995104,2,0,1,ENTRY,0,A,0.0027885902431756,3.7201973363972609,3.7305714423922263,0,0,0,781.07999999995104,0.0027885902431756,0.010374105994965258,0,0
2023-10-20,0.012144142507451199,3410.760000000022,2,1,1,HOLD,-0.012733406742731298,B,-0.012733406742731298,3.7305714423922263,3.6830685588334284,2,3410.760000000022,0.012144142507451199,0,0,0,-0.047502883558797997,0.045304591230638964
2023-10-23,-0.0085811673184437998,-2439.1499999999346,1,1,1,HOLD,-0.0023730703971333311,B,-0.0023730703971333311,3.6830685588334284,3.6743283778658484,1,-2439.1499999999346,-0.0085811673184437998,0,0,0,-0.008740180967580129,-0.031605027548649321
2023-10-24,0.00040689183785110001,114.65999999998884,1,1,0,EXIT,0.0083373969718954794,B,0.0083373969718954794,3.6743283778658484,3.7049627121572164,1,114.65999999998884,0.00040689183785110001,0,0,0,0.030634334291368352,0.0014950542265382862
2023-10-25,0.0026204515176665999,738.69999999996651,2,0,0,FLAT,0,A,0.0026204515176665999,3.7049627121572164,3.714671387319187,0,0,0,738.69999999996651,0.0026204515176665999,0.0097086751619705394,0,0
2023-10-26,-0.0058107595891314003,-1642.1999999999755,2,0,0,FLAT,0,A,-0.0058107595891314003,3.714671387319187,3.6930863249348502,0,0,0,-1642.1999999999755,-0.0058107595891314003,-0.021585062384337009,0,0
2023-10-27,-0.0046757046419552001,-1313.639999999989,1,0,1,ENTRY,0,A,-0.0046757046419552001,3.6930863249348502,3.6758185440622109,0,0,0,-1313.639999999989,-0.0046757046419552001,-0.017267780872639148,0,0
2023-10-30,-0.0111404792598301,-3115.1599999999926,1,1,0,EXIT,0.012915803582307785,B,0.012915803582307785,3.6758185440622109,3.7232946943815231,1,-3115.1599999999926,-0.0111404792598301,0,0,0,0.047476150319312092,-0.040950380253023937
2023-10-31,-0.0073530221789153997,-2033.1000000000345,1,0,0,FLAT,0,A,-0.0073530221789153997,3.7232946943815231,3.6959172259150974,0,0,0,-2033.1000000000345,-0.0073530221789153997,-0.027377468466425373,0,0
2023-11-01,-0.0058899656348657004,-1616.5300000000884,2,0,0,FLAT,0,A,-0.0058899656348657004,3.6959172259150974,3.6741484004651497,0,0,0,-1616.5300000000884,-0.0058899656348657004,-0.021768825449948095,0,0
2023-11-02,0.014902230011910199,4065.599999999979,1,0,0,FLAT,0,A,0.014902230011910199,3.6741484004651497,3.728901405026773,0,0,0,4065.599999999979,0.014902230011910199,0.05475300456162361,0,0
2023-11-03,-0.0036061453079034998,-998.45000000007042,3,0,0,FLAT,0,A,-0.0036061453079034998,3.728901405026773,3.7154544447214009,0,0,0,-998.45000000007042,-0.0036061453079034998,-0.013446960305372065,0,0
2023-11-06,0,0,0,0,0,FLAT,0,A,0,3.7154544447214009,3.7154544447214009,0,0,0,0,0,0,0,0
2023-11-07,-0.0019508644403044,-538.14999999996621,1,0,0,FLAT,0,A,-0.0019508644403044,3.7154544447214009,3.7082060967656232,0,0,0,-538.14999999996621,-0.0019508644403044,-0.0072483479557779113,0,0
2023-11-08,0,0,0,0,0,FLAT,0,A,0,3.7082060967656232,3.7082060967656232,0,0,0,0,0,0,0,0
2023-11-09,-0.0016247381076908,-447.30000000002906,1,0,0,FLAT,0,A,-0.0016247381076908,3.7082060967656232,3.7021812330090365,0,0,0,-447.30000000002906,-0.0016247381076908,-0.0060248637565864663,0,0
2023-11-10,0.0093580249700291,2572.0500000000602,1,0,0,FLAT,0,A,0.0093580249700291,3.7021812330090365,3.7368263374311081,0,0,0,2572.0500000000602,0.0093580249700291,0.034645104422071686,0,0
2023-11-13,0,0,0,0,0,FLAT,0,A,0,3.7368263374311081,3.7368263374311081,0,0,0,0,0,0,0,0
2023-11-14,-0.0036761143683084999,-1019.7999999999804,2,0,0,FLAT,0,A,-0.0036761143683084999,3.7368263374311081,3.723089336440204,0,0,0,-1019.7999999999804,-0.0036761143683084999,-0.013737000990904124,0,0
2023-11-15,-0.0021987480444130999,-607.68000000002303,1,0,0,FLAT,0,A,-0.0021987480444130999,3.723089336440204,3.7149032010425307,0,0,0,-607.68000000002303,-0.0021987480444130999,-0.0081861353976731641,0,0
2023-11-16,-0.0022735076233273998,-626.94000000000995,1,0,0,FLAT,0,A,-0.0022735076233273998,3.7149032010425307,3.7064573402950369,0,0,0,-626.94000000000995,-0.0022735076233273998,-0.0084458607474935544,0,0
2023-11-17,0,0,0,0,0,FLAT,0,A,0,3.7064573402950369,3.7064573402950369,0,0,0,0,0,0,0,0
2023-11-20,0.0126651191119294,3484.4499999999721,1,0,0,FLAT,0,A,0.0126651191119294,3.7064573402950369,3.7534000639931584,0,0,0,3484.4499999999721,0.0126651191119294,0.046942723698121684,0,0
2023-11-21,0,0,0,0,0,FLAT,0,A,0,3.7534000639931584,3.7534000639931584,0,0,0,0,0,0,0,0
2023-11-22,0,0,0,0,0,FLAT,0,A,0,3.7534000639931584,3.7534000639931584,0,0,0,0,0,0,0,0
2023-11-24,0,0,0,0,0,FLAT,0,A,0,3.7534000639931584,3.7534000639931584,0,0,0,0,0,0,0,0
2023-11-27,0,0,0,0,0,FLAT,0,A,0,3.7534000639931584,3.7534000639931584,0,0,0,0,0,0,0,0
2023-11-28,-0.0048063594543081003,-1339.0300000000673,1,0,0,FLAT,0,A,-0.0048063594543081003,3.7534000639931584,3.7353598741097844,0,0,0,-1339.0300000000673,-0.0048063594543081003,-0.018040189883374146,0,0
2023-11-29,-0.0107078136109954,-2968.6799999999334,1,0,0,FLAT,0,A,-0.0107078136109954,3.7353598741097844,3.6953623368078259,0,0,0,-2968.6799999999334,-0.0107078136109954,-0.039997537301958812,0,0
2023-11-30,0,0,0,0,0,FLAT,0,A,0,3.6953623368078259,3.6953623368078259,0,0,0,0,0,0,0,0
2023-12-01,0.0048907696570914001,1341.3600000000508,1,0,0,FLAT,0,A,0.0048907696570914001,3.6953623368078259,3.7134355027966444,0,0,0,1341.3600000000508,0.0048907696570914001,0.018073165988818085,0,0
2023-12-04,-0.0021573202986007001,-594.53999999995995,1,0,0,FLAT,0,A,-0.0021573202986007001,3.7134355027966444,3.7054244330089166,0,0,0,-594.53999999995995,-0.0021573202986007001,-0.0080110697877276982,0,0
2023-12-05,0,0,0,0,0,FLAT,0,A,0,3.7054244330089166,3.7054244330089166,0,0,0,0,0,0,0,0
2023-12-06,0.0025490037080467,700.92999999991207,1,0,1,ENTRY,0,A,0.0025490037080467,3.7054244330089166,3.7148695736285431,0,0,0,700.92999999991207,0.0025490037080467,0.00944514061962657,0,0
2023-12-07,-0.0098423832580826001,-2713.2100000001251,3,1,0,EXIT,0.0087149805233389822,B,0.0087149805233389822,3.7148695736285431,3.7472445896094606,3,-2713.2100000001251,-0.0098423832580826001,0,0,0,0.03237501598091734,-0.036563170097442019
2023-12-08,0.0019368641395862,528.57500000005405,2,0,0,FLAT,0,A,0.0019368641395862,3.7472445896094606,3.7545024932773337,0,0,0,528.57500000005405,0.0019368641395862,0.0072579036678729709,0,0
2023-12-11,-0.0015157398851799999,-414.39999999989232,1,0,0,FLAT,0,A,-0.0015157398851799999,3.7545024932773337,3.7488116440992658,0,0,0,-414.39999999989232,-0.0015157398851799999,-0.005690849178068209,0,0
2023-12-12,0.0074227326433261003,2026.1600000000319,1,0,0,FLAT,0,A,0.0074227326433261003,3.7488116440992658,3.7766380706636022,0,0,0,2026.1600000000319,0.0074227326433261003,0.027826426564336607,0,0
2023-12-13,0.0243773536668269,6703.2000000000535,1,0,0,FLAT,0,A,0.0243773536668269,3.7766380706636022,3.8687025125837713,0,0,0,6703.2000000000535,0.0243773536668269,0.092064441920169438,0,0
2023-12-14,0,0,0,0,0,FLAT,0,A,0,3.8687025125837713,3.8687025125837713,0,0,0,0,0,0,0,0
2023-12-15,0,0,0,0,0,FLAT,0,A,0,3.8687025125837713,3.8687025125837713,0,0,0,0,0,0,0,0
2023-12-18,-0.0078469055287970994,-2210.1849999999222,3,0,0,FLAT,0,A,-0.0078469055287970994,3.8687025125837713,3.8383451694485067,0,0,0,-2210.1849999999222,-0.0078469055287970994,-0.030357343135264826,0,0
2023-12-19,0.0029424611306946998,822.1400000000101,1,0,0,FLAT,0,A,0.0029424611306946998,3.8383451694485067,3.8496393509157989,0,0,0,822.1400000000101,0.0029424611306946998,0.011294181467291992,0,0
2023-12-20,0.020261648472582501,5677.5599999999604,1,0,0,FLAT,0,A,0.020261648472582501,3.8496393509157989,3.9276393901902757,0,0,0,5677.5599999999604,0.020261648472582501,0.078000039274476587,0,0
2023-12-21,0,0,0,0,0,FLAT,0,A,0,3.9276393901902757,3.9276393901902757,0,0,0,0,0,0,0,0
2023-12-22,-0.0051213133509355,-1464.0499999999774,1,0,0,FLAT,0,A,-0.0051213133509355,3.9276393901902757,3.9075247181436343,0,0,0,-1464.0499999999774,-0.0051213133509355,-0.020114672046641625,0,0
2023-12-26,-0.0037104291420517002,-1055.2400000000075,1,0,0,FLAT,0,A,-0.0037104291420517002,3.9075247181436343,3.893026124556147,0,0,0,-1055.2400000000075,-0.0037104291420517002,-0.014498593587487497,0,0
2023-12-27,0,0,0,0,0,FLAT,0,A,0,3.893026124556147,3.893026124556147,0,0,0,0,0,0,0,0
2023-12-28,0,0,0,0,0,FLAT,0,A,0,3.893026124556147,3.893026124556147,0,0,0,0,0,0,0,0
2023-12-29,0.0017153069360350999,486.00000000006958,1,0,0,FLAT,0,A,0.0017153069360350999,3.893026124556147,3.8997038592697644,0,0,0,486.00000000006958,0.0017153069360350999,0.0066777347136170034,0,0
2024-01-02,-0.0021939389456584,-622.65000000004045,1,0,0,FLAT,0,A,-0.0021939389456584,3.8997038592697644,3.891148147096378,0,0,0,-622.65000000004045,-0.0021939389456584,-0.0085557121733863001,0,0
2024-01-03,-0.0040857152584781002,-1156.9499999999148,2,0,1,ENTRY,0,A,-0.0040857152584781002,3.891148147096378,3.8752500237387877,0,0,0,-1156.9499999999148,-0.0040857152584781002,-0.015898123357590457,0,0
2024-01-04,-0.0017085788481583999,-481.80000000001831,1,1,1,HOLD,-0.0031578048988648972,B,-0.0031578048988648972,3.8752500237387877,3.8630127402294994,1,-481.80000000001831,-0.0017085788481583999,0,0,0,-0.012237283509288653,-0.0066211702218854302
2024-01-05,-0.0015625815953849,-439.86000000001673,2,1,1,HOLD,0.0014982876712328766,B,0.0014982876712328766,3.8630127402294994,3.8688006445920005,2,-439.86000000001673,-0.0015625815953849,0,0,0,0.00578790436250139,-0.0060362726106200056
2024-01-08,0.032250129999380803,9063.2600000000384,1,1,0,EXIT,0.014223124599273348,B,0.014223124599273348,3.8688006445920005,3.9238270782097819,1,9063.2600000000384,0.032250129999380803,0,0,0,0.055026433617781069,0.12476932372978027
2024-01-09,0,0,0,0,0,FLAT,0,A,0,3.9238270782097819,3.9238270782097819,0,0,0,0,0,0,0,0
2024-01-10,0.0043201450637134001,1253.1899999999046,2,0,0,FLAT,0,A,0.0043201450637134001,3.9238270782097819,3.9407785803925748,0,0,0,1253.1899999999046,0.0043201450637134001,0.016951502182792962,0,0
2024-01-11,0.0025480735099503,742.27999999999611,1,0,0,FLAT,0,A,0.0025480735099503,3.9407785803925748,3.950819973901853,0,0,0,742.27999999999611,0.0025480735099503,0.010041393509277869,0,0
2024-01-12,0,0,0,0,0,FLAT,0,A,0,3.950819973901853,3.950819973901853,0,0,0,0,0,0,0,0
2024-01-16,-0.021072162162795099,-6153.9299999999948,2,0,0,FLAT,0,A,-0.021072162162795099,3.950819973901853,3.8675676547357836,0,0,0,-6153.9299999999948,-0.021072162162795099,-0.083252319166069746,0,0
2024-01-17,-0.0048227275917867001,-1378.6000000001363,2,0,0,FLAT,0,A,-0.0048227275917867001,3.8675676547357836,3.8489154294941876,0,0,0,-1378.6000000001363,-0.0048227275917867001,-0.01865222524159604,0,0
2024-01-18,0.0047059340200965999,1338.5800000000099,1,0,0,FLAT,0,A,0.0047059340200965999,3.8489154294941876,3.8670281715543191,0,0,0,1338.5800000000099,0.0047059340200965999,0.018112742060131415,0,0
2024-01-19,0.021165814323179599,6048.5250000000897,1,0,0,FLAT,0,A,0.021165814323179599,3.8670281715543191,3.9488769718159427,0,0,0,6048.5250000000897,0.021165814323179599,0.081848800261623431,0,0
2024-01-22,-0.0058470199194078001,-1706.1799999999328,1,0,0,FLAT,0,A,-0.0058470199194078001,3.9488769718159427,3.9257878095024439,0,0,0,-1706.1799999999328,-0.0058470199194078001,-0.023089162313498571,0,0
2024-01-23,0,0,0,0,0,FLAT,0,A,0,3.9257878095024439,3.9257878095024439,0,0,0,0,0,0,0,0
2024-01-24,0,0,0,0,0,FLAT,0,A,0,3.9257878095024439,3.9257878095024439,0,0,0,0,0,0,0,0
2024-01-25,0,0,0,0,0,FLAT,0,A,0,3.9257878095024439,3.9257878095024439,0,0,0,0,0,0,0,0
2024-01-26,0,0,0,0,0,FLAT,0,A,0,3.9257878095024439,3.9257878095024439,0,0,0,0,0,0,0,0
2024-01-29,0.0117671723806538,3413.4800000000323,1,0,0,FLAT,0,A,0.0117671723806538,3.9257878095024439,3.9719832313867287,0,0,0,3413.4800000000323,0.0117671723806538,0.046195421884284535,0,0
2024-01-30,0,0,0,0,0,FLAT,0,A,0,3.9719832313867287,3.9719832313867287,0,0,0,0,0,0,0,0
2024-01-31,0.038958457569881297,11433.689999999957,1,0,0,FLAT,0,A,0.038958457569881297,3.9719832313867287,4.1267255715749886,0,0,0,11433.689999999957,0.038958457569881297,0.15474234018825989,0,0
2024-02-01,0.0085220594145119007,2598.3850000000243,2,0,0,FLAT,0,A,0.0085220594145119007,4.1267255715749886,4.161893772083336,0,0,0,2598.3850000000243,0.0085220594145119007,0.035168200508347638,0,0
2024-02-02,0.0194675342196362,5985.7699999999331,1,0,0,FLAT,0,A,0.0194675342196362,4.161893772083336,4.2429155815098589,0,0,0,5985.7699999999331,0.0194675342196362,0.081021809426523123,0,0
2024-02-05,0.0033288207946281,1043.4149999999563,1,0,0,FLAT,0,A,0.0033288207946281,4.2429155815098589,4.2570394871274404,0,0,0,1043.4149999999563,0.0033288207946281,0.014123905617581596,0,0
2024-02-06,0,0,0,0,0,FLAT,0,A,0,4.2570394871274404,4.2570394871274404,0,0,0,0,0,0,0,0
2024-02-07,-0.0077387480765575001,-2433.6899999999509,3,0,0,FLAT,0,A,-0.0077387480765575001,4.2570394871274404,4.2240953309846034,0,0,0,-2433.6899999999509,-0.0077387480765575001,-0.032944156142836807,0,0
2024-02-08,0,0,0,0,0,FLAT,0,A,0,4.2240953309846034,4.2240953309846034,0,0,0,0,0,0,0,0
2024-02-09,0.0062402584699777002,1947.0400000000241,3,0,0,FLAT,0,A,0.0062402584699777002,4.2240953309846034,4.2504547776517736,0,0,0,1947.0400000000241,0.0062402584699777002,0.026359446667169929,0,0
2024-02-12,-0.0049081638343071001,-1540.7849999999842,1,0,0,FLAT,0,A,-0.0049081638343071001,4.2504547776517736,4.2295928492327448,0,0,0,-1540.7849999999842,-0.0049081638343071001,-0.020861928419028262,0,0
2024-02-13,-0.0172529414747782,-5389.299999999972,2,0,0,FLAT,0,A,-0.0172529414747782,4.2295928492327448,4.1566199313427923,0,0,0,-5389.299999999972,-0.0172529414747782,-0.072972917889952915,0,0
2024-02-14,-0.010494952965850001,-3221.4899999999966,1,0,0,FLAT,0,A,-0.010494952965850001,4.1566199313427923,4.112996400666435,0,0,0,-3221.4899999999966,-0.010494952965850001,-0.043623530676357263,0,0
2024-02-15,-0.00061493262859420002,-186.76999999999359,3,0,0,FLAT,0,A,-0.00061493262859420002,4.112996400666435,4.1104671849783747,0,0,0,-186.76999999999359,-0.00061493262859420002,-0.0025292156880602945,0,0
2024-02-16,-0.0070464073454073002,-2138.6400000000544,1,0,0,FLAT,0,A,-0.0070464073454073002,4.1104671849783747,4.0815031588130877,0,0,0,-2138.6400000000544,-0.0070464073454073002,-0.028964026165287288,0,0
2024-02-20,-0.0093796984290872992,-2826.660000000054,2,0,0,FLAT,0,A,-0.0093796984290872992,4.0815031588130877,4.0432198900460543,0,0,0,-2826.660000000054,-0.0093796984290872992,-0.038283268767033966,0,0
2024-02-21,0,0,0,0,0,FLAT,0,A,0,4.0432198900460543,4.0432198900460543,0,0,0,0,0,0,0,0
2024-02-22,0.0033499365568914999,999.99999999999284,3,0,0,FLAT,0,A,0.0033499365568914999,4.0432198900460543,4.0567644201632698,0,0,0,999.99999999999284,0.0033499365568914999,0.013544530117216107,0,0
2024-02-23,0,0,0,0,0,FLAT,0,A,0,4.0567644201632698,4.0567644201632698,0,0,0,0,0,0,0,0
2024-02-26,0,0,0,0,0,FLAT,0,A,0,4.0567644201632698,4.0567644201632698,0,0,0,0,0,0,0,0
2024-02-27,0,0,0,0,0,FLAT,0,A,0,4.0567644201632698,4.0567644201632698,0,0,0,0,0,0,0,0
2024-02-28,0,0,0,0,0,FLAT,0,A,0,4.0567644201632698,4.0567644201632698,0,0,0,0,0,0,0,0
2024-02-29,0,0,0,0,0,FLAT,0,A,0,4.0567644201632698,4.0567644201632698,0,0,0,0,0,0,0,0
2024-03-01,0.0131100819913049,3926.2000000000098,1,0,0,FLAT,0,A,0.0131100819913049,4.0567644201632698,4.109948934331018,0,0,0,3926.2000000000098,0.0131100819913049,0.053184514167748949,0,0
2024-03-04,0,0,0,0,0,FLAT,0,A,0,4.109948934331018,4.109948934331018,0,0,0,0,0,0,0,0
2024-03-05,0.0047693540386889999,1447,1,0,0,FLAT,0,A,0.0047693540386889999,4.109948934331018,4.1295507358797758,0,0,0,1447,0.0047693540386889999,0.019601801548757191,0,0
2024-03-06,-0.0033126415706892002,-1009.7999999999512,1,0,0,FLAT,0,A,-0.0033126415706892002,4.1295507358797758,4.1158710144438304,0,0,0,-1009.7999999999512,-0.0033126415706892002,-0.013679721435945523,0,0
2024-03-07,-0.00092366409336779997,-280.61999999992202,2,0,0,FLAT,0,A,-0.00092366409336779997,4.1158710144438304,4.1120693321748556,0,0,0,-280.61999999992202,-0.00092366409336779997,-0.0038016822689750677,0,0
2024-03-08,-0.019139117052226401,-5808.9000000001924,3,0,0,FLAT,0,A,-0.019139117052226401,4.1120693321748556,4.0333679558994904,0,0,0,-5808.9000000001924,-0.019139117052226401,-0.078701376275365012,0,0
2024-03-11,-0.012936585575220099,-3850.8199999999506,2,0,0,FLAT,0,A,-0.012936585575220099,4.0333679558994904,3.981189946181646,0,0,0,-3850.8199999999506,-0.012936585575220099,-0.052178009717844323,0,0
2024-03-12,0.0045414969480950997,1334.2799999997967,2,0,0,FLAT,0,A,0.0045414969480950997,3.981189946181646,3.9992705081720166,0,0,0,1334.2799999997967,0.0045414969480950997,0.018080561990370839,0,0
2024-03-13,-0.0025771675654018,-760.54999999996085,1,0,0,FLAT,0,A,-0.0025771675654018,3.9992705081720166,3.9889637179330877,0,0,0,-760.54999999996085,-0.0025771675654018,-0.010306790238928895,0,0
2024-03-14,-0.0239026803446073,-7035.5199999999495,4,0,0,FLAT,0,A,-0.0239026803446073,3.9889637179330877,3.8936167932770966,0,0,0,-7035.5199999999495,-0.0239026803446073,-0.095346924655990872,0,0
2024-03-15,-0.0044913397976621,-1290.149999999971,1,0,1,ENTRY,0,A,-0.0044913397976621,3.8936167932770966,3.8761292372166056,0,0,0,-1290.149999999971,-0.0044913397976621,-0.017487556060490909,0,0
2024-03-18,-0.00068865221141660004,-196.92000000000743,1,1,1,HOLD,0.0064104451970745597,B,0.0064104451970745597,3.8761292372166056,3.9009769512685613,1,-196.92000000000743,-0.00068865221141660004,0,0,0,0.024847714051955468,-0.0026693049709457547
2024-03-19,0.0016289201418196999,465.44999999994161,1,1,0,EXIT,0.0065354376792368168,B,0.0065354376792368168,3.9009769512685613,3.9264715430217163,1,465.44999999994161,0.0016289201418196999,0,0,0,0.025494591753154917,0.0063543799286957655
2024-03-20,0.0073743255850801,2110.4999999998709,1,0,0,FLAT,0,A,0.0073743255850801,3.9264715430217163,3.9554266225805099,0,0,0,2110.4999999998709,0.0073743255850801,0.028955079558793981,0,0
2024-03-21,0,0,0,0,0,FLAT,0,A,0,3.9554266225805099,3.9554266225805099,0,0,0,0,0,0,0,0
2024-03-22,0,0,0,0,0,FLAT,0,A,0,3.9554266225805099,3.9554266225805099,0,0,0,0,0,0,0,0
2024-03-25,0,0,0,0,0,FLAT,0,A,0,3.9554266225805099,3.9554266225805099,0,0,0,0,0,0,0,0
2024-03-26,0,0,0,0,1,ENTRY,0,A,0,3.9554266225805099,3.9554266225805099,0,0,0,0,0,0,0,0
2024-03-27,0,0,0,1,0,EXIT,0.0081191059340828889,B,0.0081191059340828889,3.9554266225805099,3.9875411503437324,0,0,0,0,0,0,0.032114527763222857,0
2024-03-28,0,0,0,0,0,FLAT,0,A,0,3.9875411503437324,3.9875411503437324,0,0,0,0,0,0,0,0
2024-04-01,0.0015708901757476,452.88000000001722,1,0,0,FLAT,0,A,0.0015708901757476,3.9875411503437324,3.9938051395621965,0,0,0,452.88000000001722,0.0015708901757476,0.006263989218464253,0,0
2024-04-02,-0.0028251183250991001,-815.70999999990511,2,0,0,FLAT,0,A,-0.0028251183250991001,3.9938051395621965,3.9825221674755444,0,0,0,-815.70999999990511,-0.0028251183250991001,-0.01128297208665213,0,0
2024-04-03,-0.0047527108387295999,-1368.2700000001082,1,0,1,ENTRY,0,A,-0.0047527108387295999,3.9825221674755444,3.9635943912047025,0,0,0,-1368.2700000001082,-0.0047527108387295999,-0.018927776270841919,0,0
2024-04-04,0.028687964858796301,8219.4000000000087,1,1,1,HOLD,-0.011710098033550971,B,-0.011710098033550971,3.9635943912047025,3.9171803123184628,1,8219.4000000000087,0.028687964858796301,0,0,0,-0.046414078886239843,0.11370745660940262
2024-04-05,0.014622730218168199,4309.5499999998801,1,1,0,EXIT,0.011127784382125387,B,0.011127784382125387,3.9171803123184628,3.9607698502198492,1,4309.5499999998801,0.014622730218168199,0,0,0,0.043589537901386435,0.057279870922952732
2024-04-08,0,0,0,0,0,FLAT,0,A,0,3.9607698502198492,3.9607698502198492,0,0,0,0,0,0,0,0
2024-04-09,-0.012953414055202801,-3873.2400000000416,2,0,0,FLAT,0,A,-0.012953414055202801,3.9607698502198492,3.9094643583725879,0,0,0,-3873.2400000000416,-0.012953414055202801,-0.051305491847261284,0,0
2024-04-10,0,0,0,0,0,FLAT,0,A,0,3.9094643583725879,3.9094643583725879,0,0,0,0,0,0,0,0
2024-04-11,-0.0010461042953382,-308.72000000015242,2,0,0,FLAT,0,A,-0.0010461042953382,3.9094643583725879,3.9053746509148226,0,0,0,-308.72000000015242,-0.0010461042953382,-0.004089707457765164,0,0
2024-04-12,0.0011768126387575999,346.90000000008013,2,0,0,FLAT,0,A,0.0011768126387575999,3.9053746509148226,3.9099705451631031,0,0,0,346.90000000008013,0.0011768126387575999,0.0045958942482801132,0,0
2024-04-15,0.0068761783194661004,2029.1700000000319,1,0,0,FLAT,0,A,0.0068761783194661004,3.9099705451631031,3.9368561998555052,0,0,0,2029.1700000000319,0.0068761783194661004,0.026885654692401579,0,0
2024-04-16,0,0,0,0,1,ENTRY,0,A,0,3.9368561998555052,3.9368561998555052,0,0,0,0,0,0,0,0
2024-04-17,-0.0023506360558577001,-698.41999999995608,1,1,1,HOLD,-0.0056170854670318767,B,-0.0056170854670318767,3.9368561998555052,3.9147425421095026,1,-698.41999999995608,-0.0023506360558577001,0,0,0,-0.022113657746002699,-0.0092541161301072788
2024-04-18,0,0,0,1,1,HOLD,-0.002754545998922134,B,-0.002754545998922134,3.9147425421095026,3.9039592037033248,0,0,0,0,0,0,-0.010783338406177994,0
2024-04-19,0.010538888704778499,3123.8399999999338,2,1,1,HOLD,-0.0086467444606793294,B,-0.0086467444606793294,3.9039592037033248,3.8702026660839848,2,3123.8399999999338,0.010538888704778499,0,0,0,-0.033756537619339812,0.041143391555825033
2024-04-22,-0.0009876570859806001,-295.81500000000364,1,1,0,EXIT,0.0079751256839427406,B,0.0079751256839427406,3.8702026660839848,3.9010680187683344,1,-295.81500000000364,-0.0009876570859806001,0,0,0,0.030865352684350058,-0.003822433087338858
2024-04-23,0.0128380275772342,3841.1999999999798,1,0,0,FLAT,0,A,0.0128380275772342,3.9010680187683344,3.9511500375739486,0,0,0,3841.1999999999798,0.0128380275772342,0.050082018805614262,0,0
2024-04-24,0,0,0,0,0,FLAT,0,A,0,3.9511500375739486,3.9511500375739486,0,0,0,0,0,0,0,0
2024-04-25,-0.0079000552330678996,-2394.0000000000086,1,0,0,FLAT,0,A,-0.0079000552330678996,3.9511500375739486,3.9199357340429759,0,0,0,-2394.0000000000086,-0.0079000552330678996,-0.031214303530972501,0,0
2024-04-26,0.0016804272331979999,505.18999999996254,3,0,0,FLAT,0,A,0.0016804272331979999,3.9199357340429759,3.9265229008028477,0,0,0,505.18999999996254,0.0016804272331979999,0.0065871667598718089,0,0
2024-04-29,0,0,0,0,0,FLAT,0,A,0,3.9265229008028477,3.9265229008028477,0,0,0,0,0,0,0,0
2024-04-30,0.017178322340043399,5172.4899999998979,2,0,0,FLAT,0,A,0.017178322340043399,3.9265229008028477,3.9939739768684017,0,0,0,5172.4899999998979,0.017178322340043399,0.067451076065553575,0,0
2024-05-01,-0.034667365265742399,-10617.180000000028,2,0,0,FLAT,0,A,-0.034667365265742399,3.9939739768684017,3.8555134221504348,0,0,0,-10617.180000000028,-0.034667365265742399,-0.13846055471796667,0,0
2024-05-02,0,0,0,0,0,FLAT,0,A,0,3.8555134221504348,3.8555134221504348,0,0,0,0,0,0,0,0
2024-05-03,0,0,0,0,0,FLAT,0,A,0,3.8555134221504348,3.8555134221504348,0,0,0,0,0,0,0,0
2024-05-06,0,0,0,0,0,FLAT,0,A,0,3.8555134221504348,3.8555134221504348,0,0,0,0,0,0,0,0
2024-05-07,0,0,0,0,0,FLAT,0,A,0,3.8555134221504348,3.8555134221504348,0,0,0,0,0,0,0,0
2024-05-08,0,0,0,0,0,FLAT,0,A,0,3.8555134221504348,3.8555134221504348,0,0,0,0,0,0,0,0
2024-05-09,-0.0033760586196139998,-998.04000000015139,2,0,0,FLAT,0,A,-0.0033760586196139998,3.8555134221504348,3.8424969828285462,0,0,0,-998.04000000015139,-0.0033760586196139998,-0.013016439321888446,0,0
2024-05-10,0,0,0,0,0,FLAT,0,A,0,3.8424969828285462,3.8424969828285462,0,0,0,0,0,0,0,0
2024-05-13,0,0,0,0,0,FLAT,0,A,0,3.8424969828285462,3.8424969828285462,0,0,0,0,0,0,0,0
2024-05-14,-0.0027322237806723,-804.9300000001391,2,0,0,FLAT,0,A,-0.0027322237806723,3.8424969828285462,3.8319984211949008,0,0,0,-804.9300000001391,-0.0027322237806723,-0.010498561633645716,0,0
2024-05-15,0.0132191517212417,3883.5199999999168,1,0,0,FLAT,0,A,0.0132191517212417,3.8319984211949008,3.8826541897202347,0,0,0,3883.5199999999168,0.0132191517212417,0.050655768525334051,0,0
2024-05-16,-0.0019969580657618999,-594.39999999996621,1,0,0,FLAT,0,A,-0.0019969580657618999,3.8826541897202347,3.8749006921195086,0,0,0,-594.39999999996621,-0.0019969580657618999,-0.0077534976007260564,0,0
2024-05-17,0,0,0,0,0,FLAT,0,A,0,3.8749006921195086,3.8749006921195086,0,0,0,0,0,0,0,0
2024-05-20,-0.0035206441002561002,-1045.8000000000679,1,0,0,FLAT,0,A,-0.0035206441002561002,3.8749006921195086,3.8612585458587199,0,0,0,-1045.8000000000679,-0.0035206441002561002,-0.013642146260788827,0,0
2024-05-21,0,0,0,0,0,FLAT,0,A,0,3.8612585458587199,3.8612585458587199,0,0,0,0,0,0,0,0
2024-05-22,-0.0133311864259959,-3945.9199999999801,1,0,0,FLAT,0,A,-0.0133311864259959,3.8612585458587199,3.8097833883449073,0,0,0,-3945.9199999999801,-0.0133311864259959,-0.051475157513812431,0,0
2024-05-23,0.0055019338660782001,1606.7299999997899,1,0,0,FLAT,0,A,0.0055019338660782001,3.8097833883449073,3.8307445645916642,0,0,0,1606.7299999997899,0.0055019338660782001,0.020961176246757002,0,0
2024-05-24,-0.0031154408247442999,-914.75999999991075,1,0,0,FLAT,0,A,-0.0031154408247442999,3.8307445645916642,3.8188101065859676,0,0,0,-914.75999999991075,-0.0031154408247442999,-0.011934458005696199,0,0
2024-05-28,0,0,0,0,0,FLAT,0,A,0,3.8188101065859676,3.8188101065859676,0,0,0,0,0,0,0,0
2024-05-29,0,0,0,0,0,FLAT,0,A,0,3.8188101065859676,3.8188101065859676,0,0,0,0,0,0,0,0
2024-05-30,0,0,0,0,1,ENTRY,0,A,0,3.8188101065859676,3.8188101065859676,0,0,0,0,0,0,0,0
2024-05-31,-0.0035002741095575001,-1024.5,1,1,0,EXIT,0.0078108547908490476,B,0.0078108547908490476,3.8188101065859676,3.8486382778023374,1,-1024.5,-0.0035002741095575001,0,0,0,0.029828171216369766,-0.01336688214539938
2024-06-03,-0.014667659994846399,-4277.860000000127,2,0,0,FLAT,0,A,-0.014667659994846399,3.8486382778023374,3.7921877601003815,0,0,0,-4277.860000000127,-0.014667659994846399,-0.056450517701955888,0,0
2024-06-04,-0.0046054163483992003,-1323.3600000000499,1,0,0,FLAT,0,A,-0.0046054163483992003,3.7921877601003815,3.774723156593816,0,0,0,-1323.3600000000499,-0.0046054163483992003,-0.017464603506565642,0,0
2024-06-05,0.013194952986423999,3773.9199999999,1,0,0,FLAT,0,A,0.013194952986423999,3.774723156593816,3.824530451181837,0,0,0,3773.9199999999,0.013194952986423999,0.049807294588021397,0,0
2024-06-06,0,0,0,0,0,FLAT,0,A,0,3.824530451181837,3.824530451181837,0,0,0,0,0,0,0,0
2024-06-07,-0.0060593536089708997,-1755.8400000001202,1,0,0,FLAT,0,A,-0.0060593536089708997,3.824530451181837,3.8013562687898492,0,0,0,-1755.8400000001202,-0.0060593536089708997,-0.023174182391987767,0,0
2024-06-10,0,0,0,0,0,FLAT,0,A,0,3.8013562687898492,3.8013562687898492,0,0,0,0,0,0,0,0
2024-06-11,-0.0041510473031721,-1195.5199999999743,1,0,0,FLAT,0,A,-0.0041510473031721,3.8013562687898492,3.7855766591018929,0,0,0,-1195.5199999999743,-0.0041510473031721,-0.015779609687956459,0,0
2024-06-12,0.00050963083908929995,146.15999999986707,1,0,0,FLAT,0,A,0.00050963083908929995,3.7855766591018929,3.7875059057111078,0,0,0,146.15999999986707,0.00050963083908929995,0.0019292466092149666,0,0
2024-06-13,0,0,0,0,0,FLAT,0,A,0,3.7875059057111078,3.7875059057111078,0,0,0,0,0,0,0,0
2024-06-14,0,0,0,0,0,FLAT,0,A,0,3.7875059057111078,3.7875059057111078,0,0,0,0,0,0,0,0
2024-06-17,0.012471369156771699,3578.3999999999096,1,0,0,FLAT,0,A,0.012471369156771699,3.7875059057111078,3.834741290044684,0,0,0,3578.3999999999096,0.012471369156771699,0.047235384333576172,0,0
2024-06-18,0,0,0,0,0,FLAT,0,A,0,3.834741290044684,3.834741290044684,0,0,0,0,0,0,0,0
2024-06-20,-0.011318008474717501,-3287.809999999904,2,0,0,FLAT,0,A,-0.011318008474717501,3.834741290044684,3.7913396556256092,0,0,0,-3287.809999999904,-0.011318008474717501,-0.043401634419074853,0,0
2024-06-21,0,0,0,0,0,FLAT,0,A,0,3.7913396556256092,3.7913396556256092,0,0,0,0,0,0,0,0
2024-06-24,-0.0051285594001659,-1472.8000000000957,1,0,1,ENTRY,0,A,-0.0051285594001659,3.7913396556256092,3.7718955449955289,0,0,0,-1472.8000000000957,-0.0051285594001659,-0.019444110630080464,0,0
2024-06-25,0,0,0,1,0,EXIT,0.003685345224713925,B,0.003685345224713925,3.7718955449955289,3.7857962822303977,0,0,0,0,0,0,0.013900737234869001,0
2024-06-26,0,0,0,0,0,FLAT,0,A,0,3.7857962822303977,3.7857962822303977,0,0,0,0,0,0,0,0
2024-06-27,-0.0040987280022438998,-1170.9599999998859,1,0,0,FLAT,0,A,-0.0040987280022438998,3.7857962822303977,3.7702793329976294,0,0,0,-1170.9599999998859,-0.0040987280022438998,-0.015516949232768581,0,0
2024-06-28,0.0053566739442450001,1523.9899999998013,2,0,0,FLAT,0,A,0.0053566739442450001,3.7702793329976294,3.7904754900632232,0,0,0,1523.9899999998013,0.0053566739442450001,0.020196157065593818,0,0
2024-07-01,-0.0074373273630237002,-2127.0599999999808,1,0,0,FLAT,0,A,-0.0074373273630237002,3.7904754900632232,3.7622844829821052,0,0,0,-2127.0599999999808,-0.0074373273630237002,-0.02819100708111788,0,0
2024-07-02,0.0064223387105895998,1823.019999999972,2,0,0,FLAT,0,A,0.0064223387105895998,3.7622844829821052,3.7864471482574111,0,0,0,1823.019999999972,0.0064223387105895998,0.024162665275306552,0,0
2024-07-03,0.0072676317323103999,2076,1,0,0,FLAT,0,A,0.0072676317323103999,3.7864471482574111,3.8139656517048026,0,0,0,2076,0.0072676317323103999,0.027518503447391783,0,0
2024-07-05,0.0075355319782813004,2168.0600000001405,2,0,0,FLAT,0,A,0.0075355319782813004,3.8139656517048026,3.8427059118372906,0,0,0,2168.0600000001405,0.0075355319782813004,0.028740260132488021,0,0
2024-07-08,0,0,0,0,0,FLAT,0,A,0,3.8427059118372906,3.8427059118372906,0,0,0,0,0,0,0,0
2024-07-09,0,0,0,0,0,FLAT,0,A,0,3.8427059118372906,3.8427059118372906,0,0,0,0,0,0,0,0
2024-07-10,0.018112227846598699,5249.8399999999438,2,0,0,FLAT,0,A,0.018112227846598699,3.8427059118372906,3.9123058768599592,0,0,0,5249.8399999999438,0.018112227846598699,0.069599965022668825,0,0
2024-07-11,0.027549810043748901,8129.160000000029,1,0,0,FLAT,0,A,0.027549810043748901,3.9123058768599592,4.0200891606004943,0,0,0,8129.160000000029,0.027549810043748901,0.10778328374053436,0,0
2024-07-12,0.0042189313620881004,1279.120000000069,1,0,0,FLAT,0,A,0.0042189313620881004,4.0200891606004943,4.0370496408385428,0,0,0,1279.120000000069,0.0042189313620881004,0.016960480238047852,0,0
2024-07-15,-0.0080133756074176003,-2439.6699999999901,1,0,0,FLAT,0,A,-0.0080133756074176003,4.0370496408385428,4.0046992457207136,0,0,0,-2439.6699999999901,-0.0080133756074176003,-0.032350395117829563,0,0
2024-07-16,0,0,0,0,0,FLAT,0,A,0,4.0046992457207136,4.0046992457207136,0,0,0,0,0,0,0,0
2024-07-17,0,0,0,0,0,FLAT,0,A,0,4.0046992457207136,4.0046992457207136,0,0,0,0,0,0,0,0
2024-07-18,0.0075972133334604999,2294.3200000000229,1,0,0,FLAT,0,A,0.0075972133334604999,4.0046992457207136,4.0351238002268026,0,0,0,2294.3200000000229,0.0075972133334604999,0.030424554506088611,0,0
2024-07-19,-0.0038823119766287998,-1181.3000000000293,3,0,1,ENTRY,0,A,-0.0038823119766287998,4.0351238002268026,4.0194581907700018,0,0,0,-1181.3000000000293,-0.0038823119766287998,-0.015665609456800431,0,0
2024-07-22,0,0,0,1,0,EXIT,0.011344568468665646,B,0.011344568468665646,4.0194581907700018,4.0650572094221316,0,0,0,0,0,0,0.045599018652129224,0
2024-07-23,-0.0022378536993667001,-678.21000000003937,1,0,0,FLAT,0,A,-0.0022378536993667001,4.0650572094221316,4.0559602061078888,0,0,0,-678.21000000003937,-0.0022378536993667001,-0.0090970033142425914,0,0
2024-07-24,0.026609395856387299,8045.9999999999663,1,0,0,FLAT,0,A,0.026609395856387299,4.0559602061078888,4.1638868568099676,0,0,0,8045.9999999999663,0.026609395856387299,0.10792665070207903,0,0
2024-07-25,-0.0066451474692662002,-2062.719999999897,3,0,1,ENTRY,0,A,-0.0066451474692662002,4.1638868568099676,4.1362172146011256,0,0,0,-2062.719999999897,-0.0066451474692662002,-0.027669642208841549,0,0
2024-07-26,-0.0035589392365762999,-1097.3000000000986,2,1,1,HOLD,0.0089255891631100388,B,0.0089255891631100388,4.1362172146011256,4.1731353901480386,2,-1097.3000000000986,-0.0035589392365762999,0,0,0,0.036918175546912999,-0.014720545736046279
2024-07-29,-0.0067810725928372003,-2083.2000000000162,1,1,0,EXIT,0.0019127843887366428,B,0.0019127843887366428,4.1731353901480386,4.1811176983743978,1,-2083.2000000000162,-0.0067810725928372003,0,0,0,0.007982308226359567,-0.028298334020331842
2024-07-30,0.0016194443602237001,494.12000000006128,1,0,0,FLAT,0,A,0.0016194443602237001,4.1811176983743978,4.1878887858504621,0,0,0,494.12000000006128,0.0016194443602237001,0.006771087476063916,0,0
2024-07-31,-0.014298702367229099,-4369.7300000001114,2,0,0,FLAT,0,A,-0.014298702367229099,4.1878887858504621,4.1280074105545301,0,0,0,-4369.7300000001114,-0.014298702367229099,-0.059881375295932203,0,0
2024-08-01,0.0024443154581801001,736.27000000003773,2,0,0,FLAT,0,A,0.0024443154581801001,4.1280074105545301,4.138097562879631,0,0,0,736.27000000003773,0.0024443154581801001,0.010090152325100445,0,0
2024-08-02,0.0050862920958773001,1535.7500000000196,3,0,0,FLAT,0,A,0.0050862920958773001,4.138097562879631,4.1591451358056757,0,0,0,1535.7500000000196,0.0050862920958773001,0.021047572926043787,0,0
2024-08-05,0,0,0,0,1,ENTRY,0,A,0,4.1591451358056757,4.1591451358056757,0,0,0,0,0,0,0,0
2024-08-06,0.0019738832032766998,598.98000000006505,1,1,1,HOLD,0.011635786335211323,B,0.011635786335211323,4.1591451358056757,4.2075400599430433,1,598.98000000006505,0.0019738832032766998,0,0,0,0.048394924137368324,0.0082096667235568108
2024-08-07,-0.0075468023884480004,-2294.5700000000465,1,1,1,HOLD,-0.0077508994871009719,B,-0.0077508994871009719,4.2075400599430433,4.1749278398504739,1,-2294.5700000000465,-0.0075468023884480004,0,0,0,-0.032612220092569325,-0.031753473373868801
2024-08-08,0.0020018904320027002,604.06000000012796,2,1,0,EXIT,0.021775609003413892,B,0.021775609003413892,4.1749278398504739,4.265839436108525,2,604.06000000012796,0.0020018904320027002,0,0,0,0.090911596258051286,0.008357748096898366
2024-08-09,0,0,0,0,0,FLAT,0,A,0,4.265839436108525,4.265839436108525,0,0,0,0,0,0,0,0
2024-08-12,0,0,0,0,0,FLAT,0,A,0,4.265839436108525,4.265839436108525,0,0,0,0,0,0,0,0
2024-08-13,0.0014311186436054999,432.68000000003047,1,0,0,FLAT,0,A,0.0014311186436054999,4.265839436108525,4.2719443584561674,0,0,0,432.68000000003047,0.0014311186436054999,0.006104922347642483,0,0
2024-08-14,0,0,0,0,0,FLAT,0,A,0,4.2719443584561674,4.2719443584561674,0,0,0,0,0,0,0,0
2024-08-15,0,0,0,0,0,FLAT,0,A,0,4.2719443584561674,4.2719443584561674,0,0,0,0,0,0,0,0
2024-08-16,0,0,0,0,0,FLAT,0,A,0,4.2719443584561674,4.2719443584561674,0,0,0,0,0,0,0,0
2024-08-19,0,0,0,0,0,FLAT,0,A,0,4.2719443584561674,4.2719443584561674,0,0,0,0,0,0,0,0
2024-08-20,0,0,0,0,0,FLAT,0,A,0,4.2719443584561674,4.2719443584561674,0,0,0,0,0,0,0,0
2024-08-21,0,0,0,0,0,FLAT,0,A,0,4.2719443584561674,4.2719443584561674,0,0,0,0,0,0,0,0
2024-08-22,-0.0091160989164724999,-2760.0300000000743,3,0,0,FLAT,0,A,-0.0091160989164724999,4.2719443584561674,4.2330008911188148,0,0,0,-2760.0300000000743,-0.0091160989164724999,-0.038943467337353078,0,0
2024-08-23,-0.0080871257224671995,-2426.0400000000527,1,0,0,FLAT,0,A,-0.0080871257224671995,4.2330008911188148,4.1987680807290211,0,0,0,-2426.0400000000527,-0.0080871257224671995,-0.034232810389793547,0,0
2024-08-26,-0.0061675768609143001,-1835.1999999999464,1,0,0,FLAT,0,A,-0.0061675768609143001,4.1987680807290211,4.1728718558699711,0,0,0,-1835.1999999999464,-0.0061675768609143001,-0.025896224859049854,0,0
2024-08-27,0,0,0,0,0,FLAT,0,A,0,4.1728718558699711,4.1728718558699711,0,0,0,0,0,0,0,0
2024-08-28,0.0039450467366469004,1166.6000000000558,1,0,0,FLAT,0,A,0.0039450467366469004,4.1728718558699711,4.1893340303674167,0,0,0,1166.6000000000558,0.0039450467366469004,0.016462174497445525,0,0
2024-08-29,0.0036019734214364999,1069.3199999999872,1,0,0,FLAT,0,A,0.0036019734214364999,4.1893340303674167,4.2044239001983197,0,0,0,1069.3199999999872,0.0036019734214364999,0.015089869830902885,0,0
2024-08-30,-0.0031953807361266,-952.00000000008924,1,0,0,FLAT,0,A,-0.0031953807361266,4.2044239001983197,4.190989165061116,0,0,0,-952.00000000008924,-0.0031953807361266,-0.013434735137203977,0,0
2024-09-03,0.029271746973316901,8692.7800000001062,1,0,0,FLAT,0,A,0.029271746973316901,4.190989165061116,4.3136667394686974,0,0,0,8692.7800000001062,0.029271746973316901,0.12267757440758165,0,0
2024-09-04,-0.0096649982669471998,-2954.1200000000326,1,0,0,FLAT,0,A,-0.0096649982669471998,4.3136667394686974,4.2719751579075442,0,0,0,-2954.1200000000326,-0.0096649982669471998,-0.041691581561152741,0,0
2024-09-05,-0.024134583179041099,-7305.2699999999295,3,0,1,ENTRY,0,A,-0.024134583179041099,4.2719751579075442,4.1688728181202279,0,0,0,-7305.2699999999295,-0.024134583179041099,-0.10310233978731687,0,0
2024-09-06,0.032808364537609797,9690.2400000000489,1,1,1,HOLD,-0.015796090148851277,B,-0.015796090148851277,4.1688728181202279,4.1030209272661047,1,9690.2400000000489,0.032808364537609797,0,0,0,-0.065851890854122797,0.13677389912782109
2024-09-09,-0.0022141383407078999,-675.40000000008376,1,1,0,EXIT,0.010866345797852648,B,0.010866345797852648,4.1030209272661047,4.147605771477604,1,-675.40000000008376,-0.0022141383407078999,0,0,0,0.044584844211499511,-0.009084655947786761
2024-09-10,0,0,0,0,0,FLAT,0,A,0,4.147605771477604,4.147605771477604,0,0,0,0,0,0,0,0
2024-09-11,0.0086150525059562003,2622.0400000000104,2,0,0,FLAT,0,A,0.0086150525059562003,4.147605771477604,4.183337612972891,0,0,0,2622.0400000000104,0.0086150525059562003,0.035731841495286534,0,0
2024-09-12,0.0040019077726973998,1228.4300000000358,1,0,0,FLAT,0,A,0.0040019077726973998,4.183337612972891,4.2000789442820645,0,0,0,1228.4300000000358,0.0040019077726973998,0.016741331309173598,0,0
2024-09-13,-0.0094298609704965008,-2906.1099999998887,2,0,0,FLAT,0,A,-0.0094298609704965008,4.2000789442820645,4.1604727837723754,0,0,0,-2906.1099999998887,-0.0094298609704965008,-0.039606160509689591,0,0
2024-09-16,0,0,0,0,0,FLAT,0,A,0,4.1604727837723754,4.1604727837723754,0,0,0,0,0,0,0,0
2024-09-17,0,0,0,0,0,FLAT,0,A,0,4.1604727837723754,4.1604727837723754,0,0,0,0,0,0,0,0
2024-09-18,-0.0049538436158827999,-1512.2099999999173,1,0,0,FLAT,0,A,-0.0049538436158827999,4.1604727837723754,4.1398624522334302,0,0,0,-1512.2099999999173,-0.0049538436158827999,-0.020610331538944923,0,0
2024-09-19,0,0,0,0,0,FLAT,0,A,0,4.1398624522334302,4.1398624522334302,0,0,0,0,0,0,0,0
2024-09-20,0,0,0,0,0,FLAT,0,A,0,4.1398624522334302,4.1398624522334302,0,0,0,0,0,0,0,0
2024-09-23,0,0,0,0,0,FLAT,0,A,0,4.1398624522334302,4.1398624522334302,0,0,0,0,0,0,0,0
2024-09-24,0,0,0,0,0,FLAT,0,A,0,4.1398624522334302,4.1398624522334302,0,0,0,0,0,0,0,0
2024-09-25,0,0,0,0,0,FLAT,0,A,0,4.1398624522334302,4.1398624522334302,0,0,0,0,0,0,0,0
2024-09-26,0,0,0,0,0,FLAT,0,A,0,4.1398624522334302,4.1398624522334302,0,0,0,0,0,0,0,0
2024-09-27,0,0,0,0,0,FLAT,0,A,0,4.1398624522334302,4.1398624522334302,0,0,0,0,0,0,0,0
2024-09-30,0,0,0,0,0,FLAT,0,A,0,4.1398624522334302,4.1398624522334302,0,0,0,0,0,0,0,0
2024-10-01,0.0086575096833709994,2629.6299999998919,3,0,0,FLAT,0,A,0.0086575096833709994,4.1398624522334302,4.1757033515014648,0,0,0,2629.6299999998919,0.0086575096833709994,0.03584089926803493,0,0
2024-10-02,0,0,0,0,0,FLAT,0,A,0,4.1757033515014648,4.1757033515014648,0,0,0,0,0,0,0,0
2024-10-03,-0.0066898209619403,-2049.2999999999602,1,0,0,FLAT,0,A,-0.0066898209619403,4.1757033515014648,4.1477686436897461,0,0,0,-2049.2999999999602,-0.0066898209619403,-0.027934707811718862,0,0
2024-10-04,0,0,0,0,0,FLAT,0,A,0,4.1477686436897461,4.1477686436897461,0,0,0,0,0,0,0,0
2024-10-07,0.0075925505647644002,2310.1800000001745,1,0,0,FLAT,0,A,0.0075925505647644002,4.1477686436897461,4.1792607868479053,0,0,0,2310.1800000001745,0.0075925505647644002,0.031492143158158653,0,0
2024-10-08,0.00077405390112199996,237.30000000030032,3,0,0,FLAT,0,A,0.00077405390112199996,4.1792607868479053,4.1824957599637713,0,0,0,237.30000000030032,0.00077405390112199996,0.0032349731158658203,0,0
2024-10-09,0.0088769259880723001,2723.200000000033,1,0,0,FLAT,0,A,0.0088769259880723001,4.1824957599637713,4.2196234652703959,0,0,0,2723.200000000033,0.0088769259880723001,0.037127705306624605,0,0
2024-10-10,0,0,0,0,0,FLAT,0,A,0,4.2196234652703959,4.2196234652703959,0,0,0,0,0,0,0,0
2024-10-11,0.0145870686088658,4514.4899999998988,1,0,0,FLAT,0,A,0.0145870686088658,4.2196234652703959,4.2811754022618755,0,0,0,4514.4899999998988,0.0145870686088658,0.061551936991479317,0,0
2024-10-14,0.00050431980728300003,158.35000000005766,2,0,0,FLAT,0,A,0.00050431980728300003,4.2811754022618755,4.2833344838156888,0,0,0,158.35000000005766,0.00050431980728300003,0.0021590815538134293,0,0
2024-10-15,0.0067440418801168996,2118.4400000000478,2,0,0,FLAT,0,A,0.0067440418801168996,4.2833344838156888,4.3122214709610907,0,0,0,2118.4400000000478,0.0067440418801168996,0.028886987145401909,0,0
2024-10-16,-0.0018670881664585,-590.40000000002237,1,0,0,FLAT,0,A,-0.0018670881664585,4.3122214709610907,4.304170173281511,0,0,0,-590.40000000002237,-0.0018670881664585,-0.0080512976795797178,0,0
2024-10-17,0,0,0,0,0,FLAT,0,A,0,4.304170173281511,4.304170173281511,0,0,0,0,0,0,0,0
2024-10-18,0,0,0,0,0,FLAT,0,A,0,4.304170173281511,4.304170173281511,0,0,0,0,0,0,0,0
2024-10-21,-0.0095436671518690005,-3012.0999999998949,1,0,0,FLAT,0,A,-0.0095436671518690005,4.304170173281511,4.2630926057827097,0,0,0,-3012.0999999998949,-0.0095436671518690005,-0.041077567498801058,0,0
2024-10-22,0,0,0,0,0,FLAT,0,A,0,4.2630926057827097,4.2630926057827097,0,0,0,0,0,0,0,0
2024-10-23,-0.0043797162026430001,-1369.049999999793,2,0,1,ENTRY,0,A,-0.0043797162026430001,4.2630926057827097,4.2444214700237959,0,0,0,-1369.049999999793,-0.0043797162026430001,-0.0186711357589141,0,0
2024-10-24,0,0,0,1,0,EXIT,0.0023360847220059182,B,0.0023360847220059182,4.2444214700237959,4.2543367981736724,0,0,0,0,0,0,0.009915328149876489,0
2024-10-25,-0.0050937965716011,-1585.1600000001254,1,0,0,FLAT,0,A,-0.0050937965716011,4.2543367981736724,4.2326660719766984,0,0,0,-1585.1600000001254,-0.0050937965716011,-0.021670726196973453,0,0
2024-10-28,0,0,0,0,0,FLAT,0,A,0,4.2326660719766984,4.2326660719766984,0,0,0,0,0,0,0,0
2024-10-29,0,0,0,0,0,FLAT,0,A,0,4.2326660719766984,4.2326660719766984,0,0,0,0,0,0,0,0
2024-10-30,0,0,0,0,0,FLAT,0,A,0,4.2326660719766984,4.2326660719766984,0,0,0,0,0,0,0,0
2024-10-31,0.034658702704631603,10730.23000000006,1,0,1,ENTRY,0,A,0.034658702704631603,4.2326660719766984,4.3793647870133201,0,0,0,10730.23000000006,0.034658702704631603,0.14669871503662121,0,0
2024-11-01,-0.0085807871401526997,-2748.5300000000434,2,1,1,HOLD,0.0011573668151369551,B,0.0011573668151369551,4.3793647870133201,4.3844333184891893,2,-2748.5300000000434,-0.0085807871401526997,0,0,0,0.0050685314758685358,-0.037578397046441461
2024-11-04,-0.0064430694956404003,-2045.939999999855,1,1,1,HOLD,-0.0027674630421074754,B,-0.0027674630421074754,4.3844333184891893,4.3722995613196858,1,-2045.939999999855,-0.0064430694956404003,0,0,0,-0.012133757169503465,-0.028249208570027107
2024-11-05,0.0144094373893724,4545.9399999999459,1,1,0,EXIT,0.011961218252713669,B,0.011961218252713669,4.3722995613196858,4.4245975906388741,1,4545.9399999999459,0.0144094373893724,0,0,0,0.052298029319188991,0.063002376776416416
2024-11-06,0,0,0,0,0,FLAT,0,A,0,4.4245975906388741,4.4245975906388741,0,0,0,0,0,0,0,0
2024-11-07,-0.0030657073920293001,-981.08000000021082,3,0,0,FLAT,0,A,-0.0030657073920293001,4.4245975906388741,4.4110330690984974,0,0,0,-981.08000000021082,-0.0030657073920293001,-0.013564521540376627,0,0
2024-11-08,3.335279006790801e-05,10.639999999990437,2,0,0,FLAT,0,A,3.335279006790801e-05,4.4110330690984974,4.4111801893584337,0,0,0,10.639999999990437,3.335279006790801e-05,0.00014712025993624214,0,0
2024-11-11,0,0,0,0,0,FLAT,0,A,0,4.4111801893584337,4.4111801893584337,0,0,0,0,0,0,0,0
2024-11-12,-0.0036619584639117002,-1168.2000000000239,1,0,0,FLAT,0,A,-0.0036619584639117002,4.4111801893584337,4.3950266307281733,0,0,0,-1168.2000000000239,-0.0036619584639117002,-0.016153558630260731,0,0
2024-11-13,0,0,0,0,0,FLAT,0,A,0,4.3950266307281733,4.3950266307281733,0,0,0,0,0,0,0,0
2024-11-14,0.0045850350707612002,1457.2800000000552,1,0,1,ENTRY,0,A,0.0045850350707612002,4.3950266307281733,4.4151779819669921,0,0,0,1457.2800000000552,0.0045850350707612002,0.020151351238818109,0,0
2024-11-15,0.0092686267601687009,2959.319999999916,1,1,1,HOLD,-0.012709435997707581,B,-0.012709435997707581,4.4151779819669921,4.3590635599866951,1,2959.319999999916,0.0092686267601687009,0,0,0,-0.056114421980297202,0.040922636794566904
2024-11-18,-0.0011462434180845001,-369.360000000014,2,1,0,EXIT,0.0033804548248309771,B,0.0033804548248309771,4.3590635599866951,4.3737991774297971,2,-369.360000000014,-0.0011462434180845001,0,0,0,0.014735617443101919,-0.004996547914646739
2024-11-19,-0.0038234092906003999,-1230.570000000037,1,0,0,FLAT,0,A,-0.0038234092906003999,4.3737991774297971,4.3570763530195915,0,0,0,-1230.570000000037,-0.0038234092906003999,-0.016722824410205474,0,0
2024-11-20,-0.0072288527486902001,-2317.669999999981,2,0,0,FLAT,0,A,-0.0072288527486902001,4.3570763530195915,4.325579689648813,0,0,0,-2317.669999999981,-0.0072288527486902001,-0.031496663370778749,0,0
2024-11-21,-0.0167310203742915,-5325.1800000000403,1,0,0,FLAT,0,A,-0.0167310203742915,4.325579689648813,4.2532083277306771,0,0,0,-5325.1800000000403,-0.0167310203742915,-0.072371361918135799,0,0
2024-11-22,-0.0101462838847826,-3175.2599999999406,2,0,0,FLAT,0,A,-0.0101462838847826,4.2532083277306771,4.2100540686164001,0,0,0,-3175.2599999999406,-0.0101462838847826,-0.043154259114276922,0,0
2024-11-25,0,0,0,0,0,FLAT,0,A,0,4.2100540686164001,4.2100540686164001,0,0,0,0,0,0,0,0
2024-11-26,0,0,0,0,0,FLAT,0,A,0,4.2100540686164001,4.2100540686164001,0,0,0,0,0,0,0,0
2024-11-27,0.0032440994631957,1004.8799999999484,1,0,0,FLAT,0,A,0.0032440994631957,4.2100540686164001,4.2237119027604235,0,0,0,1004.8799999999484,0.0032440994631957,0.013657834144023336,0,0
2024-11-29,0.0102961297570694,3199.5000000000086,1,0,0,FLAT,0,A,0.0102961297570694,4.2237119027604235,4.2671997885677238,0,0,0,3199.5000000000086,0.0102961297570694,0.043487885807299814,0,0
2024-12-02,0,0,0,0,0,FLAT,0,A,0,4.2671997885677238,4.2671997885677238,0,0,0,0,0,0,0,0
2024-12-03,0,0,0,0,0,FLAT,0,A,0,4.2671997885677238,4.2671997885677238,0,0,0,0,0,0,0,0
2024-12-04,0,0,0,0,0,FLAT,0,A,0,4.2671997885677238,4.2671997885677238,0,0,0,0,0,0,0,0
2024-12-05,0,0,0,0,0,FLAT,0,A,0,4.2671997885677238,4.2671997885677238,0,0,0,0,0,0,0,0
2024-12-06,0.00025878091439249999,81.239999999926113,1,0,0,FLAT,0,A,0.00025878091439249999,4.2671997885677238,4.2683040584309051,0,0,0,81.239999999926113,0.00025878091439249999,0.0011042698631810381,0,0
2024-12-09,0.0062057857036104998,1948.6200000001129,1,0,0,FLAT,0,A,0.0062057857036104998,4.2683040584309051,4.2947922387353783,0,0,0,1948.6200000001129,0.0062057857036104998,0.026488180304473186,0,0
2024-12-10,-0.0013268567236784999,-419.20000000009526,1,0,0,FLAT,0,A,-0.0013268567236784999,4.2947922387353783,4.28909366477661,0,0,0,-419.20000000009526,-0.0013268567236784999,-0.0056985739587682742,0,0
2024-12-11,0.00019749555791070001,62.309999999943329,1,0,0,FLAT,0,A,0.00019749555791070001,4.28909366477661,4.2899407417228668,0,0,0,62.309999999943329,0.00019749555791070001,0.00084707694625630551,0,0
2024-12-12,0.0050878068083458003,1605.4499999999621,1,0,0,FLAT,0,A,0.0050878068083458003,4.2899407417228668,4.311767131436004,0,0,0,1605.4499999999621,0.0050878068083458003,0.021826389713137634,0,0
2024-12-13,-0.0074967665716633002,-2377.5199999999904,1,0,0,FLAT,0,A,-0.0074967665716633002,4.311767131436004,4.2794428197402583,0,0,0,-2377.5199999999904,-0.0074967665716633002,-0.032324311695745997,0,0
2024-12-16,-0.0020396372459554001,-641.97000000012247,2,0,0,FLAT,0,A,-0.0020396372459554001,4.2794428197402583,4.2707143087731803,0,0,0,-641.97000000012247,-0.0020396372459554001,-0.0087285109670786325,0,0
2024-12-17,-0.0045076965776517002,-1415.7600000001323,1,0,0,FLAT,0,A,-0.0045076965776517002,4.2707143087731803,4.2514632244993953,0,0,0,-1415.7600000001323,-0.0045076965776517002,-0.01925108427378501,0,0
2024-12-18,0.075824458730408106,23706.200000000041,2,0,0,FLAT,0,A,0.075824458730408106,4.2514632244993953,4.5738281223092976,0,0,0,23706.200000000041,0.075824458730408106,0.32236489780990218,0,0
2024-12-19,0,0,0,0,1,ENTRY,0,A,0,4.5738281223092976,4.5738281223092976,0,0,0,0,0,0,0,0
2024-12-20,0.012140706037538199,4083.1999999999239,1,1,0,EXIT,0.0090475060111526069,B,0.0090475060111526069,4.5738281223092976,4.6152098597398696,1,4083.1999999999239,0.012140706037538199,0,0,0,0.041381737430572212,0.055529502699182498
2024-12-23,-0.0043975665627164996,-1496.9199999997636,2,0,0,FLAT,0,A,-0.0043975665627164996,4.6152098597398696,4.5949141671807583,0,0,0,-1496.9199999997636,-0.0043975665627164996,-0.020295692559111556,0,0
2024-12-24,0.0142336689065627,4823.5499999999456,1,0,0,FLAT,0,A,0.0142336689065627,4.5949141671807583,4.6603166540904839,0,0,0,4823.5499999999456,0.0142336689065627,0.065402486909725208,0,0
2024-12-26,0,0,0,0,0,FLAT,0,A,0,4.6603166540904839,4.6603166540904839,0,0,0,0,0,0,0,0
2024-12-27,-0.0016688181464626999,-573.57000000002131,2,0,0,FLAT,0,A,-0.0016688181464626999,4.6603166540904839,4.6525394330898751,0,0,0,-573.57000000002131,-0.0016688181464626999,-0.0077772210006085331,0,0
2024-12-30,-0.0073593952986626002,-2525.0700000000629,1,0,0,FLAT,0,A,-0.0073593952986626002,4.6525394330898751,4.6182995562591511,0,0,0,-2525.0700000000629,-0.0073593952986626002,-0.034239876830723985,0,0
2024-12-31,-0.0030990217808332999,-1055.4499999999243,1,0,1,ENTRY,0,A,-0.0030990217808332999,4.6182995562591511,4.6039873453438913,0,0,0,-1055.4499999999243,-0.0030990217808332999,-0.014312210915259874,0,0
2025-01-02,-0.0060920382530822003,-2068.3199999998888,1,1,1,HOLD,-0.0023898941618299761,B,-0.0023898941618299761,4.6039873453438913,4.5929843028661148,1,-2068.3199999998888,-0.0060920382530822003,0,0,0,-0.011003042477776457,-0.028047667024541357
2025-01-03,0.0020758906786205,700.48000000000513,2,1,0,EXIT,0.012577002053388091,B,0.012577002053388091,4.5929843028661148,4.6507502758744419,2,700.48000000000513,0.0020758906786205,0,0,0,0.057765973008326393,0.0095345333013700431
2025-01-06,0.0039138113173668001,1323.339999999981,1,0,0,FLAT,0,A,0.0039138113173668001,4.6507502758744419,4.6689524349384062,0,0,0,1323.339999999981,0.0039138113173668001,0.018202159063964159,0,0
2025-01-07,0.0097442353790811002,3307.5499999999388,2,0,0,FLAT,0,A,0.0097442353790811002,4.6689524349384062,4.7144478064381801,0,0,0,3307.5499999999388,0.0097442353790811002,0.045495371499773667,0,0
2025-01-08,0,0,0,0,0,FLAT,0,A,0,4.7144478064381801,4.7144478064381801,0,0,0,0,0,0,0,0
2025-01-10,-0.00093280530425810004,-319.69999999995247,2,0,1,ENTRY,0,A,-0.00093280530425810004,4.7144478064381801,4.7100501445176866,0,0,0,-319.69999999995247,-0.00093280530425810004,-0.0043976619204934989,0,0
2025-01-13,0,0,0,1,0,EXIT,0.00096390519303922754,B,0.00096390519303922754,4.7100501445176866,4.7145901863114625,0,0,0,0,0,0,0.004540041793775762,0
2025-01-14,0,0,0,0,0,FLAT,0,A,0,4.7145901863114625,4.7145901863114625,0,0,0,0,0,0,0,0
2025-01-15,0.00078739404333210002,269.6000000000613,1,0,0,FLAT,0,A,0.00078739404333210002,4.7145901863114625,4.7183024265409159,0,0,0,269.6000000000613,0.00078739404333210002,0.0037122402294536214,0,0
2025-01-16,0,0,0,0,0,FLAT,0,A,0,4.7183024265409159,4.7183024265409159,0,0,0,0,0,0,0,0
2025-01-17,0,0,0,0,0,FLAT,0,A,0,4.7183024265409159,4.7183024265409159,0,0,0,0,0,0,0,0
2025-01-21,0,0,0,0,0,FLAT,0,A,0,4.7183024265409159,4.7183024265409159,0,0,0,0,0,0,0,0
2025-01-22,0,0,0,0,0,FLAT,0,A,0,4.7183024265409159,4.7183024265409159,0,0,0,0,0,0,0,0
2025-01-23,0,0,0,0,0,FLAT,0,A,0,4.7183024265409159,4.7183024265409159,0,0,0,0,0,0,0,0
2025-01-24,0,0,0,0,0,FLAT,0,A,0,4.7183024265409159,4.7183024265409159,0,0,0,0,0,0,0,0
2025-01-27,0,0,0,0,0,FLAT,0,A,0,4.7183024265409159,4.7183024265409159,0,0,0,0,0,0,0,0
2025-01-28,-0.00088923147080080002,-304.69999999986362,2,0,0,FLAT,0,A,-0.00088923147080080002,4.7183024265409159,4.7141067635344802,0,0,0,-304.69999999986362,-0.00088923147080080002,-0.0041956630064359625,0,0
2025-01-29,-0.0071956052807885997,-2463.3000000000602,1,0,0,FLAT,0,A,-0.0071956052807885997,4.7141067635344802,4.6801859120125906,0,0,0,-2463.3000000000602,-0.0071956052807885997,-0.033920851521889964,0,0
2025-01-30,0,0,0,0,0,FLAT,0,A,0,4.6801859120125906,4.6801859120125906,0,0,0,0,0,0,0,0
2025-01-31,-0.0010100560632017,-343.27999999996587,2,0,0,FLAT,0,A,-0.0010100560632017,4.6801859120125906,4.6754586618552514,0,0,0,-343.27999999996587,-0.0010100560632017,-0.0047272501573394953,0,0
2025-02-03,0,0,0,0,0,FLAT,0,A,0,4.6754586618552514,4.6754586618552514,0,0,0,0,0,0,0,0
2025-02-04,0.0091583013384877003,3109.2599999999265,1,0,0,FLAT,0,A,0.0091583013384877003,4.6754586618552514,4.7182779211761643,0,0,0,3109.2599999999265,0.0091583013384877003,0.042819259320912864,0,0
2025-02-05,0,0,0,0,0,FLAT,0,A,0,4.7182779211761643,4.7182779211761643,0,0,0,0,0,0,0,0
2025-02-06,0,0,0,0,0,FLAT,0,A,0,4.7182779211761643,4.7182779211761643,0,0,0,0,0,0,0,0
2025-02-07,0.018089871432351599,6197.6200000000863,1,0,0,FLAT,0,A,0.018089871432351599,4.7182779211761643,4.8036309621523445,0,0,0,6197.6200000000863,0.018089871432351599,0.085353040976179989,0,0
2025-02-10,0,0,0,0,0,FLAT,0,A,0,4.8036309621523445,4.8036309621523445,0,0,0,0,0,0,0,0
2025-02-11,0,0,0,0,0,FLAT,0,A,0,4.8036309621523445,4.8036309621523445,0,0,0,0,0,0,0,0
2025-02-12,0,0,0,0,0,FLAT,0,A,0,4.8036309621523445,4.8036309621523445,0,0,0,0,0,0,0,0
2025-02-13,0.0058995963367689998,2057.7100000000137,2,0,0,FLAT,0,A,0.0058995963367689998,4.8036309621523445,4.8319704457798487,0,0,0,2057.7100000000137,0.0058995963367689998,0.028339483627504117,0,0
2025-02-14,0,0,0,0,0,FLAT,0,A,0,4.8319704457798487,4.8319704457798487,0,0,0,0,0,0,0,0
2025-02-18,0,0,0,0,0,FLAT,0,A,0,4.8319704457798487,4.8319704457798487,0,0,0,0,0,0,0,0
2025-02-19,0,0,0,0,0,FLAT,0,A,0,4.8319704457798487,4.8319704457798487,0,0,0,0,0,0,0,0
2025-02-20,-0.0093574094728234008,-3282.7900000000282,1,0,0,FLAT,0,A,-0.0093574094728234008,4.8319704457798487,4.7867557197581059,0,0,0,-3282.7900000000282,-0.0093574094728234008,-0.045214726021743069,0,0
2025-02-21,0.047133237374896601,16380.000000000107,1,0,0,FLAT,0,A,0.047133237374896601,4.7867557197581059,5.0123710133531079,0,0,0,16380.000000000107,0.047133237374896601,0.22561529359500285,0,0
2025-02-24,0.0010078279935452001,366.74000000004554,1,0,1,ENTRY,0,A,0.0010078279935452001,5.0123710133531079,5.0174226211743997,0,0,0,366.74000000004554,0.0010078279935452001,0.0050516078212917842,0,0
2025-02-25,-0.0176741285148985,-6437.7399999999689,4,1,0,EXIT,-0.0041369376612065793,B,-0.0041369376612065793,5.0174226211743997,4.9966658565706732,4,-6437.7399999999689,-0.0176741285148985,0,0,0,-0.020756764603726205,-0.088678572220195234
2025-02-26,-0.0124242746744907,-4444.91999999986,2,0,1,ENTRY,0,A,-0.0124242746744907,4.9966658565706732,4.9345859075119902,0,0,0,-4444.91999999986,-0.0124242746744907,-0.062079949058683394,0,0
2025-02-27,0.0070279827574238002,2482.9299999999821,2,1,1,HOLD,-0.015249187888172621,B,-0.015249187888172621,4.9345859075119902,4.8593374798580111,2,2482.9299999999821,0.0070279827574238002,0,0,0,-0.075248427653979141,0.034680184673020746
2025-02-28,0.0114151846867039,4060.960000000141,2,1,0,EXIT,0.015006751328900815,B,0.015006751328900815,4.8593374798580111,4.9322603490414476,2,4060.960000000141,0.0114151846867039,0,0,0,0.072922869183436739,0.055470234787601491
2025-03-03,0.0201053176903064,7233.6899999997668,2,0,0,FLAT,0,A,0.0201053176903064,4.9322603490414476,5.0314250102902269,0,0,0,7233.6899999997668,0.0201053176903064,0.099164661248779831,0,0
2025-03-04,-0.0096501032604888997,-3541.6299999999687,2,0,0,FLAT,0,A,-0.0096501032604888997,5.0314250102902269,4.9828712393935195,0,0,0,-3541.6299999999687,-0.0096501032604888997,-0.048553770896707114,0,0
2025-03-05,0.00065407585323579999,237.71999999991385,2,0,0,FLAT,0,A,0.00065407585323579999,4.9828712393935195,4.9861304151509902,0,0,0,237.71999999991385,0.00065407585323579999,0.0032591757574704444,0,0
2025-03-06,0.0037535745425327999,1365.0399999999945,1,0,0,FLAT,0,A,0.0037535745425327999,4.9861304151509902,5.004846227343049,0,0,0,1365.0399999999945,0.0037535745425327999,0.018715812192059259,0,0
2025-03-07,-0.016078654102926498,-5869.0400000000172,2,0,0,FLAT,0,A,-0.016078654102926498,5.004846227343049,4.9243750360152632,0,0,0,-5869.0400000000172,-0.016078654102926498,-0.080471191327785518,0,0
2025-03-10,0.0073466583872849002,2638.4400000000001,2,0,0,FLAT,0,A,0.0073466583872849002,4.9243750360152632,4.9605527371757416,0,0,0,2638.4400000000001,0.0073466583872849002,0.036177701160477915,0,0
2025-03-11,-0.004443649692957,-1607.52,2,0,0,FLAT,0,A,-0.004443649692957,4.9605527371757416,4.9385097785282941,0,0,0,-1607.52,-0.004443649692957,-0.022042958647447989,0,0
2025-03-12,0,0,0,0,0,FLAT,0,A,0,4.9385097785282941,4.9385097785282941,0,0,0,0,0,0,0,0
2025-03-13,-0.0086637433413427993,-3120.1100000000479,3,0,0,FLAT,0,A,-0.0086637433413427993,4.9385097785282941,4.8957237973184133,0,0,0,-3120.1100000000479,-0.0086637433413427993,-0.042785981209880808,0,0
2025-03-14,0.0072836944680339999,2600.2199999999184,1,0,0,FLAT,0,A,0.0072836944680339999,4.8957237973184133,4.9313827536579637,0,0,0,2600.2199999999184,0.0072836944680339999,0.035658956339550532,0,0
2025-03-17,-0.0050952107863555997,-1832.1599999999837,2,0,0,FLAT,0,A,-0.0050952107863555997,4.9313827536579637,4.906256319059878,0,0,0,-1832.1599999999837,-0.0050952107863555997,-0.025126434598086035,0,0
2025-03-18,-0.0013713874740502001,-490.59999999995938,1,0,0,FLAT,0,A,-0.0013713874740502001,4.906256319059878,4.8995279405994401,0,0,0,-490.59999999995938,-0.0013713874740502001,-0.0067283784604383586,0,0
2025-03-19,-0.0024409152734711,-872,1,0,0,FLAT,0,A,-0.0024409152734711,4.8995279405994401,4.8875686080164327,0,0,0,-872,-0.0024409152734711,-0.011959332583007578,0,0
2025-03-20,-0.0010680063001369999,-380.59999999994886,1,0,0,FLAT,0,A,-0.0010680063001369999,4.8875686080164327,4.8823486539507188,0,0,0,-380.59999999994886,-0.0010680063001369999,-0.0052199540657133772,0,0
2025-03-21,0,0,0,0,0,FLAT,0,A,0,4.8823486539507188,4.8823486539507188,0,0,0,0,0,0,0,0
2025-03-24,0,0,0,0,0,FLAT,0,A,0,4.8823486539507188,4.8823486539507188,0,0,0,0,0,0,0,0
2025-03-25,0,0,0,0,0,FLAT,0,A,0,4.8823486539507188,4.8823486539507188,0,0,0,0,0,0,0,0
2025-03-26,0.0049485041059414,1761.5599999999961,1,0,0,FLAT,0,A,0.0049485041059414,4.8823486539507188,4.9065089763114313,0,0,0,1761.5599999999961,0.0049485041059414,0.0241603223607126,0,0
2025-03-27,0,0,0,0,0,FLAT,0,A,0,4.9065089763114313,4.9065089763114313,0,0,0,0,0,0,0,0
2025-03-28,0.0116191592292006,4156.5599999999868,1,0,1,ENTRY,0,A,0.0116191592292006,4.9065089763114313,4.9635184853666958,0,0,0,4156.5599999999868,0.0116191592292006,0.057009509055264557,0,0
2025-03-31,0,0,0,1,0,EXIT,0.0063480074809379944,B,0.0063480074809379944,4.9635184853666958,4.9950269378435772,0,0,0,0,0,0,0.031508452476881811,0
2025-04-01,0,0,0,0,0,FLAT,0,A,0,4.9950269378435772,4.9950269378435772,0,0,0,0,0,0,0,0
2025-04-02,-0.0059609075055917999,-2157.1500000000296,1,0,0,FLAT,0,A,-0.0059609075055917999,4.9950269378435772,4.9652520442791523,0,0,0,-2157.1500000000296,-0.0059609075055917999,-0.029774893564425003,0,0
2025-04-03,-0.0052055776735909004,-1872.5399999999347,3,0,0,FLAT,0,A,-0.0052055776735909004,4.9652520442791523,4.9394050390937014,0,0,0,-1872.5399999999347,-0.0052055776735909004,-0.025847005185451133,0,0
2025-04-04,0.0279195135538771,9990.1699999999964,1,0,1,ENTRY,0,A,0.0279195135538771,4.9394050390937014,5.0773108250307661,0,0,0,9990.1699999999964,0.0279195135538771,0.13790578593706546,0,0
2025-04-07,-0.0064991047703405001,-2390.4000000000151,1,1,0,EXIT,-0.0027513311296292631,B,-0.0027513311296292631,5.0773108250307661,5.0633414617030557,1,-2390.4000000000151,-0.0064991047703405001,0,0,0,-0.013969363327710784,-0.032997975003458913
2025-04-08,0.00057264528089450003,209.25000000000159,1,0,1,ENTRY,0,A,0.00057264528089450003,5.0633414617030557,5.0662409602966578,0,0,0,209.25000000000159,0.00057264528089450003,0.0028994985936017146,0,0
2025-04-09,0.026529702173861001,9699.6299999999701,2,1,0,EXIT,0.096675274370561656,B,0.096675274370561656,5.0662409602966578,5.5560211951607155,2,9699.6299999999701,0.026529702173861001,0,0,0,0.48978023486405714,0.13440586381768588
2025-04-10,0.0014910568907,559.59999999995557,2,0,0,FLAT,0,A,0.0014910568907,5.5560211951607155,5.5643055388486351,0,0,0,559.59999999995557,0.0014910568907,0.008284343687919634,0,0
2025-04-11,-0.00090736358192019997,-341.04000000000178,1,0,0,FLAT,0,A,-0.00090736358192019997,5.5643055388486351,5.5592566906440064,0,0,0,-341.04000000000178,-0.00090736358192019997,-0.005048848204628106,0,0
2025-04-14,0,0,0,0,0,FLAT,0,A,0,5.5592566906440064,5.5592566906440064,0,0,0,0,0,0,0,0
2025-04-15,0,0,0,0,0,FLAT,0,A,0,5.5592566906440064,5.5592566906440064,0,0,0,0,0,0,0,0
2025-04-16,0,0,0,0,0,FLAT,0,A,0,5.5592566906440064,5.5592566906440064,0,0,0,0,0,0,0,0
2025-04-17,0,0,0,0,1,ENTRY,0,A,0,5.5592566906440064,5.5592566906440064,0,0,0,0,0,0,0,0
2025-04-21,0.0069584554299704999,2613,1,1,1,HOLD,-0.0224578203374373,B,-0.0224578203374373,5.5592566906440064,5.4344079026758276,1,2613,0.0069584554299704999,0,0,0,-0.12484878796817934,0.038683839905611618
2025-04-22,-0.0056756694893829,-2146.1100000000142,2,1,0,EXIT,0.024917395529640427,B,0.024917395529640427,5.4344079026758276,5.5698191938562047,2,-2146.1100000000142,-0.0056756694893829,0,0,0,0.13541129118037729,-0.030843903126078511
2025-04-23,-0.0018748690630437999,-704.89999999999156,1,0,0,FLAT,0,A,-0.0018748690630437999,5.5698191938562047,5.5593765121628964,0,0,0,-704.89999999999156,-0.0018748690630437999,-0.010442681693308555,0,0
2025-04-24,0.0032753350511840998,1229.1200000000115,1,0,0,FLAT,0,A,0.0032753350511840998,5.5593765121628964,5.5775853329159126,0,0,0,1229.1200000000115,0.0032753350511840998,0.018208820753016743,0,0
2025-04-25,0,0,0,0,0,FLAT,0,A,0,5.5775853329159126,5.5775853329159126,0,0,0,0,0,0,0,0
2025-04-28,0,0,0,0,0,FLAT,0,A,0,5.5775853329159126,5.5775853329159126,0,0,0,0,0,0,0,0
2025-04-29,0,0,0,0,0,FLAT,0,A,0,5.5775853329159126,5.5775853329159126,0,0,0,0,0,0,0,0
2025-04-30,-0.0043576759535073999,-1640.6299999999626,1,0,0,FLAT,0,A,-0.0043576759535073999,5.5775853329159126,5.5532800234320288,0,0,0,-1640.6299999999626,-0.0043576759535073999,-0.024305309483883236,0,0
2025-05-01,0,0,0,0,0,FLAT,0,A,0,5.5532800234320288,5.5532800234320288,0,0,0,0,0,0,0,0
2025-05-02,0,0,0,0,0,FLAT,0,A,0,5.5532800234320288,5.5532800234320288,0,0,0,0,0,0,0,0
2025-05-05,0,0,0,0,0,FLAT,0,A,0,5.5532800234320288,5.5532800234320288,0,0,0,0,0,0,0,0
2025-05-06,0,0,0,0,0,FLAT,0,A,0,5.5532800234320288,5.5532800234320288,0,0,0,0,0,0,0,0
2025-05-07,0,0,0,0,0,FLAT,0,A,0,5.5532800234320288,5.5532800234320288,0,0,0,0,0,0,0,0
2025-05-08,-0.0059330693224195,-2224.0000000000045,2,0,0,FLAT,0,A,-0.0059330693224195,5.5532800234320288,5.5203320280861989,0,0,0,-2224.0000000000045,-0.0059330693224195,-0.032947995345829609,0,0
2025-05-09,0,0,0,0,0,FLAT,0,A,0,5.5203320280861989,5.5203320280861989,0,0,0,0,0,0,0,0
2025-05-12,0,0,0,0,0,FLAT,0,A,0,5.5203320280861989,5.5203320280861989,0,0,0,0,0,0,0,0
2025-05-13,0.0047605879228393997,1773.8399999999788,1,0,0,FLAT,0,A,0.0047605879228393997,5.5203320280861989,5.5466120540691692,0,0,0,1773.8399999999788,0.0047605879228393997,0.026280025982970689,0,0
2025-05-14,0,0,0,0,0,FLAT,0,A,0,5.5466120540691692,5.5466120540691692,0,0,0,0,0,0,0,0
2025-05-15,0.00085876435306080003,321.5,1,0,0,FLAT,0,A,0.00085876435306080003,5.5466120540691692,5.5513752867814619,0,0,0,321.5,0.00085876435306080003,0.0047632327122919451,0,0
2025-05-16,0,0,0,0,0,FLAT,0,A,0,5.5513752867814619,5.5513752867814619,0,0,0,0,0,0,0,0
2025-05-19,0,0,0,0,0,FLAT,0,A,0,5.5513752867814619,5.5513752867814619,0,0,0,0,0,0,0,0
2025-05-20,-0.0043380137505427,-1625.3999999999885,1,0,0,FLAT,0,A,-0.0043380137505427,5.5513752867814619,5.527293344452981,0,0,0,-1625.3999999999885,-0.0043380137505427,-0.024081942328480908,0,0
2025-05-21,0.0045313378766298996,1690.4299999999075,1,0,1,ENTRY,0,A,0.0045313378766298996,5.527293344452981,5.552339378139945,0,0,0,1690.4299999999075,0.0045313378766298996,0.025046033686964148,0,0
2025-05-22,-0.011856974701612301,-4443.2199999999884,3,1,1,HOLD,-0.0011138338159946536,B,-0.0011138338159946536,5.552339378139945,5.546154994782694,3,-4443.2199999999884,-0.011856974701612301,0,0,0,-0.0061843833572509969,-0.065833947541371104
2025-05-23,0,0,0,1,0,EXIT,-0.0059527894050641602,B,-0.0059527894050641602,5.546154994782694,5.5131399020909075,0,0,0,0,0,0,-0.033015092691786097,0
2025-05-27,0.0091717298657640004,3396,1,0,0,FLAT,0,A,0.0091717298657640004,5.5131399020909075,5.5637049319850505,0,0,0,3396,0.0091717298657640004,0.050565029894142396,0,0
2025-05-28,0,0,0,0,0,FLAT,0,A,0,5.5637049319850505,5.5637049319850505,0,0,0,0,0,0,0,0
2025-05-29,0,0,0,0,0,FLAT,0,A,0,5.5637049319850505,5.5637049319850505,0,0,0,0,0,0,0,0
2025-05-30,-0.0034298901102922,-1281.5999999999271,1,0,0,FLAT,0,A,-0.0034298901102922,5.5637049319850505,5.5446220354622513,0,0,0,-1281.5999999999271,-0.0034298901102922,-0.019082896522799462,0,0
2025-06-02,-0.0091150883022165993,-3394.1600000000581,1,0,0,FLAT,0,A,-0.0091150883022165993,5.5446220354622513,5.4940823160065966,0,0,0,-3394.1600000000581,-0.0091150883022165993,-0.050539719455654358,0,0
2025-06-03,0.0064896835559212001,2394.469999999993,1,0,0,FLAT,0,A,0.0064896835559212001,5.4940823160065966,5.5297371716676622,0,0,0,2394.469999999993,0.0064896835559212001,0.035654855661065472,0,0
2025-06-04,0,0,0,0,0,FLAT,0,A,0,5.5297371716676622,5.5297371716676622,0,0,0,0,0,0,0,0
2025-06-05,-0.0059144237187112002,-2196.320000000027,1,0,0,FLAT,0,A,-0.0059144237187112002,5.5297371716676622,5.4970319629813122,0,0,0,-2196.320000000027,-0.0059144237187112002,-0.032705208686350212,0,0
2025-06-06,-0.0039307251704928997,-1451,1,0,0,FLAT,0,A,-0.0039307251704928997,5.4970319629813122,5.4754246410814176,0,0,0,-1451,-0.0039307251704928997,-0.021607321899894637,0,0
2025-06-09,0,0,0,0,0,FLAT,0,A,0,5.4754246410814176,5.4754246410814176,0,0,0,0,0,0,0,0
2025-06-10,0,0,0,0,0,FLAT,0,A,0,5.4754246410814176,5.4754246410814176,0,0,0,0,0,0,0,0
2025-06-11,-0.0016003506335005001,-588.42000000010194,1,0,0,FLAT,0,A,-0.0016003506335005001,5.4754246410814176,5.4666620417883784,0,0,0,-588.42000000010194,-0.0016003506335005001,-0.0087625992930388946,0,0
2025-06-12,-0.0012883165443328,-472.91999999995392,1,0,0,FLAT,0,A,-0.0012883165443328,5.4666620417883784,5.4596192506376662,0,0,0,-472.91999999995392,-0.0012883165443328,-0.0070427911507120926,0,0
2025-06-13,-0.0103835811817402,-3806.6100000000311,1,0,0,FLAT,0,A,-0.0103835811817402,5.4596192506376662,5.4029288509272781,0,0,0,-3806.6100000000311,-0.0103835811817402,-0.056690399710387807,0,0
2025-06-16,-0.0076249434592515998,-2766.1799999999571,2,0,0,FLAT,0,A,-0.0076249434592515998,5.4029288509272781,5.3617318239245986,0,0,0,-2766.1799999999571,-0.0076249434592515998,-0.041197027002679708,0,0
2025-06-17,-0.0020794880848124002,-748.59999999999104,1,0,0,FLAT,0,A,-0.0020794880848124002,5.3617318239245986,5.3505821664827877,0,0,0,-748.59999999999104,-0.0020794880848124002,-0.011149657441810661,0,0
2025-06-18,-0.0062819075647771996,-2256.6499999998559,1,0,0,FLAT,0,A,-0.0062819075647771996,5.3505821664827877,5.3169703038951974,0,0,0,-2256.6499999998559,-0.0062819075647771996,-0.033611862587590205,0,0
2025-06-20,-0.0030206716236132998,-1078.2600000000939,2,0,1,ENTRY,0,A,-0.0030206716236132998,5.3169703038951974,5.3009094825746264,0,0,0,-1078.2600000000939,-0.0030206716236132998,-0.016060821320570805,0,0
2025-06-23,0.0039219548051253996,1395.6499999999432,3,1,0,EXIT,0.010502575150637896,B,0.010502575150637896,5.3009094825746264,5.3565826827820953,3,1395.6499999999432,0.0039219548051253996,0,0,0,0.055673200207469062,0.020789927416718351
2025-06-24,0.00085562293985879995,305.63999999991506,1,0,0,FLAT,0,A,0.00085562293985879995,5.3565826827820953,5.3611658978047343,0,0,0,305.63999999991506,0.00085562293985879995,0.0045832150226387536,0,0
2025-06-25,0,0,0,0,0,FLAT,0,A,0,5.3611658978047343,5.3611658978047343,0,0,0,0,0,0,0,0
2025-06-26,0.00057067385651249998,204.02000000017404,3,0,0,FLAT,0,A,0.00057067385651249998,5.3611658978047343,5.3642253750230378,0,0,0,204.02000000017404,0.00057067385651249998,0.0030594772183035273,0,0
2025-06-27,-0.0045902212000039,-1641.8200000001375,1,0,0,FLAT,0,A,-0.0045902212000039,5.3642253750230378,5.3396023939850084,0,0,0,-1641.8200000001375,-0.0045902212000039,-0.02462298103802962,0,0
2025-06-30,0,0,0,0,0,FLAT,0,A,0,5.3396023939850084,5.3396023939850084,0,0,0,0,0,0,0,0
2025-07-01,0,0,0,0,0,FLAT,0,A,0,5.3396023939850084,5.3396023939850084,0,0,0,0,0,0,0,0
2025-07-02,0.00018504330263240001,65.879999999940082,1,0,0,FLAT,0,A,0.00018504330263240001,5.3396023939850084,5.3405904516467357,0,0,0,65.879999999940082,0.00018504330263240001,0.00098805766172685547,0,0
2025-07-03,0.0037182746952664002,1324.0000000001128,1,0,0,FLAT,0,A,0.0037182746952664002,5.3405904516467357,5.3604482339808754,0,0,0,1324.0000000001128,0.0037182746952664002,0.019857782334139411,0,0
2025-07-07,-0.0001827687359357,-65.319999999940592,1,0,0,FLAT,0,A,-0.0001827687359357,5.3604482339808754,5.3594685116331018,0,0,0,-65.319999999940592,-0.0001827687359357,-0.00097972234777343997,0,0
2025-07-08,0,0,0,0,0,FLAT,0,A,0,5.3594685116331018,5.3594685116331018,0,0,0,0,0,0,0,0
2025-07-09,-0.0081076409070772008,-2896.9800000000578,1,0,0,FLAT,0,A,-0.0081076409070772008,5.3594685116331018,5.3160158654879934,0,0,0,-2896.9800000000578,-0.0081076409070772008,-0.043452646145108693,0,0
2025-07-10,0.00043149779565039998,152.92499999986092,1,0,0,FLAT,0,A,0.00043149779565039998,5.3160158654879934,5.3183097146155935,0,0,0,152.92499999986092,0.00043149779565039998,0.0022938491276006225,0,0
2025-07-11,0,0,0,0,0,FLAT,0,A,0,5.3183097146155935,5.3183097146155935,0,0,0,0,0,0,0,0
2025-07-14,0,0,0,0,0,FLAT,0,A,0,5.3183097146155935,5.3183097146155935,0,0,0,0,0,0,0,0
2025-07-15,0,0,0,0,0,FLAT,0,A,0,5.3183097146155935,5.3183097146155935,0,0,0,0,0,0,0,0
2025-07-16,-0.0090228649862904992,-3198.9999999999482,1,0,0,FLAT,0,A,-0.0090228649862904992,5.3183097146155935,5.2703233241053402,0,0,0,-3198.9999999999482,-0.0090228649862904992,-0.047986390510253656,0,0
2025-07-17,0.0133551566943953,4692.0500000000711,1,0,0,FLAT,0,A,0.0133551566943953,5.2703233241053402,5.3407093179288934,0,0,0,4692.0500000000711,0.0133551566943953,0.070385993823553122,0,0
2025-07-18,0,0,0,0,0,FLAT,0,A,0,5.3407093179288934,5.3407093179288934,0,0,0,0,0,0,0,0
2025-07-21,-0.0037404806791961,-1331.6299999998153,1,0,0,FLAT,0,A,-0.0037404806791961,5.3407093179288934,5.3207324979119779,0,0,0,-1331.6299999998153,-0.0037404806791961,-0.019976820016915607,0,0
2025-07-22,-0.0092562511937924995,-3282.800000000103,1,0,0,FLAT,0,A,-0.0092562511937924995,5.3207324979119779,5.2714824613763298,0,0,0,-3282.800000000103,-0.0092562511937924995,-0.049250036535648294,0,0
2025-07-23,0,0,0,0,0,FLAT,0,A,0,5.2714824613763298,5.2714824613763298,0,0,0,0,0,0,0,0
2025-07-24,0,0,0,0,0,FLAT,0,A,0,5.2714824613763298,5.2714824613763298,0,0,0,0,0,0,0,0
2025-07-25,0.0011929110561767001,419.13999999986959,1,0,0,FLAT,0,A,0.0011929110561767001,5.2714824613763298,5.2777708710869478,0,0,0,419.13999999986959,0.0011929110561767001,0.0062884097106173879,0,0
2025-07-28,0,0,0,0,0,FLAT,0,A,0,5.2777708710869478,5.2777708710869478,0,0,0,0,0,0,0,0
2025-07-29,-0.00040929584943929999,-143.97500000012087,1,0,0,FLAT,0,A,-0.00040929584943929999,5.2777708710869478,5.2756107013751201,0,0,0,-143.97500000012087,-0.00040929584943929999,-0.0021601697118275266,0,0
2025-07-30,-0.013403632733842,-4712.7600000000093,1,0,1,ENTRY,0,A,-0.013403632733842,5.2756107013751201,5.2048983530871613,0,0,0,-4712.7600000000093,-0.013403632733842,-0.070712348287958707,0,0
2025-07-31,0,0,0,1,1,HOLD,-0.0036266162093976663,B,-0.0036266162093976663,5.2048983530871613,5.1860221843515886,0,0,0,0,0,0,-0.018876168735573119,0
2025-08-01,-0.0195536795694102,-6782.6799999997684,3,1,1,HOLD,-0.01504984965975629,B,-0.01504984965975629,5.1860221843515886,5.1079733301449357,3,-6782.6799999997684,-0.0195536795694102,0,0,0,-0.078048854206652321,-0.10140581603266371
2025-08-04,0.0100539278479934,3418.800000000042,1,1,0,EXIT,0.014042642073298093,B,0.014042642073298093,5.1079733301449357,5.1797027713401143,1,3418.800000000042,0.0100539278479934,0,0,0,0.071729441195177837,0.051355195310751757
2025-08-05,-0.0039403460514326003,-1353.3200000001841,2,0,0,FLAT,0,A,-0.0039403460514326003,5.1797027713401143,5.1592929499774698,0,0,0,-1353.3200000001841,-0.0039403460514326003,-0.020409821362644517,0,0
2025-08-06,0.0077112467942814997,2637.8400000000138,1,0,0,FLAT,0,A,0.0077112467942814997,5.1592929499774698,5.1990775311987427,0,0,0,2637.8400000000138,0.0077112467942814997,0.039784581221272902,0,0
2025-08-07,-0.0094948652874863003,-3272.9199999999387,2,0,0,FLAT,0,A,-0.0094948652874863003,5.1990775311987427,5.1497129904208139,0,0,0,-3272.9199999999387,-0.0094948652874863003,-0.049364540777928914,0,0
2025-08-08,-0.00086743169543650005,-296.15000000006728,3,0,0,FLAT,0,A,-0.00086743169543650005,5.1497129904208139,5.1452459661505223,0,0,0,-296.15000000006728,-0.00086743169543650005,-0.0044670242702920951,0,0
2025-08-11,0,0,0,0,0,FLAT,0,A,0,5.1452459661505223,5.1452459661505223,0,0,0,0,0,0,0,0
2025-08-12,0.0066791678500666999,2278.1500000000192,1,0,0,FLAT,0,A,0.0066791678500666999,5.1452459661505223,5.1796119275883195,0,0,0,2278.1500000000192,0.0066791678500666999,0.034365961437797944,0,0
2025-08-13,0,0,0,0,0,FLAT,0,A,0,5.1796119275883195,5.1796119275883195,0,0,0,0,0,0,0,0
2025-08-14,0,0,0,0,0,FLAT,0,A,0,5.1796119275883195,5.1796119275883195,0,0,0,0,0,0,0,0
2025-08-15,-0.0020975610293128,-720.19999999997481,1,0,0,FLAT,0,A,-0.0020975610293128,5.1796119275883195,5.1687473754620461,0,0,0,-720.19999999997481,-0.0020975610293128,-0.010864552126273011,0,0
2025-08-18,0,0,0,0,0,FLAT,0,A,0,5.1687473754620461,5.1687473754620461,0,0,0,0,0,0,0,0
2025-08-19,-0.00055250512053010002,-189.29999999998759,2,0,1,ENTRY,0,A,-0.00055250512053010002,5.1687473754620461,5.1658916160703772,0,0,0,-189.29999999998759,-0.00055250512053010002,-0.0028557593916692958,0,0
2025-08-20,-0.014735267273521599,-5045.5400000000636,4,1,0,EXIT,-0.0016891363508398762,B,-0.0016891363508398762,5.1658916160703772,5.1571657207571739,4,-5045.5400000000636,-0.014735267273521599,0,0,0,-0.0087258953132034276,-0.076120793668841433
2025-08-21,0,0,0,0,1,ENTRY,0,A,0,5.1571657207571739,5.1571657207571739,0,0,0,0,0,0,0,0
2025-08-22,0.0121988387414146,4115.0200000000459,1,1,0,EXIT,0.014651726417172894,B,0.014651726417172894,5.1571657207571739,5.2327271019857298,1,4115.0200000000459,0.0121988387414146,0,0,0,0.075561381228556379,0.062911432990267968
2025-08-25,0,0,0,0,0,FLAT,0,A,0,5.2327271019857298,5.2327271019857298,0,0,0,0,0,0,0,0
2025-08-26,0,0,0,0,0,FLAT,0,A,0,5.2327271019857298,5.2327271019857298,0,0,0,0,0,0,0,0
2025-08-27,0,0,0,0,0,FLAT,0,A,0,5.2327271019857298,5.2327271019857298,0,0,0,0,0,0,0,0
2025-08-28,0,0,0,0,0,FLAT,0,A,0,5.2327271019857298,5.2327271019857298,0,0,0,0,0,0,0,0
2025-08-29,0.0045865622956438997,1566.0000000000082,1,0,0,FLAT,0,A,0.0045865622956438997,5.2327271019857298,5.2567273308150906,0,0,0,1566.0000000000082,0.0045865622956438997,0.02400022882936172,0,0
2025-09-02,0,0,0,0,0,FLAT,0,A,0,5.2567273308150906,5.2567273308150906,0,0,0,0,0,0,0,0
2025-09-03,0,0,0,0,0,FLAT,0,A,0,5.2567273308150906,5.2567273308150906,0,0,0,0,0,0,0,0
2025-09-04,0.01184685346021,4063.2999999999679,1,0,0,FLAT,0,A,0.01184685346021,5.2567273308150906,5.3190030091835379,0,0,0,4063.2999999999679,0.01184685346021,0.062275678368447232,0,0
2025-09-05,-0.0025855792320178999,-897.28999999995381,1,0,0,FLAT,0,A,-0.0025855792320178999,5.3190030091835379,5.3052503054679523,0,0,0,-897.28999999995381,-0.0025855792320178999,-0.01375270371558567,0,0
2025-09-08,0,0,0,0,0,FLAT,0,A,0,5.3052503054679523,5.3052503054679523,0,0,0,0,0,0,0,0
2025-09-09,0,0,0,0,0,FLAT,0,A,0,5.3052503054679523,5.3052503054679523,0,0,0,0,0,0,0,0
2025-09-10,0,0,0,0,0,FLAT,0,A,0,5.3052503054679523,5.3052503054679523,0,0,0,0,0,0,0,0
2025-09-11,0.0107383927569036,3716.8499999999922,1,0,0,FLAT,0,A,0.0107383927569036,5.3052503054679523,5.36222016692175,0,0,0,3716.8499999999922,0.0107383927569036,0.05696986145379767,0,0
2025-09-12,0,0,0,0,0,FLAT,0,A,0,5.36222016692175,5.36222016692175,0,0,0,0,0,0,0,0
2025-09-15,0.0014530409312185999,508.32000000001926,1,0,0,FLAT,0,A,0.0014530409312185999,5.36222016692175,5.3700116923064929,0,0,0,508.32000000001926,0.0014530409312185999,0.0077915253847431355,0,0
2025-09-16,0,0,0,0,0,FLAT,0,A,0,5.3700116923064929,5.3700116923064929,0,0,0,0,0,0,0,0
2025-09-17,-0.0021867672686177999,-766.08000000002892,1,0,0,FLAT,0,A,-0.0021867672686177999,5.3700116923064929,5.3582687265056625,0,0,0,-766.08000000002892,-0.0021867672686177999,-0.011742965800830719,0,0
2025-09-18,-0.0172035956408053,-6013.4200000000083,3,0,0,FLAT,0,A,-0.0172035956408053,5.3582687265056625,5.266087238000086,0,0,0,-6013.4200000000083,-0.0172035956408053,-0.092181488505576184,0,0
2025-09-19,-0.0071152590211640996,-2443.9999999999054,1,0,0,FLAT,0,A,-0.0071152590211640996,5.266087238000086,5.2286176632736687,0,0,0,-2443.9999999999054,-0.0071152590211640996,-0.037469574726417251,0,0
2025-09-22,0.0041375417375567004,1411.0199999998788,2,0,0,FLAT,0,A,0.0041375417375567004,5.2286176632736687,5.2502512870851898,0,0,0,1411.0199999998788,0.0041375417375567004,0.02163362381152099,0,0
2025-09-23,0.0107637042382745,3685.6099999999246,1,0,0,FLAT,0,A,0.0107637042382745,5.2502512870851898,5.3067634391159944,0,0,0,3685.6099999999246,0.0107637042382745,0.056512152030805007,0,0
2025-09-24,-0.010936479184684799,-3784.9199999998864,2,0,0,FLAT,0,A,-0.010936479184684799,5.3067634391159944,5.2487261312260562,0,0,0,-3784.9199999998864,-0.010936479184684799,-0.05803730788993839,0,0
2025-09-25,-0.027269334078293499,-9333.4200000000001,2,0,0,FLAT,0,A,-0.027269334078293499,5.2487261312260562,5.1055968648681844,0,0,0,-9333.4200000000001,-0.027269334078293499,-0.14312926635787229,0,0
2025-09-26,-0.018916535002957501,-6297.4200000002356,2,0,0,FLAT,0,A,-0.018916535002957501,5.1055968648681844,5.0090166630629156,0,0,0,-6297.4200000002356,-0.018916535002957501,-0.096580201805269092,0,0
2025-09-29,0,0,0,0,0,FLAT,0,A,0,5.0090166630629156,5.0090166630629156,0,0,0,0,0,0,0,0
2025-09-30,0,0,0,0,0,FLAT,0,A,0,5.0090166630629156,5.0090166630629156,0,0,0,0,0,0,0,0
2025-10-01,0.0011966429193372,390.80000000008886,1,0,0,FLAT,0,A,0.0011966429193372,5.0090166630629156,5.0150106673856127,0,0,0,390.80000000008886,0.0011966429193372,0.0059940043226962871,0,0
2025-10-02,0,0,0,0,0,FLAT,0,A,0,5.0150106673856127,5.0150106673856127,0,0,0,0,0,0,0,0
2025-10-03,-0.0062824235837262996,-2054.0849999999027,1,0,0,FLAT,0,A,-0.0062824235837262996,5.0150106673856127,4.9835042460961905,0,0,0,-2054.0849999999027,-0.0062824235837262996,-0.03150642128942234,0,0
2025-10-06,0,0,0,0,0,FLAT,0,A,0,4.9835042460961905,4.9835042460961905,0,0,0,0,0,0,0,0
2025-10-07,5.9774131654871718e-05,19.419999999982338,1,0,0,FLAT,0,A,5.9774131654871718e-05,4.9835042460961905,4.983802130735099,0,0,0,19.419999999982338,5.9774131654871718e-05,0.0002978846389087659,0,0
2025-10-08,0.0010007524541786,325.13999999992109,3,0,0,FLAT,0,A,0.0010007524541786,4.983802130735099,4.9887896829485729,0,0,0,325.13999999992109,0.0010007524541786,0.0049875522134736868,0,0
2025-10-09,-3.9977853130427756e-06,-1.3000000000000114,2,0,0,FLAT,0,A,-3.9977853130427756e-06,4.9887896829485729,4.9887697388384487,0,0,0,-1.3000000000000114,-3.9977853130427756e-06,-1.994411012435113e-05,0,0
2025-10-10,0.084277425246839704,27402.939999999893,1,0,0,FLAT,0,A,0.084277425246839704,4.9887697388384487,5.4092104075771017,0,0,0,27402.939999999893,0.084277425246839704,0.42044066873865338,0,0
2025-10-13,-0.0179669365512856,-6334.0800000000345,3,0,0,FLAT,0,A,-0.0179669365512856,5.4092104075771017,5.3120234673916107,0,0,0,-6334.0800000000345,-0.0179669365512856,-0.09718694018549151,0,0
2025-10-14,0,0,0,0,0,FLAT,0,A,0,5.3120234673916107,5.3120234673916107,0,0,0,0,0,0,0,0
2025-10-15,-0.0031915179226562999,-1104.8400000000099,1,0,0,FLAT,0,A,-0.0031915179226562999,5.3120234673916107,5.2950700492898601,0,0,0,-1104.8400000000099,-0.0031915179226562999,-0.016953418101751189,0,0
2025-10-16,-0.0037567148103942001,-1296.3199999999847,2,0,0,FLAT,0,A,-0.0037567148103942001,5.2950700492898601,5.2751779812136181,0,0,0,-1296.3199999999847,-0.0037567148103942001,-0.019892068076241963,0,0
2025-10-17,-0.0092034061737244002,-3163.7199999999093,2,0,0,FLAT,0,A,-0.0092034061737244002,5.2751779812136181,5.2266283756138217,0,0,0,-3163.7199999999093,-0.0092034061737244002,-0.04854960559979643,0,0
2025-10-20,0.0057564229737389,1960.5000000000639,2,0,0,FLAT,0,A,0.0057564229737389,5.2266283756138217,5.2567150592703999,0,0,0,1960.5000000000639,0.0057564229737389,0.03008668365657903,0,0
2025-10-21,0,0,0,0,0,FLAT,0,A,0,5.2567150592703999,5.2567150592703999,0,0,0,0,0,0,0,0
2025-10-22,-0.013459655288926699,-4610.2199999998757,3,0,0,FLAT,0,A,-0.013459655288926699,5.2567150592703999,5.1859614866205108,0,0,0,-4610.2199999998757,-0.013459655288926699,-0.070753572649889462,0,0
2025-10-23,-0.0019704099170320998,-665.7800000000932,4,0,0,FLAT,0,A,-0.0019704099170320998,5.1859614866205108,5.1757430166779272,0,0,0,-665.7800000000932,-0.0019704099170320998,-0.010218469942583585,0,0
2025-10-24,0,0,0,0,0,FLAT,0,A,0,5.1757430166779272,5.1757430166779272,0,0,0,0,0,0,0,0
2025-10-27,0,0,0,0,0,FLAT,0,A,0,5.1757430166779272,5.1757430166779272,0,0,0,0,0,0,0,0
2025-10-28,0,0,0,0,0,FLAT,0,A,0,5.1757430166779272,5.1757430166779272,0,0,0,0,0,0,0,0
2025-10-29,0,0,0,0,0,FLAT,0,A,0,5.1757430166779272,5.1757430166779272,0,0,0,0,0,0,0,0
2025-10-30,0,0,0,0,0,FLAT,0,A,0,5.1757430166779272,5.1757430166779272,0,0,0,0,0,0,0,0
2025-10-31,0,0,0,0,0,FLAT,0,A,0,5.1757430166779272,5.1757430166779272,0,0,0,0,0,0,0,0
2025-11-03,-0.0096773774818300993,-3263.159999999993,1,0,0,FLAT,0,A,-0.0096773774818300993,5.1757430166779272,5.1256553977565895,0,0,0,-3263.159999999993,-0.0096773774818300993,-0.05008761892133836,0,0
2025-11-04,0,0,0,0,0,FLAT,0,A,0,5.1256553977565895,5.1256553977565895,0,0,0,0,0,0,0,0
2025-11-05,0.0019218929999189999,641.76000000002432,1,0,0,FLAT,0,A,0.0019218929999189999,5.1256553977565895,5.135506358985535,0,0,0,641.76000000002432,0.0019218929999189999,0.0098509612289454269,0,0
2025-11-06,0.0142504700059999,4767.5400000000063,2,0,0,FLAT,0,A,0.0142504700059999,5.135506358985535,5.2086897383198805,0,0,0,4767.5400000000063,0.0142504700059999,0.073183379334345114,0,0
2025-11-07,-0.0086351957993722993,-2929.9299999998971,2,0,0,FLAT,0,A,-0.0086351957993722993,5.2086897383198805,5.1637116825713072,0,0,0,-2929.9299999998971,-0.0086351957993722993,-0.044978055748573435,0,0
2025-11-10,0.0070260229145889001,2363.2200000000503,1,0,0,FLAT,0,A,0.0070260229145889001,5.1637116825713072,5.1999920391773831,0,0,0,2363.2200000000503,0.0070260229145889001,0.036280356606076411,0,0
2025-11-11,0,0,0,0,0,FLAT,0,A,0,5.1999920391773831,5.1999920391773831,0,0,0,0,0,0,0,0
2025-11-12,0,0,0,0,0,FLAT,0,A,0,5.1999920391773831,5.1999920391773831,0,0,0,0,0,0,0,0
2025-11-13,0.025145731625717298,8517.0100000000511,1,0,0,FLAT,0,A,0.025145731625717298,5.1999920391773831,5.330749643450404,0,0,0,8517.0100000000511,0.025145731625717298,0.13075760427302091,0,0
2025-11-14,-0.0035192677591360999,-1221.9400000000571,1,0,0,FLAT,0,A,-0.0035192677591360999,5.330749643450404,5.3119893080981821,0,0,0,-1221.9400000000571,-0.0035192677591360999,-0.018760335352221266,0,0
2025-11-17,-0.00029018654428129999,-100.40000000005136,1,0,1,ENTRY,0,A,-0.00029018654428129999,5.3119893080981821,5.3104478402776065,0,0,0,-100.40000000005136,-0.00029018654428129999,-0.0015414678205762252,0,0
2025-11-18,-0.028842661451066301,-9975.9600000000537,2,1,0,EXIT,-0.0065543211918040918,B,-0.0065543211918040918,5.3104478402776065,5.2756414594601049,2,-9975.9600000000537,-0.028842661451066301,0,0,0,-0.034806380817501786,-0.15316744921067321
2025-11-19,-0.0089783943214991994,-3015.6800000000694,1,0,0,FLAT,0,A,-0.0089783943214991994,5.2756414594601049,5.228274670138223,0,0,0,-3015.6800000000694,-0.0089783943214991994,-0.047366789321882354,0,0
2025-11-20,0.0238101262400944,7925.3900000000158,1,0,0,FLAT,0,A,0.0238101262400944,5.228274670138223,5.3527605500521025,0,0,0,7925.3900000000158,0.0238101262400944,0.12448587991387899,0,0
2025-11-21,-0.015960679974266302,-5438.9999999999691,2,0,0,FLAT,0,A,-0.015960679974266302,5.3527605500521025,5.2673268519338432,0,0,0,-5438.9999999999691,-0.015960679974266302,-0.085433698118259266,0,0
2025-11-24,0.010771800232193001,3611.9999999999377,1,0,0,FLAT,0,A,0.010771800232193001,5.2673268519338432,5.3240654445405404,0,0,0,3611.9999999999377,0.010771800232193001,0.056738592606697398,0,0
2025-11-25,0.0001714540410596,58.109999999946531,3,0,0,FLAT,0,A,0.0001714540410596,5.3240654445405404,5.3249782770758722,0,0,0,58.109999999946531,0.0001714540410596,0.00091283253533225132,0,0
2025-11-26,0,0,0,0,0,FLAT,0,A,0,5.3249782770758722,5.3249782770758722,0,0,0,0,0,0,0,0
2025-11-28,0,0,0,0,0,FLAT,0,A,0,5.3249782770758722,5.3249782770758722,0,0,0,0,0,0,0,0
2025-12-01,0,0,0,0,0,FLAT,0,A,0,5.3249782770758722,5.3249782770758722,0,0,0,0,0,0,0,0
2025-12-02,0,0,0,0,0,FLAT,0,A,0,5.3249782770758722,5.3249782770758722,0,0,0,0,0,0,0,0
2025-12-03,0,0,0,0,0,FLAT,0,A,0,5.3249782770758722,5.3249782770758722,0,0,0,0,0,0,0,0
2025-12-04,0,0,0,0,0,FLAT,0,A,0,5.3249782770758722,5.3249782770758722,0,0,0,0,0,0,0,0
2025-12-05,-0.0036358042067745999,-1232.3999999999569,1,0,0,FLAT,0,A,-0.0036358042067745999,5.3249782770758722,5.3056176986550962,0,0,0,-1232.3999999999569,-0.0036358042067745999,-0.019360578420775817,0,0
2025-12-08,-0.0020084599186193002,-678.29999999992413,1,0,0,FLAT,0,A,-0.0020084599186193002,5.3056176986550962,5.2949615781638304,0,0,0,-678.29999999992413,-0.0020084599186193002,-0.010656120491265934,0,0
2025-12-09,0,0,0,0,0,FLAT,0,A,0,5.2949615781638304,5.2949615781638304,0,0,0,0,0,0,0,0
2025-12-10,0.00063756023405820003,214.88000000010999,1,0,0,FLAT,0,A,0.00063756023405820003,5.2949615781638304,5.2983374351069337,0,0,0,214.88000000010999,0.00063756023405820003,0.0033758569431033081,0,0
2025-12-11,-0.013867263153700101,-4676.6000000000122,1,0,0,FLAT,0,A,-0.013867263153700101,5.2983374351069337,5.2248639956172056,0,0,0,-4676.6000000000122,-0.013867263153700101,-0.073473439489728273,0,0
2025-12-12,0.022651487364075101,7532.8500000000577,2,0,0,FLAT,0,A,0.022651487364075101,5.2248639956172056,5.3432149363929398,0,0,0,7532.8500000000577,0.022651487364075101,0.11835094077573408,0,0
2025-12-15,-0.0040336858554811004,-1371.7000000000216,1,0,0,FLAT,0,A,-0.0040336858554811004,5.3432149363929398,5.3216620858812158,0,0,0,-1371.7000000000216,-0.0040336858554811004,-0.021552850511723547,0,0
2025-12-16,-0.019720010305235899,-6678.7399999999998,2,0,0,FLAT,0,A,-0.019720010305235899,5.3216620858812158,5.216718854706655,0,0,0,-6678.7399999999998,-0.019720010305235899,-0.10494323117456074,0,0
2025-12-17,0.0198001734774403,6573.1200000000636,1,0,1,ENTRY,0,A,0.0198001734774403,5.216718854706655,5.3200107930128802,0,0,0,6573.1200000000636,0.0198001734774403,0.10329193830622545,0,0
2025-12-18,-0.00061054754695079999,-206.69000000002563,1,1,1,HOLD,0.0084611946968568448,B,0.0084611946968568448,5.3200107930128802,5.3650244401219425,1,-206.69000000002563,-0.00061054754695079999,0,0,0,0.045013647109061757,-0.0032481195394257942
2025-12-19,-0.0055337323630069001,-1872.1299999999344,2,1,0,EXIT,0.0077156902714998962,B,0.0077156902714998962,5.3650244401219425,5.4064193070009505,2,-1872.1299999999344,-0.0055337323630069001,0,0,0,0.041394866879008049,-0.029688609372625768
2025-12-22,0,0,0,0,0,FLAT,0,A,0,5.4064193070009505,5.4064193070009505,0,0,0,0,0,0,0,0
2025-12-23,0,0,0,0,0,FLAT,0,A,0,5.4064193070009505,5.4064193070009505,0,0,0,0,0,0,0,0
2025-12-24,0,0,0,0,0,FLAT,0,A,0,5.4064193070009505,5.4064193070009505,0,0,0,0,0,0,0,0
2025-12-26,0,0,0,0,0,FLAT,0,A,0,5.4064193070009505,5.4064193070009505,0,0,0,0,0,0,0,0
2025-12-29,0,0,0,0,0,FLAT,0,A,0,5.4064193070009505,5.4064193070009505,0,0,0,0,0,0,0,0
2025-12-30,0,0,0,0,1,ENTRY,0,A,0,5.4064193070009505,5.4064193070009505,0,0,0,0,0,0,0,0
2025-12-31,0.0073274939550656004,2465.0799999999704,2,1,1,HOLD,-0.0069991123786796268,B,-0.0069991123786796268,5.4064193070009505,5.3685791707049875,2,2465.0799999999704,0.0073274939550656004,0,0,0,-0.037840136295962883,0.039615504790599415
