date,a_gross_return,a_gross_pnl_baseline_usd,a_trade_count,b_position_before_execution,b_position_after_execution,b_signal_action,b_strategy_return,selected_source,combined_return,combined_start_equity,combined_end_equity,suppressed_a_trade_count,suppressed_a_gross_pnl_baseline_usd,suppressed_a_return,retained_a_gross_pnl_baseline_usd,retained_a_return,a_combined_equity_gain,b_combined_equity_gain,suppressed_a_counterfactual_gain_on_combined_capital
2019-01-02,0,0,0,0,0,MISSING_RSI,0,A,0,1,1,0,0,0,0,0,0,0,0
2019-01-03,0,0,0,0,0,MISSING_RSI,0,A,0,1,1,0,0,0,0,0,0,0,0
2019-01-04,0,0,0,0,0,MISSING_RSI,0,A,0,1,1,0,0,0,0,0,0,0,0
2019-01-07,0,0,0,0,0,FLAT,0,A,0,1,1,0,0,0,0,0,0,0,0
2019-01-08,0,0,0,0,0,FLAT,0,A,0,1,1,0,0,0,0,0,0,0,0
2019-01-09,0,0,0,0,0,FLAT,0,A,0,1,1,0,0,0,0,0,0,0,0
2019-01-10,0,0,0,0,0,FLAT,0,A,0,1,1,0,0,0,0,0,0,0,0
2019-01-11,0,0,0,0,0,FLAT,0,A,0,1,1,0,0,0,0,0,0,0,0
2019-01-14,0,0,0,0,0,FLAT,0,A,0,1,1,0,0,0,0,0,0,0,0
2019-01-15,0,0,0,0,0,FLAT,0,A,0,1,1,0,0,0,0,0,0,0,0
2019-01-16,0,0,0,0,0,FLAT,0,A,0,1,1,0,0,0,0,0,0,0,0
2019-01-17,0,0,0,0,0,FLAT,0,A,0,1,1,0,0,0,0,0,0,0,0
2019-01-18,0,0,0,0,0,FLAT,0,A,0,1,1,0,0,0,0,0,0,0,0
2019-01-22,0,0,0,0,0,FLAT,0,A,0,1,1,0,0,0,0,0,0,0,0
2019-01-23,0,0,0,0,0,FLAT,0,A,0,1,1,0,0,0,0,0,0,0,0
2019-01-24,0,0,0,0,0,FLAT,0,A,0,1,1,0,0,0,0,0,0,0,0
2019-01-25,0,0,0,0,0,FLAT,0,A,0,1,1,0,0,0,0,0,0,0,0
2019-01-28,-0.0065700000000001998,-657.0000000000249,1,0,0,FLAT,0,A,-0.0065700000000001998,1,0.99342999999999981,0,0,0,-657.0000000000249,-0.0065700000000001998,-0.0065700000000001998,0,0
2019-01-29,-0.0051803318527091999,-514.59000000004812,1,0,0,FLAT,0,A,-0.0051803318527091999,0.99342999999999981,0.98828370292756296,0,0,0,-514.59000000004812,-0.0051803318527091999,-0.0051462970724368996,0,0
2019-01-30,0.012865121249099901,1271.25,1,0,0,FLAT,0,A,0.012865121249099901,0.98828370292756296,1.0009980925942357,0,0,0,1271.25,0.012865121249099901,0.012714389666672524,0,0
2019-01-31,0.0070846871923547,709.0199999999752,1,0,0,FLAT,0,A,0.0070846871923547,1.0009980925942357,1.0080898509604095,0,0,0,709.0199999999752,0.0070846871923547,0.0070917583661738656,0,0
2019-02-01,-0.0058547057778156001,-590.03999999997154,1,0,0,FLAT,0,A,-0.0058547057778156001,1.0080898509604095,1.0021877814854343,0,0,0,-590.03999999997154,-0.0058547057778156001,-0.0059020694749751766,0,0
2019-02-04,-0.00044368286040239997,-44.450000000010107,1,0,0,FLAT,0,A,-0.00044368286040239997,1.0021877814854343,1.0017431279438844,0,0,0,-44.450000000010107,-0.00044368286040239997,-0.0004446535415497929,0,0
2019-02-05,0,0,0,0,0,FLAT,0,A,0,1.0017431279438844,1.0017431279438844,0,0,0,0,0,0,0,0
2019-02-06,0,0,0,0,0,FLAT,0,A,0,1.0017431279438844,1.0017431279438844,0,0,0,0,0,0,0,0
2019-02-07,-0.0029441695630750002,-294.81000000000216,1,0,0,FLAT,0,A,-0.0029441695630750002,1.0017431279438844,0.99879382631657254,0,0,0,-294.81000000000216,-0.0029441695630750002,-0.0029493016273119304,0,0
2019-02-08,0,0,0,0,1,ENTRY,0,A,0,0.99879382631657254,0.99879382631657254,0,0,0,0,0,0,0,0
2019-02-11,0,0,0,1,1,HOLD,0.0028333333333333335,B,0.0028333333333333335,0.99879382631657254,1.0016237421578027,0,0,0,0,0,0,0.0028299158412302891,0
2019-02-12,0.0028892530205132999,288.43999999998982,2,1,0,EXIT,0.012353886211290233,B,0.012353886211290233,1.0016237421578027,1.0139976878949468,2,288.43999999998982,0.0028892530205132999,0,0,0,0.012373945737144202,0.0028939444224472663
2019-02-13,0.00040637381140169997,40.680000000020812,1,0,0,FLAT,0,A,0.00040637381140169997,1.0139976878949468,1.0144097500001292,0,0,0,40.680000000020812,0.00040637381140169997,0.00041206210518238097,0,0
2019-02-14,0,0,0,0,0,FLAT,0,A,0,1.0144097500001292,1.0144097500001292,0,0,0,0,0,0,0,0
2019-02-15,0,0,0,0,0,FLAT,0,A,0,1.0144097500001292,1.0144097500001292,0,0,0,0,0,0,0,0
2019-02-19,0,0,0,0,0,FLAT,0,A,0,1.0144097500001292,1.0144097500001292,0,0,0,0,0,0,0,0
2019-02-20,0,0,0,0,0,FLAT,0,A,0,1.0144097500001292,1.0144097500001292,0,0,0,0,0,0,0,0
2019-02-21,-0.0090756359618431003,-908.81999999996253,2,0,0,FLAT,0,A,-0.0090756359618431003,1.0144097500001292,1.0052033363929838,0,0,0,-908.81999999996253,-0.0090756359618431003,-0.0092064136071454417,0,0
2019-02-22,0.0021315976287935999,211.47999999994909,1,0,0,FLAT,0,A,0.0021315976287935999,1.0052033363929838,1.0073460254412945,0,0,0,211.47999999994909,0.0021315976287935999,0.0021426890483106993,0,0
2019-02-25,0,0,0,0,0,FLAT,0,A,0,1.0073460254412945,1.0073460254412945,0,0,0,0,0,0,0,0
2019-02-26,0,0,0,0,0,FLAT,0,A,0,1.0073460254412945,1.0073460254412945,0,0,0,0,0,0,0,0
2019-02-27,-0.0045844307477055004,-455.76000000001727,1,0,0,FLAT,0,A,-0.0045844307477055004,1.0073460254412945,1.0027279173486825,0,0,0,-455.76000000001727,-0.0045844307477055004,-0.004618108092611998,0,0
2019-02-28,0,0,0,0,1,ENTRY,0,A,0,1.0027279173486825,1.0027279173486825,0,0,0,0,0,0,0,0
2019-03-01,0,0,0,1,0,EXIT,0.0076885767151094906,B,0.0076885767151094906,1.0027279173486825,1.0104374678655998,0,0,0,0,0,0,0.0077095505169173144,0
2019-03-04,0.0018590174524295,183.94999999999359,1,0,0,FLAT,0,A,0.0018590174524295,1.0104374678655998,1.0123158887529506,0,0,0,183.94999999999359,0.0018590174524295,0.0018784208873508222,0,0
2019-03-05,-0.0067228813478530996,-666.40000000001237,1,0,0,FLAT,0,A,-0.0067228813478530996,1.0123158887529506,1.0055102091463179,0,0,0,-666.40000000001237,-0.0067228813478530996,-0.0068056796066325457,0,0
2019-03-06,0.018156189579610901,1787.4449999999806,1,0,1,ENTRY,0,A,0.018156189579610901,1.0055102091463179,1.0237664431278128,0,0,0,1787.4449999999806,0.018156189579610901,0.018256233981494754,0,0
2019-03-07,-0.00087785780585249997,-87.98399999995523,4,1,1,HOLD,-0.0079685584481142286,B,-0.0079685584481142286,1.0237664431278128,1.0156085003885309,4,-87.98399999995523,-0.00087785780585249997,0,0,0,-0.0081579427392819877,-0.00089872136346960002
2019-03-08,0,0,0,1,1,HOLD,-0.0018900156289753934,B,-0.0018900156289753934,1.0156085003885309,1.0136889844498762,0,0,0,0,0,0,-0.0019195159386545852,0
2019-03-11,0.031557523562495499,3158.8200000000097,1,1,0,EXIT,0.014129128582353155,B,0.014129128582353155,1.0136889844498762,1.0280115264536833,1,3158.8200000000097,0.031557523562495499,0,0,0,0.014322542003807288,0.031989514011819105
2019-03-12,-0.0058491435276090999,-603.90000000002283,2,0,0,FLAT,0,A,-0.0058491435276090999,1.0280115264536833,1.0219985394874191,0,0,0,-603.90000000002283,-0.0058491435276090999,-0.0060129869662641127,0,0
2019-03-13,0.00072263540220069995,74.16000000000281,1,0,0,FLAT,0,A,0.00072263540220069995,1.0219985394874191,1.0227370718130502,0,0,0,74.16000000000281,0.00072263540220069995,0.00073853232563101908,0,0
2019-03-14,0,0,0,0,0,FLAT,0,A,0,1.0227370718130502,1.0227370718130502,0,0,0,0,0,0,0,0
2019-03-15,0,0,0,0,0,FLAT,0,A,0,1.0227370718130502,1.0227370718130502,0,0,0,0,0,0,0,0
2019-03-18,-0.010893966039923699,-1118.7000000000423,1,0,0,FLAT,0,A,-0.010893966039923699,1.0227370718130502,1.0115954088849479,0,0,0,-1118.7000000000423,-0.010893966039923699,-0.011141662928102375,0,0
2019-03-19,0,0,0,0,0,FLAT,0,A,0,1.0115954088849479,1.0115954088849479,0,0,0,0,0,0,0,0
2019-03-20,-0.0173180107577727,-1758.8599999999972,3,0,0,FLAT,0,A,-0.0173180107577727,1.0115954088849479,0.99407658871136484,0,0,0,-1758.8599999999972,-0.0173180107577727,-0.017518820173583003,0,0
2019-03-21,0.0293638082088899,2929.8600000000438,1,0,0,FLAT,0,A,0.0293638082088899,0.99407658871136484,1.0232664630072328,0,0,0,2929.8600000000438,0.0293638082088899,0.029189874295868043,0,0
2019-03-22,0.018102628063656898,1859.130000000016,2,0,0,FLAT,0,A,0.018102628063656898,1.0232664630072328,1.0417902751970665,0,0,0,1859.130000000016,0.018102628063656898,0.018523812189833667,0,0
2019-03-25,-0.0036519139628660999,-381.78000000001447,1,0,0,FLAT,0,A,-0.0036519139628660999,1.0417902751970665,1.0379857467446962,0,0,0,-381.78000000001447,-0.0036519139628660999,-0.0038045284523702838,0,0
2019-03-26,-0.0052746263049077997,-549.37500000000807,2,0,0,FLAT,0,A,-0.0052746263049077997,1.0379857467446962,1.0325107598207972,0,0,0,-549.37500000000807,-0.0052746263049077997,-0.0054749869238989403,0,0
2019-03-27,-0.017496166490271602,-1812.4699999999759,3,0,0,FLAT,0,A,-0.017496166490271602,1.0325107598207972,1.0144457796639756,0,0,0,-1812.4699999999759,-0.017496166490271602,-0.018064980156821502,0,0
2019-03-28,0,0,0,0,0,FLAT,0,A,0,1.0144457796639756,1.0144457796639756,0,0,0,0,0,0,0,0
2019-03-29,0,0,0,0,0,FLAT,0,A,0,1.0144457796639756,1.0144457796639756,0,0,0,0,0,0,0,0
2019-04-01,0.0015424344592118999,156.95999999996877,1,0,0,FLAT,0,A,0.0015424344592118999,1.0144457796639756,1.0160104957915315,0,0,0,156.95999999996877,0.0015424344592118999,0.0015647161275557985,0,0
2019-04-02,0,0,0,0,0,FLAT,0,A,0,1.0160104957915315,1.0160104957915315,0,0,0,0,0,0,0,0
2019-04-03,0,0,0,0,0,FLAT,0,A,0,1.0160104957915315,1.0160104957915315,0,0,0,0,0,0,0,0
2019-04-04,0,0,0,0,0,FLAT,0,A,0,1.0160104957915315,1.0160104957915315,0,0,0,0,0,0,0,0
2019-04-05,0,0,0,0,0,FLAT,0,A,0,1.0160104957915315,1.0160104957915315,0,0,0,0,0,0,0,0
2019-04-08,0,0,0,0,0,FLAT,0,A,0,1.0160104957915315,1.0160104957915315,0,0,0,0,0,0,0,0
2019-04-09,0,0,0,0,0,FLAT,0,A,0,1.0160104957915315,1.0160104957915315,0,0,0,0,0,0,0,0
2019-04-10,0,0,0,0,0,FLAT,0,A,0,1.0160104957915315,1.0160104957915315,0,0,0,0,0,0,0,0
2019-04-11,0,0,0,0,0,FLAT,0,A,0,1.0160104957915315,1.0160104957915315,0,0,0,0,0,0,0,0
2019-04-12,0,0,0,0,0,FLAT,0,A,0,1.0160104957915315,1.0160104957915315,0,0,0,0,0,0,0,0
2019-04-15,-0.0049737367213579997,-506.88000000001921,1,0,0,FLAT,0,A,-0.0049737367213579997,1.0160104957915315,1.0109571270793278,0,0,0,-506.88000000001921,-0.0049737367213579997,-0.0050533687122034871,0,0
2019-04-16,0,0,0,0,0,FLAT,0,A,0,1.0109571270793278,1.0109571270793278,0,0,0,0,0,0,0,0
2019-04-17,0.0046911782819449004,475.65999999996495,1,0,0,FLAT,0,A,0.0046911782819449004,1.0109571270793278,1.01569970719786,0,0,0,475.65999999996495,0.0046911782819449004,0.0047425801185319539,0,0
2019-04-18,-0.0048414283245355998,-493.149999999952,1,0,0,FLAT,0,A,-0.0048414283245355998,1.01569970719786,1.0107822698662097,0,0,0,-493.149999999952,-0.0048414283245355998,-0.0049174373316502344,0,0
2019-04-22,0,0,0,0,0,FLAT,0,A,0,1.0107822698662097,1.0107822698662097,0,0,0,0,0,0,0,0
2019-04-23,0.019624906998671501,1989.1300000000087,1,0,0,FLAT,0,A,0.019624906998671501,1.0107822698662097,1.0306187779082403,0,0,0,1989.1300000000087,0.019624906998671501,0.019836508042030444,0,0
2019-04-24,0,0,0,0,0,FLAT,0,A,0,1.0306187779082403,1.0306187779082403,0,0,0,0,0,0,0,0
2019-04-25,-0.010718348434501399,-1107.5999999999613,1,0,0,FLAT,0,A,-0.010718348434501399,1.0306187779082403,1.0195722467434798,0,0,0,-1107.5999999999613,-0.010718348434501399,-0.011046531164760533,0,0
2019-04-26,0.0008693076636542,88.859999999990691,2,0,0,FLAT,0,A,0.0008693076636542,1.0195722467434798,1.0204585687112229,0,0,0,88.859999999990691,0.0008693076636542,0.00088632196774323789,0,0
2019-04-29,-0.00067944997204979997,-69.500000000015802,1,0,0,FLAT,0,A,-0.00067944997204979997,1.0204585687112229,1.0197652181652339,0,0,0,-69.500000000015802,-0.00067944997204979997,-0.00069335054598881928,0,0
2019-04-30,-0.0050575588015935001,-516.93000000000632,2,0,0,FLAT,0,A,-0.0050575588015935001,1.0197652181652339,1.0146076956105434,0,0,0,-516.93000000000632,-0.0050575588015935001,-0.0051575225546904944,0,0
2019-05-01,0.017870737571842699,1816.9700000000032,1,0,0,FLAT,0,A,0.017870737571842699,1.0146076956105434,1.0327394834771715,0,0,0,1816.9700000000032,0.017870737571842699,0.018131787866628078,0,0
2019-05-02,-0.0134747546865902,-1394.3699999999394,4,0,1,ENTRY,0,A,-0.0134747546865902,1.0327394834771715,1.0188235722821608,0,0,0,-1394.3699999999394,-0.0134747546865902,-0.013915911195010759,0,0
2019-05-03,0.0051715794515560997,527.73999999991452,2,1,0,EXIT,0.010770975056689343,B,0.010770975056689343,1.0188235722821608,1.029797295566379,2,527.73999999991452,0.0051715794515560997,0,0,0,0.010973723284218286,0.0052689270511754038
2019-05-06,0,0,0,0,0,FLAT,0,A,0,1.029797295566379,1.029797295566379,0,0,0,0,0,0,0,0
2019-05-07,0.0034670354800902998,355.56,2,0,0,FLAT,0,A,0.0034670354800902998,1.029797295566379,1.0333676393274087,0,0,0,355.56,0.0034670354800902998,0.003570343761029673,0,0
2019-05-08,-0.0048999822801336001,-504.15999999997757,1,0,1,ENTRY,0,A,-0.0048999822801336001,1.0333676393274087,1.028304156205841,0,0,0,-504.15999999997757,-0.0048999822801336001,-0.005063483121567792,0,0
2019-05-09,-0.0019533429416161,-199.98000000000761,1,1,1,HOLD,-0.003268314731754807,B,-0.003268314731754807,1.028304156205841,1.0249433345833887,1,-199.98000000000761,-0.0019533429416161,0,0,0,-0.0033608216224522464,-0.0020086306653591792
2019-05-10,-0.0116314012471243,-1188.3870000000184,2,1,1,HOLD,0.0029301984860641153,B,0.0029301984860641153,1.0249433345833887,1.0279466219906865,2,-1188.3870000000184,-0.0116314012471243,0,0,0,0.0030032874072977518,-0.011921527180104965
2019-05-13,-0.013921207951766001,-1405.5800000000736,3,1,1,HOLD,-0.022294876699940871,B,-0.022294876699940871,1.0279466219906865,1.0050286787992835,3,-1405.5800000000736,-0.013921207951766001,0,0,0,-0.022917943191403084,-0.014310258688047745
2019-05-14,0.0063707969595339997,634.1399999999777,1,1,1,HOLD,0.0087869085734614012,B,0.0087869085734614012,1.0050286787992835,1.0138597739135995,1,634.1399999999777,0.0063707969595339997,0,0,0,0.0088310951143160087,0.0064028336511389485
2019-05-15,-0.0001545418903163,-15.479999999986102,2,1,1,HOLD,0.0053954931762880418,B,0.0053954931762880418,1.0138597739135995,1.0193300474054632,2,-15.479999999986102,-0.0001545418903163,0,0,0,0.0054702734918637627,-0.00015668380597626421
2019-05-16,0,0,1,1,0,EXIT,0.0085934759733426874,B,0.0085934759733426874,1.0193300474054632,1.0280896356767482,1,0,0,0,0,0,0.0087595882712851111,0
2019-05-17,0,0,0,0,0,FLAT,0,A,0,1.0280896356767482,1.0280896356767482,0,0,0,0,0,0,0,0
2019-05-20,0,0,0,0,0,FLAT,0,A,0,1.0280896356767482,1.0280896356767482,0,0,0,0,0,0,0,0
2019-05-21,0,0,0,0,0,FLAT,0,A,0,1.0280896356767482,1.0280896356767482,0,0,0,0,0,0,0,0
2019-05-22,0,0,0,0,0,FLAT,0,A,0,1.0280896356767482,1.0280896356767482,0,0,0,0,0,0,0,0
2019-05-23,-0.0043347201255385,-434.06000000000313,2,0,0,FLAT,0,A,-0.0043347201255385,1.0280896356767482,1.0236331548421227,0,0,0,-434.06000000000313,-0.0043347201255385,-0.0044564808346255445,0,0
2019-05-24,0,0,0,0,0,FLAT,0,A,0,1.0236331548421227,1.0236331548421227,0,0,0,0,0,0,0,0
2019-05-28,-0.0031461965778532002,-313.6500000000317,1,0,1,ENTRY,0,A,-0.0031461965778532002,1.0236331548421227,1.0204126037133814,0,0,0,-313.6500000000317,-0.0031461965778532002,-0.0032205511287413612,0,0
2019-05-29,-0.014264801648725,-1417.5399999999968,3,1,1,HOLD,-0.0071447661469933189,B,-0.0071447661469933189,1.0204126037133814,1.0131219942864047,3,-1417.5399999999968,-0.014264801648725,0,0,0,-0.0072906094269766762,-0.014555983391830412
2019-05-30,0.00044905081501090001,43.980000000001674,1,1,1,HOLD,0.0011485176943507285,B,0.0011485176943507285,1.0131219942864047,1.0142855828233786,1,43.980000000001674,0.00044905081501090001,0,0,0,0.0011635885369738336,0.00045494325723977844
2019-05-31,0,0,0,1,1,HOLD,-0.012135226213522622,B,-0.012135226213522622,1.0142855828233786,1.0019769978307023,0,0,0,0,0,0,-0.012308584992676334,0
2019-06-03,-0.0074864179501256999,-733.5099999999901,2,1,1,HOLD,-0.002957667253361398,B,-0.002957667253361398,1.0019769978307023,0.99901348327559703,2,-733.5099999999901,-0.0074864179501256999,0,0,0,-0.0029635145551052326,-0.0075012185821728286
2019-06-04,0.014345740354039301,1394.9099999999587,2,1,0,EXIT,0.021238261629176677,B,0.021238261629176677,0.99901348327559703,1.0202307930044792,2,1394.9099999999587,0.014345740354039301,0,0,0,0.02121730972888225,0.014331588041256099
2019-06-05,0,0,0,0,0,FLAT,0,A,0,1.0202307930044792,1.0202307930044792,0,0,0,0,0,0,0,0
2019-06-06,-0.0014317956632083999,-141.19999999999197,1,0,0,FLAT,0,A,-0.0014317956632083999,1.0202307930044792,1.0187700309795837,0,0,0,-141.19999999999197,-0.0014317956632083999,-0.00146076202489548,0,0
2019-06-07,0.0036152672410621998,356,1,0,0,FLAT,0,A,0.0036152672410621998,1.0187700309795837,1.02245315689876,0,0,0,356,0.0036152672410621998,0.0036831259191764114,0,0
2019-06-10,-0.0036097116462520001,-356.71999999998752,1,0,0,FLAT,0,A,-0.0036097116462520001,1.02245315689876,1.0187623958305554,0,0,0,-356.71999999998752,-0.0036097116462520001,-0.0036907610682045777,0,0
2019-06-11,0,0,0,0,0,FLAT,0,A,0,1.0187623958305554,1.0187623958305554,0,0,0,0,0,0,0,0
2019-06-12,0,0,0,0,0,FLAT,0,A,0,1.0187623958305554,1.0187623958305554,0,0,0,0,0,0,0,0
2019-06-13,0,0,0,0,0,FLAT,0,A,0,1.0187623958305554,1.0187623958305554,0,0,0,0,0,0,0,0
2019-06-14,-0.0010258907567415,-101.00999999999648,1,0,0,FLAT,0,A,-0.0010258907567415,1.0187623958305554,1.017717256905357,0,0,0,-101.00999999999648,-0.0010258907567415,-0.001045138925198392,0,0
2019-06-17,0,0,0,0,0,FLAT,0,A,0,1.017717256905357,1.017717256905357,0,0,0,0,0,0,0,0
2019-06-18,-0.0065532958199185998,-644.54500000001281,3,0,0,FLAT,0,A,-0.0065532958199185998,1.017717256905357,1.0110478546598201,0,0,0,-644.54500000001281,-0.0065532958199185998,-0.0066694022455368995,0,0
2019-06-19,0,0,0,0,0,FLAT,0,A,0,1.0110478546598201,1.0110478546598201,0,0,0,0,0,0,0,0
2019-06-20,0,0,0,0,0,FLAT,0,A,0,1.0110478546598201,1.0110478546598201,0,0,0,0,0,0,0,0
2019-06-21,0,0,0,0,0,FLAT,0,A,0,1.0110478546598201,1.0110478546598201,0,0,0,0,0,0,0,0
2019-06-24,0,0,0,0,0,FLAT,0,A,0,1.0110478546598201,1.0110478546598201,0,0,0,0,0,0,0,0
2019-06-25,0.0302933341675127,2959.4399999999646,1,0,1,ENTRY,0,A,0.0302933341675127,1.0110478546598201,1.0416758651803768,0,0,0,2959.4399999999646,0.0302933341675127,0.030628010520556741,0,0
2019-06-26,0,0,0,1,1,HOLD,-0.0012889477030951931,B,-0.0012889477030951931,1.0416758651803768,1.040333199466583,0,0,0,0,0,0,-0.0013426657137939448,0
2019-06-27,-0.00093637784507339999,-94.239999999981251,1,1,1,HOLD,0.0042848292951541854,B,0.0042848292951541854,1.040333199466583,1.0447908496363789,1,-94.239999999981251,-0.00093637784507339999,0,0,0,0.0044576501697958975,-0.00097414495947483457
2019-06-28,0,0,0,1,0,EXIT,0.0053974400712804788,B,0.0053974400712804788,1.0447908496363789,1.0504300456343134,0,0,0,0,0,0,0.0056391959979345688,0
2019-07-01,0,0,0,0,0,FLAT,0,A,0,1.0504300456343134,1.0504300456343134,0,0,0,0,0,0,0,0
2019-07-02,0,0,0,0,0,FLAT,0,A,0,1.0504300456343134,1.0504300456343134,0,0,0,0,0,0,0,0
2019-07-03,0.0125883415092804,1265.6400000000026,1,0,0,FLAT,0,A,0.0125883415092804,1.0504300456343134,1.0636532177803673,0,0,0,1265.6400000000026,0.0125883415092804,0.013223172146053733,0,0
2019-07-05,-0.0049717121455382001,-506.10999999994112,1,0,0,FLAT,0,A,-0.0049717121455382001,1.0636532177803673,1.0583650401588878,0,0,0,-506.10999999994112,-0.0049717121455382001,-0.0052881776214794398,0,0
2019-07-08,0,0,0,0,0,FLAT,0,A,0,1.0583650401588878,1.0583650401588878,0,0,0,0,0,0,0,0
2019-07-09,0,0,0,0,0,FLAT,0,A,0,1.0583650401588878,1.0583650401588878,0,0,0,0,0,0,0,0
2019-07-10,-0.014658249639280099,-1484.6400000000003,2,0,0,FLAT,0,A,-0.014658249639280099,1.0583650401588878,1.0428512611907521,0,0,0,-1484.6400000000003,-0.014658249639280099,-0.015513778968135685,0,0
2019-07-11,0,0,0,0,0,FLAT,0,A,0,1.0428512611907521,1.0428512611907521,0,0,0,0,0,0,0,0
2019-07-12,0,0,0,0,0,FLAT,0,A,0,1.0428512611907521,1.0428512611907521,0,0,0,0,0,0,0,0
2019-07-15,0,0,0,0,0,FLAT,0,A,0,1.0428512611907521,1.0428512611907521,0,0,0,0,0,0,0,0
2019-07-16,-0.0017353777785936999,-173.15999999999394,2,0,0,FLAT,0,A,-0.0017353777785936999,1.0428512611907521,1.0410415202857033,0,0,0,-173.15999999999394,-0.0017353777785936999,-0.0018097409050488458,0,0
2019-07-17,0.016718459752100501,1665,1,0,1,ENTRY,0,A,0.016718459752100501,1.0410415202857033,1.0584461310428652,0,0,0,1665,0.016718459752100501,0.017404610757162049,0,0
2019-07-18,-0.00053532878619949999,-54.200000000027728,1,1,1,HOLD,0.0030375243337584751,B,0.0030375243337584751,1.0584461310428652,1.0616611869218804,1,-54.200000000027728,-0.00053532878619949999,0,0,0,0.0032150558790152149,-0.00056661668258873395
2019-07-19,0.011408098662906501,1154.3000000000309,1,1,1,HOLD,-0.0054041392695209894,B,-0.0054041392695209894,1.0616611869218804,1.0559238220107097,1,1154.3000000000309,0.011408098662906501,0,0,0,-0.0057373649111707968,0.012111535566983233
2019-07-22,-0.0046962052619021,-480.55000000003122,1,1,0,EXIT,0.0022373246307573259,B,0.0022373246307573259,1.0559238220107097,1.0582862663858978,1,-480.55000000003122,-0.0046962052619021,0,0,0,0.0023624443751879753,-0.0049588350090944708
2019-07-23,0,0,0,0,0,FLAT,0,A,0,1.0582862663858978,1.0582862663858978,0,0,0,0,0,0,0,0
2019-07-24,0.0065101004704197999,662.97000000001231,1,0,0,FLAT,0,A,0.0065101004704197999,1.0582862663858978,1.0651758163065355,0,0,0,662.97000000001231,0.0065101004704197999,0.0068895499206376469,0,0
2019-07-25,0.00048726402198109999,49.94000000002768,2,0,0,FLAT,0,A,0.00048726402198109999,1.0651758163065355,1.065694838158906,0,0,0,49.94000000002768,0.00048726402198109999,0.00051902185237052382,0,0
2019-07-26,0.0066327535926285,680,1,0,0,FLAT,0,A,0.0066327535926285,1.065694838158906,1.07276332942535,0,0,0,680,0.0066327535926285,0.0070684912664441312,0,0
2019-07-29,-0.0051150766014299003,-527.83499999998753,1,0,0,FLAT,0,A,-0.0051150766014299003,1.07276332942535,1.0672760628201345,0,0,0,-527.83499999998753,-0.0051150766014299003,-0.0054872666052156443,0,0
2019-07-30,0,0,0,0,0,FLAT,0,A,0,1.0672760628201345,1.0672760628201345,0,0,0,0,0,0,0,0
2019-07-31,-0.0010762306921527,-110.47999999997802,1,0,1,ENTRY,0,A,-0.0010762306921527,1.0672760628201345,1.0661274275643275,0,0,0,-110.47999999997802,-0.0010762306921527,-0.0011486352558069219,0,0
2019-08-01,0.018057252654971899,1851.4900000000112,2,1,1,HOLD,-0.0097093902234167643,B,-0.0097093902234167643,1.0661274275643275,1.055775980342218,2,1851.4900000000112,0.018057252654971899,0,0,0,-0.010351447222109546,0.019251332321924313
2019-08-02,-0.0087650904498794997,-914.80000000003395,2,1,1,HOLD,-0.007158366128375628,B,-0.007158366128375628,1.055775980342218,1.0482183493253836,2,-914.80000000003395,-0.0087650904498794997,0,0,0,-0.0075576310168343061,-0.0092539719625097418
2019-08-05,0.037798919874242401,3909.7799999999752,1,1,1,HOLD,-0.028259012472236458,B,-0.028259012472236458,1.0482183493253836,1.0185967339181705,1,3909.7799999999752,0.037798919874242401,0,0,0,-0.029621615407213128,0.039621521396860808
2019-08-06,-0.0027025027021533002,-290.08000000000362,1,1,1,HOLD,0.01195583374358253,B,0.01195583374358253,1.0185967339181705,1.0307749071206525,1,-290.08000000000362,-0.0027025027021533002,0,0,0,0.012178173202481818,-0.0027527604258183818
2019-08-07,-0.010224026602648,-1094.3999999999869,1,1,1,HOLD,0.0023281673500590728,B,0.0023281673500590728,1.0307749071206525,1.0331747236046709,1,-1094.3999999999869,-0.010224026602648,0,0,0,0.0023998164840184763,-0.010538670071743571
2019-08-08,0.0185005956295081,1960.000000000008,1,1,0,EXIT,0.016345987172820247,B,0.016345987172820247,1.0331747236046709,1.0500629843839948,1,1960.000000000008,0.0185005956295081,0,0,0,0.016888260779324055,0.019114347776038813
2019-08-09,-0.0061342864465936996,-661.87500000001614,1,0,0,FLAT,0,A,-0.0061342864465936996,1.0500629843839948,1.0436215972508183,0,0,0,-661.87500000001614,-0.0061342864465936996,-0.0064413871331764714,0,0
2019-08-12,0.0015154145402485001,162.49999999999432,1,0,0,FLAT,0,A,0.0015154145402485001,1.0436215972508183,1.0452031165938096,0,0,0,162.49999999999432,0.0015154145402485001,0.0015815193429912541,0,0
2019-08-13,-0.0015437261982104999,-165.77999999998883,1,0,0,FLAT,0,A,-0.0015437261982104999,1.0452031165938096,1.0435896091602725,0,0,0,-165.77999999998883,-0.0015437261982104999,-0.0016135074335371276,0,0
2019-08-14,0.0135773895910959,1455.7600000000109,1,0,0,FLAT,0,A,0.0135773895910959,1.0435896091602725,1.0577588318570612,0,0,0,1455.7600000000109,0.0135773895910959,0.014169222696788523,0,0
2019-08-15,0,0,0,0,0,FLAT,0,A,0,1.0577588318570612,1.0577588318570612,0,0,0,0,0,0,0,0
2019-08-16,0.0046113463321239001,501.11999999998926,1,0,0,FLAT,0,A,0.0046113463321239001,1.0577588318570612,1.0626365241666171,0,0,0,501.11999999998926,0.0046113463321239001,0.0048776923095557208,0,0
2019-08-19,0,0,0,0,0,FLAT,0,A,0,1.0626365241666171,1.0626365241666171,0,0,0,0,0,0,0,0
2019-08-20,-0.0010854774665915001,-118.5,1,0,0,FLAT,0,A,-0.0010854774665915001,1.0626365241666171,1.0614830561644573,0,0,0,-118.5,-0.0010854774665915001,-0.001153468002159977,0,0
2019-08-21,0,0,0,0,0,FLAT,0,A,0,1.0614830561644573,1.0614830561644573,0,0,0,0,0,0,0,0
2019-08-22,-0.0023086432549727998,-251.74999999998704,1,0,0,FLAT,0,A,-0.0023086432549727998,1.0614830561644573,1.0590324704665752,0,0,0,-251.74999999998704,-0.0023086432549727998,-0.0024505856978819878,0,0
2019-08-23,0.0142218627502094,1547.2199999999905,1,0,0,FLAT,0,A,0.0142218627502094,1.0590324704665752,1.074093884909566,0,0,0,1547.2199999999905,0.0142218627502094,0.015061414442990823,0,0
2019-08-26,0,0,0,0,0,FLAT,0,A,0,1.074093884909566,1.074093884909566,0,0,0,0,0,0,0,0
2019-08-27,0,0,0,0,0,FLAT,0,A,0,1.074093884909566,1.074093884909566,0,0,0,0,0,0,0,0
2019-08-28,-0.0021686582800878999,-239.279999999956,2,0,0,FLAT,0,A,-0.0021686582800878999,1.074093884909566,1.0717645423124651,0,0,0,-239.279999999956,-0.0021686582800878999,-0.0023293425971009103,0,0
2019-08-29,0,0,0,0,0,FLAT,0,A,0,1.0717645423124651,1.0717645423124651,0,0,0,0,0,0,0,0
2019-08-30,0,0,0,0,0,FLAT,0,A,0,1.0717645423124651,1.0717645423124651,0,0,0,0,0,0,0,0
2019-09-03,0,0,0,0,0,FLAT,0,A,0,1.0717645423124651,1.0717645423124651,0,0,0,0,0,0,0,0
2019-09-04,0,0,0,0,0,FLAT,0,A,0,1.0717645423124651,1.0717645423124651,0,0,0,0,0,0,0,0
2019-09-05,-0.0020132785366225002,-221.6400000000275,2,0,0,FLAT,0,A,-0.0020132785366225002,1.0717645423124651,1.0696067817631143,0,0,0,-221.6400000000275,-0.0020132785366225002,-0.0021577605493507232,0,0
2019-09-06,0,0,0,0,0,FLAT,0,A,0,1.0696067817631143,1.0696067817631143,0,0,0,0,0,0,0,0
2019-09-09,0,0,0,0,0,FLAT,0,A,0,1.0696067817631143,1.0696067817631143,0,0,0,0,0,0,0,0
2019-09-10,-0.0020531953084100001,-225.55999999995521,2,0,0,FLAT,0,A,-0.0020531953084100001,1.0696067817631143,1.0674106701369548,0,0,0,-225.55999999995521,-0.0020531953084100001,-0.0021961116261595449,0,0
2019-09-11,-0.0013099487294641,-143.59999999999184,1,0,0,FLAT,0,A,-0.0013099487294641,1.0674106701369548,1.0660124168857925,0,0,0,-143.59999999999184,-0.0013099487294641,-0.0013982532511623276,0,0
2019-09-12,0,0,0,0,0,FLAT,0,A,0,1.0660124168857925,1.0660124168857925,0,0,0,0,0,0,0,0
2019-09-13,0,0,0,0,0,FLAT,0,A,0,1.0660124168857925,1.0660124168857925,0,0,0,0,0,0,0,0
2019-09-16,0,0,0,0,0,FLAT,0,A,0,1.0660124168857925,1.0660124168857925,0,0,0,0,0,0,0,0
2019-09-17,0,0,0,0,0,FLAT,0,A,0,1.0660124168857925,1.0660124168857925,0,0,0,0,0,0,0,0
2019-09-18,-0.017131193315014399,-1875.4199999999887,1,0,0,FLAT,0,A,-0.017131193315014399,1.0660124168857925,1.0477503520959162,0,0,0,-1875.4199999999887,-0.017131193315014399,-0.018262064789876232,0,0
2019-09-19,-0.0031646101704123999,-340.47999999996682,1,0,0,FLAT,0,A,-0.0031646101704123999,1.0477503520959162,1.0444346306756203,0,0,0,-340.47999999996682,-0.0031646101704123999,-0.0033157214202959094,0,0
2019-09-20,0.0042865183900625999,459.68999999997777,1,0,0,FLAT,0,A,0.0042865183900625999,1.0444346306756203,1.0489116189272296,0,0,0,459.68999999997777,0.0042865183900625999,0.0044769882516092858,0,0
2019-09-23,-0.0074358242872666997,-800.77000000001919,2,0,1,ENTRY,0,A,-0.0074358242872666997,1.0489116189272296,1.0411120964360143,0,0,0,-800.77000000001919,-0.0074358242872666997,-0.0077995224912153277,0,0
2019-09-24,0.019664031346874399,2101.5600000000318,1,1,1,HOLD,-0.0081799591002044997,B,-0.0081799591002044997,1.0411120964360143,1.0325958420684396,1,2101.5600000000318,0.019664031346874399,0,0,0,-0.0085162543675747597,0.020472460899927908
2019-09-25,-0.0060914871410986003,-663.76499999993257,4,1,0,EXIT,0.0064559743113064049,B,0.0064559743113064049,1.0325958420684396,1.0392622542987953,4,-663.76499999993257,-0.0060914871410986003,0,0,0,0.0066664122303556513,-0.006290044293911781
2019-09-26,-0.0001061276262576,-11.490000000076408,2,0,0,FLAT,0,A,-0.0001061276262576,1.0392622542987953,1.0391519598626875,0,0,0,-11.490000000076408,-0.0001061276262576,-0.00011029443610785339,0,0
2019-09-27,0.0074343620621635997,804.6500000000168,1,0,0,FLAT,0,A,0.0074343620621635997,1.0391519598626875,1.0468773917699135,0,0,0,804.6500000000168,0.0074343620621635997,0.0077254319072261159,0,0
2019-09-30,0.0034908364945839998,380.59999999998672,2,0,0,FLAT,0,A,0.0034908364945839998,1.0468773917699135,1.0505318695744588,0,0,0,380.59999999998672,0.0034908364945839998,0.0036544778045453255,0,0
2019-10-01,0.038116945115099901,4169.5499999999502,1,0,0,FLAT,0,A,0.038116945115099901,1.0505318695744588,1.0905749351886918,0,0,0,4169.5499999999502,0.038116945115099901,0.040043065614232931,0,0
2019-10-02,0.0169660026301197,1926.4499999999521,1,0,0,FLAT,0,A,0.0169660026301197,1.0905749351886918,1.1090776324074458,0,0,0,1926.4499999999521,0.0169660026301197,0.018502697218753965,0,0
2019-10-03,-0.0144453523647222,-1667.9200000000294,3,0,0,FLAT,0,A,-0.0144453523647222,1.1090776324074458,1.0930566152074883,0,0,0,-1667.9200000000294,-0.0144453523647222,-0.016021017199957396,0,0
2019-10-04,0.017215038693141602,1958.5800000000145,1,0,0,FLAT,0,A,0.017215038693141602,1.0930566152074883,1.1118736271320795,0,0,0,1958.5800000000145,0.017215038693141602,0.018817011924591301,0,0
2019-10-07,0,0,0,0,0,FLAT,0,A,0,1.1118736271320795,1.1118736271320795,0,0,0,0,0,0,0,0
2019-10-08,-0.0090573442035524997,-1048.1400000000574,2,0,0,FLAT,0,A,-0.0090573442035524997,1.1118736271320795,1.1018030049802918,0,0,0,-1048.1400000000574,-0.0090573442035524997,-0.010070622151787634,0,0
2019-10-09,0,0,0,0,0,FLAT,0,A,0,1.1018030049802918,1.1018030049802918,0,0,0,0,0,0,0,0
2019-10-10,-0.0055615044711637002,-637.68999999998255,3,0,0,FLAT,0,A,-0.0055615044711637002,1.1018030049802918,1.0956753226417524,0,0,0,-637.68999999998255,-0.0055615044711637002,-0.0061276823385394939,0,0
2019-10-11,0.0019158475078011,218.42000000002304,2,0,0,FLAT,0,A,0.0019158475078011,1.0956753226417524,1.0977744694779947,0,0,0,218.42000000002304,0.0019158475078011,0.0020991468362423675,0,0
2019-10-14,0,0,0,0,0,FLAT,0,A,0,1.0977744694779947,1.0977744694779947,0,0,0,0,0,0,0,0
2019-10-15,0.0033647656256723,384.30499999999648,1,0,0,FLAT,0,A,0.0033647656256723,1.0977744694779947,1.1014682232776349,0,0,0,384.30499999999648,0.0033647656256723,0.0036937537996402023,0,0
2019-10-16,0,0,0,0,0,FLAT,0,A,0,1.1014682232776349,1.1014682232776349,0,0,0,0,0,0,0,0
2019-10-17,0,0,0,0,0,FLAT,0,A,0,1.1014682232776349,1.1014682232776349,0,0,0,0,0,0,0,0
2019-10-18,0,0,0,0,0,FLAT,0,A,0,1.1014682232776349,1.1014682232776349,0,0,0,0,0,0,0,0
2019-10-21,0,0,0,0,0,FLAT,0,A,0,1.1014682232776349,1.1014682232776349,0,0,0,0,0,0,0,0
2019-10-22,0,0,0,0,0,FLAT,0,A,0,1.1014682232776349,1.1014682232776349,0,0,0,0,0,0,0,0
2019-10-23,0,0,0,0,0,FLAT,0,A,0,1.1014682232776349,1.1014682232776349,0,0,0,0,0,0,0,0
2019-10-24,0,0,0,0,0,FLAT,0,A,0,1.1014682232776349,1.1014682232776349,0,0,0,0,0,0,0,0
2019-10-25,0.0024095613614843999,276.11999999999034,1,0,0,FLAT,0,A,0.0024095613614843999,1.1014682232776349,1.1041222785493474,0,0,0,276.11999999999034,0.0024095613614843999,0.0026540552717126608,0,0
2019-10-28,0,0,0,0,0,FLAT,0,A,0,1.1041222785493474,1.1041222785493474,0,0,0,0,0,0,0,0
2019-10-29,0,0,0,0,0,FLAT,0,A,0,1.1041222785493474,1.1041222785493474,0,0,0,0,0,0,0,0
2019-10-30,0,0,0,0,0,FLAT,0,A,0,1.1041222785493474,1.1041222785493474,0,0,0,0,0,0,0,0
2019-10-31,-0.0017146639515048,-196.94999999999311,1,0,0,FLAT,0,A,-0.0017146639515048,1.1041222785493474,1.1022290798802656,0,0,0,-196.94999999999311,-0.0017146639515048,-0.0018931986690819075,0,0
2019-11-01,0.0060138885659379001,689.51999999996929,2,0,0,FLAT,0,A,0.0060138885659379001,1.1022290798802656,1.1088577627408018,0,0,0,689.51999999996929,0.0060138885659379001,0.0066286828605361817,0,0
2019-11-04,0,0,0,0,0,FLAT,0,A,0,1.1088577627408018,1.1088577627408018,0,0,0,0,0,0,0,0
2019-11-05,0,0,0,0,0,FLAT,0,A,0,1.1088577627408018,1.1088577627408018,0,0,0,0,0,0,0,0
2019-11-06,0,0,0,0,0,FLAT,0,A,0,1.1088577627408018,1.1088577627408018,0,0,0,0,0,0,0,0
2019-11-07,-0.000905629260198,-104.43999999998982,1,0,0,FLAT,0,A,-0.000905629260198,1.1088577627408018,1.1078535487054662,0,0,0,-104.43999999998982,-0.000905629260198,-0.0010042140353357617,0,0
2019-11-08,-0.010155523157218901,-1170.0000000000443,1,0,0,FLAT,0,A,-0.010155523157218901,1.1078535487054662,1.0966027163367806,0,0,0,-1170.0000000000443,-0.010155523157218901,-0.011250832368685499,0,0
2019-11-11,0,0,0,0,0,FLAT,0,A,0,1.0966027163367806,1.0966027163367806,0,0,0,0,0,0,0,0
2019-11-12,-0.0021960444802273001,-250.41000000002344,1,0,0,FLAT,0,A,-0.0021960444802273001,1.0966027163367806,1.0941945279945671,0,0,0,-250.41000000002344,-0.0021960444802273001,-0.002408188342213651,0,0
2019-11-13,0,0,0,0,0,FLAT,0,A,0,1.0941945279945671,1.0941945279945671,0,0,0,0,0,0,0,0
2019-11-14,0,0,0,0,0,FLAT,0,A,0,1.0941945279945671,1.0941945279945671,0,0,0,0,0,0,0,0
2019-11-15,0,0,0,0,0,FLAT,0,A,0,1.0941945279945671,1.0941945279945671,0,0,0,0,0,0,0,0
2019-11-18,0,0,0,0,0,FLAT,0,A,0,1.0941945279945671,1.0941945279945671,0,0,0,0,0,0,0,0
2019-11-19,-0.0061641763609816,-701.28000000002658,1,0,0,FLAT,0,A,-0.0061641763609816,1.0941945279945671,1.0874497199507875,0,0,0,-701.28000000002658,-0.0061641763609816,-0.0067448080437795301,0,0
2019-11-20,-0.012853861877435001,-1453.1999999999998,2,0,0,FLAT,0,A,-0.012853861877435001,1.0874497199507875,1.0734717914518848,0,0,0,-1453.1999999999998,-0.012853861877435001,-0.013977928498902796,0,0
2019-11-21,0,0,1,0,1,ENTRY,0,A,0,1.0734717914518848,1.0734717914518848,0,0,0,0,0,0,0,0
2019-11-22,0,0,0,1,1,HOLD,0.0023208587177255585,B,0.0023208587177255585,1.0734717914518848,1.0759631678173083,0,0,0,0,0,0,0.0024913763654235794,0
2019-11-25,0.0081855739745216004,913.2800000000617,1,1,0,EXIT,0.0073645280591735007,B,0.0073645280591735007,1.0759631678173083,1.0838871287573359,1,913.2800000000617,0.0081855739745216004,0,0,0,0.0079239609400277734,0.0088073761040291763
2019-11-26,-0.00076390182631039998,-85.920000000003242,1,0,0,FLAT,0,A,-0.00076390182631039998,1.0838871287573359,1.0830591454001639,0,0,0,-85.920000000003242,-0.00076390182631039998,-0.00082798335717206462,0,0
2019-11-27,0.0020288444373029999,228.00000000003564,1,0,0,FLAT,0,A,0.0020288444373029999,1.0830591454001639,1.085256503922579,0,0,0,228.00000000003564,0.0020288444373029999,0.0021973585224152633,0,0
2019-11-29,0,0,0,0,0,FLAT,0,A,0,1.085256503922579,1.085256503922579,0,0,0,0,0,0,0,0
2019-12-02,0.0119261331627164,1342.8499999999278,2,0,0,FLAT,0,A,0.0119261331627164,1.085256503922579,1.0981994175040637,0,0,0,1342.8499999999278,0.0119261331627164,0.01294291358148473,0,0
2019-12-03,-0.0063658751451744003,-725.20000000001346,1,0,1,ENTRY,0,A,-0.0063658751451744003,1.0981994175040637,1.0912084171277296,0,0,0,-725.20000000001346,-0.0063658751451744003,-0.0069910003763341234,0,0
2019-12-04,-0.0020525803732493,-232.31999999995372,1,1,1,HOLD,0.0066229444641876392,B,0.0066229444641876392,1.0912084171277296,1.0984354298732206,1,-232.31999999995372,-0.0020525803732493,0,0,0,0.0072270127454910531,-0.0022397929801208131
2019-12-05,0,0,0,1,0,EXIT,0.00096283458501829388,B,0.00096283458501829388,1.0984354298732206,1.0994930414945121,0,0,0,0,0,0,0.0010576116212913736,0
2019-12-06,-0.002764607827754,-312.24000000003878,2,0,0,FLAT,0,A,-0.002764607827754,1.0994930414945121,1.0964533744254352,0,0,0,-312.24000000003878,-0.002764607827754,-0.0030396670690767819,0,0
2019-12-09,0,0,0,0,0,FLAT,0,A,0,1.0964533744254352,1.0964533744254352,0,0,0,0,0,0,0,0
2019-12-10,0,0,0,0,0,FLAT,0,A,0,1.0964533744254352,1.0964533744254352,0,0,0,0,0,0,0,0
2019-12-11,0,0,0,0,0,FLAT,0,A,0,1.0964533744254352,1.0964533744254352,0,0,0,0,0,0,0,0
2019-12-12,0.0016191403235234999,182.33100000002676,4,0,0,FLAT,0,A,0.0016191403235234999,1.0964533744254352,1.0982286862968309,0,0,0,182.33100000002676,0.0016191403235234999,0.0017753118713956324,0,0
2019-12-13,0,0,0,0,0,FLAT,0,A,0,1.0982286862968309,1.0982286862968309,0,0,0,0,0,0,0,0
2019-12-16,-0.0052578931165976001,-592.84999999996273,2,0,0,FLAT,0,A,-0.0052578931165976001,1.0982286862968309,1.0924543172467007,0,0,0,-592.84999999996273,-0.0052578931165976001,-0.0057743690501301324,0,0
2019-12-17,0,0,0,0,0,FLAT,0,A,0,1.0924543172467007,1.0924543172467007,0,0,0,0,0,0,0,0
2019-12-18,0,0,0,0,0,FLAT,0,A,0,1.0924543172467007,1.0924543172467007,0,0,0,0,0,0,0,0
2019-12-19,0.0038809110494424002,435.22000000004073,2,0,0,FLAT,0,A,0.0038809110494424002,1.0924543172467007,1.0966940352775145,0,0,0,435.22000000004073,0.0038809110494424002,0.0042397180308137742,0,0
2019-12-20,0,0,0,0,0,FLAT,0,A,0,1.0966940352775145,1.0966940352775145,0,0,0,0,0,0,0,0
2019-12-23,0,0,0,0,0,FLAT,0,A,0,1.0966940352775145,1.0966940352775145,0,0,0,0,0,0,0,0
2019-12-24,0,0,0,0,0,FLAT,0,A,0,1.0966940352775145,1.0966940352775145,0,0,0,0,0,0,0,0
2019-12-26,-0.0047085553491213001,-529.99999999999363,2,0,0,FLAT,0,A,-0.0047085553491213001,1.0966940352775145,1.0915301907113593,0,0,0,-529.99999999999363,-0.0047085553491213001,-0.0051638445661553647,0,0
2019-12-27,0,0,0,0,0,FLAT,0,A,0,1.0915301907113593,1.0915301907113593,0,0,0,0,0,0,0,0
2019-12-30,0.0054470276582546003,610.12999999991769,3,0,0,FLAT,0,A,0.0054470276582546003,1.0915301907113593,1.097475785849984,0,0,0,610.12999999991769,0.0054470276582546003,0.0059455951386246922,0,0
2019-12-31,0,0,0,0,0,FLAT,0,A,0,1.097475785849984,1.097475785849984,0,0,0,0,0,0,0,0
2020-01-02,0,0,0,0,0,FLAT,0,A,0,1.097475785849984,1.097475785849984,0,0,0,0,0,0,0,0
2020-01-03,0,0,0,0,0,FLAT,0,A,0,1.097475785849984,1.097475785849984,0,0,0,0,0,0,0,0
2020-01-06,0,0,0,0,0,FLAT,0,A,0,1.097475785849984,1.097475785849984,0,0,0,0,0,0,0,0
2020-01-07,0,0,0,0,0,FLAT,0,A,0,1.097475785849984,1.097475785849984,0,0,0,0,0,0,0,0
2020-01-08,-9.4766535401491202e-05,-10.669999999993934,2,0,0,FLAT,0,A,-9.4766535401491202e-05,1.097475785849984,1.0973717818720718,0,0,0,-10.669999999993934,-9.4766535401491202e-05,-0.00010400397791203188,0,0
2020-01-09,0,0,0,0,0,FLAT,0,A,0,1.0973717818720718,1.0973717818720718,0,0,0,0,0,0,0,0
2020-01-10,0,0,0,0,0,FLAT,0,A,0,1.0973717818720718,1.0973717818720718,0,0,0,0,0,0,0,0
2020-01-13,0.0010993900681622001,123.7499999999656,2,0,0,FLAT,0,A,0.0010993900681622001,1.0973717818720718,1.0985782215101434,0,0,0,123.7499999999656,0.0010993900681622001,0.0012064396380716119,0,0
2020-01-14,0,0,0,0,0,FLAT,0,A,0,1.0985782215101434,1.0985782215101434,0,0,0,0,0,0,0,0
2020-01-15,-0.0113823122909002,-1282.4099999999971,2,0,0,FLAT,0,A,-0.0113823122909002,1.0985782215101434,1.0860738611169332,0,0,0,-1282.4099999999971,-0.0113823122909002,-0.012504360393210187,0,0
2020-01-16,0,0,0,0,0,FLAT,0,A,0,1.0860738611169332,1.0860738611169332,0,0,0,0,0,0,0,0
2020-01-17,0,0,0,0,0,FLAT,0,A,0,1.0860738611169332,1.0860738611169332,0,0,0,0,0,0,0,0
2020-01-21,0,0,0,0,0,FLAT,0,A,0,1.0860738611169332,1.0860738611169332,0,0,0,0,0,0,0,0
2020-01-22,0,0,0,0,0,FLAT,0,A,0,1.0860738611169332,1.0860738611169332,0,0,0,0,0,0,0,0
2020-01-23,-0.0044852344868468001,-499.50000000000608,1,0,0,FLAT,0,A,-0.0044852344868468001,1.0860738611169332,1.0812025651797887,0,0,0,-499.50000000000608,-0.0044852344868468001,-0.0048712959371445307,0,0
2020-01-24,0.0282641161252975,3133.2599999999666,1,0,0,FLAT,0,A,0.0282641161252975,1.0812025651797887,1.1117618000369998,0,0,0,3133.2599999999666,0.0282641161252975,0.030559234857211088,0,0
2020-01-27,0,0,0,0,1,ENTRY,0,A,0,1.1117618000369998,1.1117618000369998,0,0,0,0,0,0,0,0
2020-01-28,0.0055799090706437002,635.99999999996396,1,1,1,HOLD,0.010470719051149,B,0.010470719051149,1.1117618000369998,1.1234027454969868,1,635.99999999996396,0.0055799090706437002,0,0,0,0.011640945459987118,0.0062035297524216226
2020-01-29,0,0,0,1,1,HOLD,-0.0012226807274950328,B,-0.0012226807274950328,1.1234027454969868,1.1220291826108526,0,0,0,0,0,0,-0.001373562886134173,0
2020-01-30,0,0,0,1,0,EXIT,0.0027850038255547056,B,0.0027850038255547056,1.1220291826108526,1.1251540381768079,0,0,0,0,0,0,0.0031248555659552438,0
2020-01-31,0.036828543171486698,4220.8799999999737,1,0,0,FLAT,0,A,0.036828543171486698,1.1251540381768079,1.1665918222463751,0,0,0,4220.8799999999737,0.036828543171486698,0.041437784069567163,0,0
2020-02-03,-0.0089318034379117991,-1061.2999999999745,3,0,0,FLAT,0,A,-0.0089318034379117991,1.1665918222463751,1.1561720533977953,0,0,0,-1061.2999999999745,-0.0089318034379117991,-0.010419768848579964,0,0
2020-02-04,0.00039658388358469998,46.694999999957531,1,0,0,FLAT,0,A,0.00039658388358469998,1.1561720533977953,1.1566305726008239,0,0,0,46.694999999957531,0.00039658388358469998,0.00045851920302859476,0,0
2020-02-05,0,0,0,0,0,FLAT,0,A,0,1.1566305726008239,1.1566305726008239,0,0,0,0,0,0,0,0
2020-02-06,0,0,0,0,0,FLAT,0,A,0,1.1566305726008239,1.1566305726008239,0,0,0,0,0,0,0,0
2020-02-07,0,0,0,0,0,FLAT,0,A,0,1.1566305726008239,1.1566305726008239,0,0,0,0,0,0,0,0
2020-02-10,0.0040312840273840998,474.82000000001801,2,0,0,FLAT,0,A,0.0040312840273840998,1.1566305726008239,1.1612932789537338,0,0,0,474.82000000001801,0.0040312840273840998,0.0046627063529098272,0,0
2020-02-11,0,0,0,0,0,FLAT,0,A,0,1.1612932789537338,1.1612932789537338,0,0,0,0,0,0,0,0
2020-02-12,0,0,0,0,0,FLAT,0,A,0,1.1612932789537338,1.1612932789537338,0,0,0,0,0,0,0,0
2020-02-13,0,0,0,0,0,FLAT,0,A,0,1.1612932789537338,1.1612932789537338,0,0,0,0,0,0,0,0
2020-02-14,0,0,0,0,0,FLAT,0,A,0,1.1612932789537338,1.1612932789537338,0,0,0,0,0,0,0,0
2020-02-18,-0.0051637002057478001,-610.5999999999824,1,0,0,FLAT,0,A,-0.0051637002057478001,1.1612932789537338,1.155296708610267,0,0,0,-610.5999999999824,-0.0051637002057478001,-0.0059965703434669325,0,0
2020-02-19,-0.0019822001032060999,-233.16999999993519,2,0,0,FLAT,0,A,-0.0019822001032060999,1.155296708610267,1.153006679355226,0,0,0,-233.16999999993519,-0.0019822001032060999,-0.0022900292550409387,0,0
2020-02-20,-0.0066728196089133997,-783.30000000002974,2,0,0,FLAT,0,A,-0.0066728196089133997,1.153006679355226,1.1453128737760163,0,0,0,-783.30000000002974,-0.0066728196089133997,-0.0076938055792096774,0,0
2020-02-21,0.00094149483992720003,109.76999999999612,2,0,0,FLAT,0,A,0.00094149483992720003,1.1453128737760163,1.1463911799367785,0,0,0,109.76999999999612,0.00094149483992720003,0.0010783061607623119,0,0
2020-02-24,-0.0024295337516482998,-283.4999999999809,1,0,1,ENTRY,0,A,-0.0024295337516482998,1.1463911799367785,1.1436059838725301,0,0,0,-283.4999999999809,-0.0024295337516482998,-0.0027851960642483226,0,0
2020-02-25,0.042351168195839999,4929.6000000000204,1,1,1,HOLD,-0.030225997457916112,B,-0.030225997457916112,1.1436059838725301,1.1090393523111413,1,4929.6000000000204,0.042351168195839999,0,0,0,-0.034566631561388748,0.048433049372754604
2020-02-26,-0.0040115909013392001,-486.69999999999584,2,1,1,HOLD,-0.0030049229588900964,B,-0.0030049229588900964,1.1090393523111413,1.105706774499069,2,-486.69999999999584,-0.0040115909013392001,0,0,0,-0.0033325778120723505,-0.0044490121749584935
2020-02-27,0.0089842204712062002,1085.5500000000077,2,1,1,HOLD,-0.042195716301141467,B,-0.042195716301141467,1.105706774499069,1.0590506851300561,2,1085.5500000000077,0.0089842204712062002,0,0,0,-0.046656089369012915,0.0099339134386059128
2020-02-28,-0.0088637742875240996,-1080.5399999999963,1,1,1,HOLD,-0.019181842528119979,B,-0.019181842528119979,1.0590506851300561,1.0387361416585938,1,-1080.5399999999963,-0.0088637742875240996,0,0,0,-0.020314543471462311,-0.009387186232040573
2020-03-02,0.040518209311749799,4895.4499999999844,1,1,0,EXIT,0.052288474009351854,B,0.052288474009351854,1.0387361416585938,1.0930500694042837,1,4895.4499999999844,0.040518209311749799,0,0,0,0.054313927745689813,0.042087728407402297
2020-03-03,-0.020755139822222098,-2609.1899999999878,3,0,0,FLAT,0,A,-0.020755139822222098,1.0930500694042837,1.0703636623811081,0,0,0,-2609.1899999999878,-0.020755139822222098,-0.022686407023175478,0,0
2020-03-04,0.011742078638099699,1445.4000000000133,1,0,0,FLAT,0,A,0.011742078638099699,1.0703636623811081,1.0829319566761515,0,0,0,1445.4000000000133,0.011742078638099699,0.012568294295043369,0,0
2020-03-05,-0.0019370701598638001,-241.24000000000296,1,0,0,FLAT,0,A,-0.0019370701598638001,1.0829319566761515,1.0808342414977112,0,0,0,-241.24000000000296,-0.0019370701598638001,-0.0020977151784402908,0,0
2020-03-06,0,0,0,0,0,FLAT,0,A,0,1.0808342414977112,1.0808342414977112,0,0,0,0,0,0,0,0
2020-03-09,0,0,0,0,1,ENTRY,0,A,0,1.0808342414977112,1.0808342414977112,0,0,0,0,0,0,0,0
2020-03-10,0,0,0,1,1,HOLD,0.042248160365389496,B,0.042248160365389496,1.0808342414977112,1.1264974998609107,0,0,0,0,0,0,0.04566325836319942,0
2020-03-11,0.0029781550073483,370.16999999998814,2,1,1,HOLD,-0.042761499000086946,B,-0.042761499000086946,1.1264974998609107,1.0783267781470078,2,370.16999999998814,0.0029781550073483,0,0,0,-0.048170721713902777,0.0033548841699761124
2020-03-12,-0.0045159791557604001,-562.96999999999798,2,1,1,HOLD,-0.091014787632162197,B,-0.091014787632162197,1.0783267781470078,0.98018309543588422,2,-562.96999999999798,-0.0045159791557604001,0,0,0,-0.0981436827111236,-0.0048697012532101566
2020-03-13,0,0,0,1,1,HOLD,0.074466384203373565,B,0.074466384203373565,0.98018309543588422,1.0531737864102646,0,0,0,0,0,0,0.072990690974380532,0
2020-03-16,0,0,0,1,1,HOLD,-0.11022655407164912,B,-0.11022655407164912,1.0531737864102646,0.93708606909567005,0,0,0,0,0,0,-0.11608771731459447,0
2020-03-17,0.0004681891048188,58.099999999999,2,1,0,EXIT,0.057362655740446529,B,0.057362655740446529,0.93708606909567005,0.99083981467637328,2,58.099999999999,0.0004681891048188,0,0,0,0.053753745580703213,0.00043873348782806995
2020-03-18,-0.014934885869402901,-1854.1800000000017,2,0,0,FLAT,0,A,-0.014934885869402901,0.99083981467637328,0.97604173512932124,0,0,0,-1854.1800000000017,-0.014934885869402901,-0.014798079547051956,0,0
2020-03-19,0,0,0,0,0,FLAT,0,A,0,0.97604173512932124,0.97604173512932124,0,0,0,0,0,0,0,0
2020-03-20,0.0057445806203068996,702.53000000000486,2,0,1,ENTRY,0,A,0.0057445806203068996,0.97604173512932124,0.98164868556555585,0,0,0,702.53000000000486,0.0057445806203068996,0.005606950436234619,0,0
2020-03-23,-0.0043809225801958998,-538.82999999999538,2,1,1,HOLD,-0.021756225425950196,B,-0.021756225425950196,0.98164868556555585,0.96029171547330383,2,-538.82999999999538,-0.0043809225801958998,0,0,0,-0.021356970092251935,-0.0043005268924137686
2020-03-24,0.00027496187527429998,33.670000000003711,3,1,0,EXIT,0.089831189710610937,B,0.089831189710610937,0.96029171547330383,1.0465558627435143,3,33.670000000003711,0.00027496187527429998,0,0,0,0.086264147270210381,0.00026404361089691416
2020-03-25,-0.0047849684585440002,-586.07999999999902,1,0,0,FLAT,0,A,-0.0047849684585440002,1.0465558627435143,1.0415481259501822,0,0,0,-586.07999999999902,-0.0047849684585440002,-0.0050077367933320195,0,0
2020-03-26,0.0093426817467195007,1138.8399999999974,1,0,0,FLAT,0,A,0.0093426817467195007,1.0415481259501822,1.0512789786148269,0,0,0,1138.8399999999974,0.0093426817467195007,0.0097308526646446708,0,0
2020-03-27,0,0,0,0,0,FLAT,0,A,0,1.0512789786148269,1.0512789786148269,0,0,0,0,0,0,0,0
2020-03-30,0,0,0,0,0,FLAT,0,A,0,1.0512789786148269,1.0512789786148269,0,0,0,0,0,0,0,0
2020-03-31,0,0,0,0,0,FLAT,0,A,0,1.0512789786148269,1.0512789786148269,0,0,0,0,0,0,0,0
2020-04-01,0,0,0,0,0,FLAT,0,A,0,1.0512789786148269,1.0512789786148269,0,0,0,0,0,0,0,0
2020-04-02,-0.0045388147132015,-558.43000000000302,2,0,0,FLAT,0,A,-0.0045388147132015,1.0512789786148269,1.0465074181190104,0,0,0,-558.43000000000302,-0.0045388147132015,-0.0047715604958164211,0,0
2020-04-03,-0.00033239800025240001,-40.709999999998182,1,0,0,FLAT,0,A,-0.00033239800025240001,1.0465074181190104,1.0461595611459782,0,0,0,-40.709999999998182,-0.00033239800025240001,-0.00034785697303206129,0,0
2020-04-06,-0.00094044261996440001,-115.1400000000101,1,0,0,FLAT,0,A,-0.00094044261996440001,1.0461595611459782,1.0451757081073934,0,0,0,-115.1400000000101,-0.00094044261996440001,-0.00098385303858493063,0,0
2020-04-07,0,0,0,0,0,FLAT,0,A,0,1.0451757081073934,1.0451757081073934,0,0,0,0,0,0,0,0
2020-04-08,0.0025475174548683999,311.59999999999627,1,0,0,FLAT,0,A,0.0025475174548683999,1.0451757081073934,1.0478383114672014,0,0,0,311.59999999999627,0.0025475174548683999,0.0026626033598080245,0,0
2020-04-09,-0.0023735717295520998,-291.05999999999415,1,0,0,FLAT,0,A,-0.0023735717295520998,1.0478383114672014,1.0453511920739613,0,0,0,-291.05999999999415,-0.0023735717295520998,-0.0024871193932401573,0,0
2020-04-13,0.0011976338952611001,146.51000000001602,2,0,0,FLAT,0,A,0.0011976338952611001,1.0453511920739613,1.0466031400940408,0,0,0,146.51000000001602,0.0011976338952611001,0.0012519480200793727,0,0
2020-04-14,0.00030536518381459998,37.399999999991003,1,0,0,FLAT,0,A,0.00030536518381459998,1.0466031400940408,1.0469227362542963,0,0,0,37.399999999991003,0.00030536518381459998,0.00031959616025575431,0,0
2020-04-15,0,0,0,0,0,FLAT,0,A,0,1.0469227362542963,1.0469227362542963,0,0,0,0,0,0,0,0
2020-04-16,0,0,0,0,0,FLAT,0,A,0,1.0469227362542963,1.0469227362542963,0,0,0,0,0,0,0,0
2020-04-17,0,0,0,0,0,FLAT,0,A,0,1.0469227362542963,1.0469227362542963,0,0,0,0,0,0,0,0
2020-04-20,0,0,0,0,0,FLAT,0,A,0,1.0469227362542963,1.0469227362542963,0,0,0,0,0,0,0,0
2020-04-21,-0.0038464751015301001,-471.24000000000632,2,0,0,FLAT,0,A,-0.0038464751015301001,1.0469227362542963,1.0428957740160685,0,0,0,-471.24000000000632,-0.0038464751015301001,-0.0040269622382279151,0,0
2020-04-22,0,0,0,0,0,FLAT,0,A,0,1.0428957740160685,1.0428957740160685,0,0,0,0,0,0,0,0
2020-04-23,0.0014335448411177999,174.94499999998686,1,0,0,FLAT,0,A,0.0014335448411177999,1.0428957740160685,1.0443908118727327,0,0,0,174.94499999998686,0.0014335448411177999,0.0014950378566642899,0,0
2020-04-24,0,0,0,0,0,FLAT,0,A,0,1.0443908118727327,1.0443908118727327,0,0,0,0,0,0,0,0
2020-04-27,-0.0013604524714684999,-166.25999999999704,1,0,0,FLAT,0,A,-0.0013604524714684999,1.0443908118727327,1.0429699678115414,0,0,0,-166.25999999999704,-0.0013604524714684999,-0.0014208440611912525,0,0
2020-04-28,0,0,0,0,0,FLAT,0,A,0,1.0429699678115414,1.0429699678115414,0,0,0,0,0,0,0,0
2020-04-29,-0.0046804020022845998,-571.20000000001392,2,0,0,FLAT,0,A,-0.0046804020022845998,1.0429699678115414,1.0380884490858735,0,0,0,-571.20000000001392,-0.0046804020022845998,-0.0048815187256678431,0,0
2020-04-30,-0.0042029776307092002,-510.50999999999902,1,0,0,FLAT,0,A,-0.0042029776307092002,1.0380884490858735,1.0337253865556679,0,0,0,-510.50999999999902,-0.0042029776307092002,-0.0043630625302055331,0,0
2020-05-01,-0.0019421188395829,-234.9000000000089,1,0,0,FLAT,0,A,-0.0019421188395829,1.0337253865556679,1.031717769007483,0,0,0,-234.9000000000089,-0.0019421188395829,-0.0020076175481848787,0,0
2020-05-04,0,0,0,0,1,ENTRY,0,A,0,1.031717769007483,1.031717769007483,0,0,0,0,0,0,0,0
2020-05-05,-0.0052726550635475997,-636.47499999998536,3,1,1,HOLD,0.0092719901286797118,B,0.0092719901286797118,1.031717769007483,1.0412838459773039,3,-636.47499999998536,-0.0052726550635475997,0,0,0,0.009566076969820838,-0.005439891918909338
2020-05-06,0,0,0,1,0,EXIT,-0.0060081039541707423,B,-0.0060081039541707423,1.0412838459773039,1.0350277043848737,0,0,0,0,0,0,-0.006256141592430358,0
2020-05-07,-0.0019402517076811999,-232.95999999999185,1,0,0,FLAT,0,A,-0.0019402517076811999,1.0350277043848737,1.0330194901139436,0,0,0,-232.95999999999185,-0.0019402517076811999,-0.0020082142709301034,0,0
2020-05-08,0,0,0,0,0,FLAT,0,A,0,1.0330194901139436,1.0330194901139436,0,0,0,0,0,0,0,0
2020-05-11,0,0,0,0,0,FLAT,0,A,0,1.0330194901139436,1.0330194901139436,0,0,0,0,0,0,0,0
2020-05-12,0.01138655504261,1364.4599999999857,3,0,0,FLAT,0,A,0.01138655504261,1.0330194901139436,1.0447820233982148,0,0,0,1364.4599999999857,0.01138655504261,0.011762533284271336,0,0
2020-05-13,0.0064483450657378,781.43000000000256,2,0,1,ENTRY,0,A,0.0064483450657378,1.0447820233982148,1.0515191384035663,0,0,0,781.43000000000256,0.0064483450657378,0.006737115005351433,0,0
2020-05-14,-0.014804801155836199,-1805.5399999999984,1,1,1,HOLD,0.0092664915145920616,B,0.0092664915145920616,1.0515191384035663,1.0612630315770142,1,-1805.5399999999984,-0.014804801155836199,0,0,0,0.009743893173447803,-0.015567531755621002
2020-05-15,0,0,0,1,0,EXIT,0.006103352446617652,B,0.006103352446617652,1.0612630315770142,1.0677402938972946,0,0,0,0,0,0,0.006477262320280436,0
2020-05-18,-0.0013997866494760999,-168.18000000000126,2,0,0,FLAT,0,A,-0.0013997866494760999,1.0677402938972946,1.0662456852887894,0,0,0,-168.18000000000126,-0.0013997866494760999,-0.0014946086085051203,0,0
2020-05-19,0,0,0,0,0,FLAT,0,A,0,1.0662456852887894,1.0662456852887894,0,0,0,0,0,0,0,0
2020-05-20,0.0039689565846858996,476.15999999997439,1,0,0,FLAT,0,A,0.0039689565846858996,1.0662456852887894,1.0704775681223093,0,0,0,476.15999999997439,0.0039689565846858996,0.0042318828335198696,0,0
2020-05-21,-0.0013004421137868,-156.62999999997248,2,0,0,FLAT,0,A,-0.0013004421137868,1.0704775681223093,1.0690854740108591,0,0,0,-156.62999999997248,-0.0013004421137868,-0.0013920941114503292,0,0
2020-05-22,-0.00061822434411990001,-74.359999999997413,1,0,0,FLAT,0,A,-0.00061822434411990001,1.0690854740108591,1.0684245393448806,0,0,0,-74.359999999997413,-0.00061822434411990001,-0.00066093466597847577,0,0
2020-05-26,0,0,0,0,0,FLAT,0,A,0,1.0684245393448806,1.0684245393448806,0,0,0,0,0,0,0,0
2020-05-27,-0.0071954118879135999,-864.90000000000623,1,0,0,FLAT,0,A,-0.0071954118879135999,1.0684245393448806,1.0607367847131397,0,0,0,-864.90000000000623,-0.0071954118879135999,-0.0076877546317407654,0,0
2020-05-28,0,0,0,0,0,FLAT,0,A,0,1.0607367847131397,1.0607367847131397,0,0,0,0,0,0,0,0
2020-05-29,-0.0011983294683855,-142.999999999995,1,0,0,FLAT,0,A,-0.0011983294683855,1.0607367847131397,1.0594656725658174,0,0,0,-142.999999999995,-0.0011983294683855,-0.0012711121473222412,0,0
2020-06-01,0,0,0,0,0,FLAT,0,A,0,1.0594656725658174,1.0594656725658174,0,0,0,0,0,0,0,0
2020-06-02,0,0,0,0,0,FLAT,0,A,0,1.0594656725658174,1.0594656725658174,0,0,0,0,0,0,0,0
2020-06-03,-0.0013655973064812001,-162.76000000002989,1,0,0,FLAT,0,A,-0.0013655973064812001,1.0594656725658174,1.0580188690970522,0,0,0,-162.76000000002989,-0.0013655973064812001,-0.0014468034687651734,0,0
2020-06-04,0,0,0,0,0,FLAT,0,A,0,1.0580188690970522,1.0580188690970522,0,0,0,0,0,0,0,0
2020-06-05,0.0011126813672518001,132.42999999999842,1,0,0,FLAT,0,A,0.0011126813672518001,1.0580188690970522,1.0591961069788973,0,0,0,132.42999999999842,0.0011126813672518001,0.0011772378818451113,0,0
2020-06-08,0.0066095184619586996,787.4999999999942,1,0,0,FLAT,0,A,0.0066095184619586996,1.0591961069788973,1.0661968832028093,0,0,0,787.4999999999942,0.0066095184619586996,0.0070007762239118034,0,0
2020-06-09,-0.0046153791634626004,-553.5200000000068,1,0,0,FLAT,0,A,-0.0046153791634626004,1.0661968832028093,1.0612759803239262,0,0,0,-553.5200000000068,-0.0046153791634626004,-0.0049209028788830137,0,0
2020-06-10,-0.019179829184073301,-2289.5100000000075,2,0,0,FLAT,0,A,-0.019179829184073301,1.0612759803239262,1.0409208883041534,0,0,0,-2289.5100000000075,-0.019179829184073301,-0.020355092019772841,0,0
2020-06-11,0.053753947910571101,6293.0000000000036,1,0,1,ENTRY,0,A,0.053753947910571101,1.0409208883041534,1.0968744955130802,0,0,0,6293.0000000000036,0.053753947910571101,0.055953607208926864,0,0
2020-06-12,0,0,0,1,1,HOLD,0.012769778191613183,B,0.012769778191613183,1.0968744955130802,1.1108813395248198,0,0,0,0,0,0,0.014006844011739643,0
2020-06-15,-0.0063648057460314001,-785.1500000000085,1,1,1,HOLD,0.0061073715317681828,B,0.0061073715317681828,1.1108813395248198,1.1176659045930062,1,-785.1500000000085,-0.0063648057460314001,0,0,0,0.0067845650681863899,-0.0070705439329666322
2020-06-16,0,0,0,1,0,EXIT,0.018178257889755557,B,0.018178257889755557,1.1176659045930062,1.1379831236412847,0,0,0,0,0,0,0.020317219048278597,0
2020-06-17,-0.0052410040281790004,-642.39000000000544,1,0,0,FLAT,0,A,-0.0052410040281790004,1.1379831236412847,1.1320189495062811,0,0,0,-642.39000000000544,-0.0052410040281790004,-0.0059641741350036949,0,0
2020-06-18,0,0,0,0,0,FLAT,0,A,0,1.1320189495062811,1.1320189495062811,0,0,0,0,0,0,0,0
2020-06-19,-0.0041888099868212002,-510.72000000001191,2,0,1,ENTRY,0,A,-0.0041888099868212002,1.1320189495062811,1.1272771372253183,0,0,0,-510.72000000001191,-0.0041888099868212002,-0.0047418122809627546,0,0
2020-06-22,0,0,0,1,0,EXIT,0.0045908635349649219,B,0.0045908635349649219,1.1272771372253183,1.1324523127284056,0,0,0,0,0,0,0.0051751755030873623,0
2020-06-23,0,0,0,0,0,FLAT,0,A,0,1.1324523127284056,1.1324523127284056,0,0,0,0,0,0,0,0
2020-06-24,0.01189043238368,1443.600000000009,1,0,0,FLAT,0,A,0.01189043238368,1.1324523127284056,1.1459176603806447,0,0,0,1443.600000000009,0.01189043238368,0.013465347652239145,0,0
2020-06-25,0,0,0,0,0,FLAT,0,A,0,1.1459176603806447,1.1459176603806447,0,0,0,0,0,0,0,0
2020-06-26,0.016779578692045001,2061.3600000000083,1,0,0,FLAT,0,A,0.016779578692045001,1.1459176603806447,1.1651456759376058,0,0,0,2061.3600000000083,0.016779578692045001,0.019228015556961124,0,0
2020-06-29,0,0,0,0,0,FLAT,0,A,0,1.1651456759376058,1.1651456759376058,0,0,0,0,0,0,0,0
2020-06-30,0.0012174977633707001,152.07499999999641,1,0,0,FLAT,0,A,0.0012174977633707001,1.1651456759376058,1.1665642381920609,0,0,0,152.07499999999641,0.0012174977633707001,0.0014185622544550776,0,0
2020-07-01,-0.0020716930373991999,-259.07999999998094,1,0,0,FLAT,0,A,-0.0020716930373991999,1.1665642381920609,1.1641474751821195,0,0,0,-259.07999999998094,-0.0020716930373991999,-0.0024167630099413942,0,0
2020-07-02,-0.0067730867302070001,-845.2500000000158,1,0,0,FLAT,0,A,-0.0067730867302070001,1.1641474751821195,1.1562626033659593,0,0,0,-845.2500000000158,-0.0067730867302070001,-0.0078848718161599971,0,0
2020-07-06,0,0,0,0,0,FLAT,0,A,0,1.1562626033659593,1.1562626033659593,0,0,0,0,0,0,0,0
2020-07-07,0,0,0,0,0,FLAT,0,A,0,1.1562626033659593,1.1562626033659593,0,0,0,0,0,0,0,0
2020-07-08,-0.0024194384793745998,-299.87999999999465,1,0,0,FLAT,0,A,-0.0024194384793745998,1.1562626033659593,1.1534650971311138,0,0,0,-299.87999999999465,-0.0024194384793745998,-0.0027975062348454525,0,0
2020-07-09,-0.0138150738099206,-1708.1249999999841,2,0,0,FLAT,0,A,-0.0138150738099206,1.1534650971311138,1.1375298916770802,0,0,0,-1708.1249999999841,-0.0138150738099206,-0.015935205454033572,0,0
2020-07-10,-0.0028756838084034999,-350.62000000001854,2,0,0,FLAT,0,A,-0.0028756838084034999,1.1375298916770802,1.1342587153860093,0,0,0,-350.62000000001854,-0.0028756838084034999,-0.0032711762910707667,0,0
2020-07-13,-0.0044075219778076996,-535.81000000002564,2,0,0,FLAT,0,A,-0.0044075219778076996,1.1342587153860093,1.1292594451694256,0,0,0,-535.81000000002564,-0.0044075219778076996,-0.004999270216583764,0,0
2020-07-14,0.0069068421191358,835.88999999997316,1,0,0,FLAT,0,A,0.0069068421191358,1.1292594451694256,1.1370590618687537,0,0,0,835.88999999997316,0.0069068421191358,0.0077996166993281133,0,0
2020-07-15,0,0,0,0,0,FLAT,0,A,0,1.1370590618687537,1.1370590618687537,0,0,0,0,0,0,0,0
2020-07-16,0,0,0,0,0,FLAT,0,A,0,1.1370590618687537,1.1370590618687537,0,0,0,0,0,0,0,0
2020-07-17,0,0,0,0,0,FLAT,0,A,0,1.1370590618687537,1.1370590618687537,0,0,0,0,0,0,0,0
2020-07-20,0.0070956212514545003,864.63999999999214,2,0,0,FLAT,0,A,0.0070956212514545003,1.1370590618687537,1.1451272023123087,0,0,0,864.63999999999214,0.0070956212514545003,0.0080681404435548471,0,0
2020-07-21,0,0,0,0,0,FLAT,0,A,0,1.1451272023123087,1.1451272023123087,0,0,0,0,0,0,0,0
2020-07-22,-0.0034508737299345001,-423.4499999999893,1,0,0,FLAT,0,A,-0.0034508737299345001,1.1451272023123087,1.1411755129324157,0,0,0,-423.4499999999893,-0.0034508737299345001,-0.0039516893798929352,0,0
2020-07-23,0.015561587002183601,1902.8399999999829,1,0,0,FLAT,0,A,0.015561587002183601,1.1411755129324157,1.1589340149616751,0,0,0,1902.8399999999829,0.015561587002183601,0.017758502029259285,0,0
2020-07-24,0,0,0,0,0,FLAT,0,A,0,1.1589340149616751,1.1589340149616751,0,0,0,0,0,0,0,0
2020-07-27,-0.00033050327023049998,-41.039999999962674,1,0,0,FLAT,0,A,-0.00033050327023049998,1.1589340149616751,1.1585509834797489,0,0,0,-41.039999999962674,-0.00033050327023049998,-0.00038303148192619685,0,0
2020-07-28,0,0,0,0,0,FLAT,0,A,0,1.1585509834797489,1.1585509834797489,0,0,0,0,0,0,0,0
2020-07-29,0.017369652021832702,2156.040000000045,1,0,0,FLAT,0,A,0.017369652021832702,1.1585509834797489,1.1786746109123443,0,0,0,2156.040000000045,0.017369652021832702,0.020123627432595288,0,0
2020-07-30,-0.0093189373031581993,-1176.7600000000086,1,0,0,FLAT,0,A,-0.0093189373031581993,1.1786746109123443,1.1676906161124276,0,0,0,-1176.7600000000086,-0.0093189373031581993,-0.010983994799916521,0,0
2020-07-31,-0.0017503805454887999,-218.9599999999632,2,0,0,FLAT,0,A,-0.0017503805454887999,1.1676906161124276,1.1656467131748347,0,0,0,-218.9599999999632,-0.0017503805454887999,-0.0020439029375930238,0,0
2020-08-03,0,0,0,0,0,FLAT,0,A,0,1.1656467131748347,1.1656467131748347,0,0,0,0,0,0,0,0
2020-08-04,-0.000335093938027,-41.839999999961947,1,0,0,FLAT,0,A,-0.000335093938027,1.1656467131748347,1.1652561120273688,0,0,0,-41.839999999961947,-0.000335093938027,-0.00039060114746598433,0,0
2020-08-05,0,0,0,0,0,FLAT,0,A,0,1.1652561120273688,1.1652561120273688,0,0,0,0,0,0,0,0
2020-08-06,0.0054665702352641003,682.28999999999508,1,0,0,FLAT,0,A,0.0054665702352641003,1.1652561120273688,1.1716260664058371,0,0,0,682.28999999999508,0.0054665702352641003,0.006369954378468384,0,0
2020-08-07,0,0,0,0,0,FLAT,0,A,0,1.1716260664058371,1.1716260664058371,0,0,0,0,0,0,0,0
2020-08-10,-0.0101961925538869,-1279.4800000000275,1,0,0,FLAT,0,A,-0.0101961925538869,1.1716260664058371,1.1596799414316101,0,0,0,-1279.4800000000275,-0.0101961925538869,-0.011946124974226995,0,0
2020-08-11,0,0,0,0,0,FLAT,0,A,0,1.1596799414316101,1.1596799414316101,0,0,0,0,0,0,0,0
2020-08-12,0.0094612787737756998,1175.0800000000254,1,0,0,FLAT,0,A,0.0094612787737756998,1.1596799414316101,1.1706519966458506,0,0,0,1175.0800000000254,0.0094612787737756998,0.01097205521424034,0,0
2020-08-13,0,0,0,0,0,FLAT,0,A,0,1.1706519966458506,1.1706519966458506,0,0,0,0,0,0,0,0
2020-08-14,0,0,0,0,0,FLAT,0,A,0,1.1706519966458506,1.1706519966458506,0,0,0,0,0,0,0,0
2020-08-17,0,0,0,0,0,FLAT,0,A,0,1.1706519966458506,1.1706519966458506,0,0,0,0,0,0,0,0
2020-08-18,-0.0079829718934061999,-1000.8000000000144,1,0,0,FLAT,0,A,-0.0079829718934061999,1.1706519966458506,1.1613067146596669,0,0,0,-1000.8000000000144,-0.0079829718934061999,-0.0093452819861836751,0,0
2020-08-19,0,0,0,0,0,FLAT,0,A,0,1.1613067146596669,1.1613067146596669,0,0,0,0,0,0,0,0
2020-08-20,-0.0045727114923897003,-568.65000000001521,1,0,0,FLAT,0,A,-0.0045727114923897003,1.1613067146596669,1.1559963940993534,0,0,0,-568.65000000001521,-0.0045727114923897003,-0.0053103205603135858,0,0
2020-08-21,0,0,1,0,0,FLAT,0,A,0,1.1559963940993534,1.1559963940993534,0,0,0,0,0,0,0,0
2020-08-24,0,0,0,0,0,FLAT,0,A,0,1.1559963940993534,1.1559963940993534,0,0,0,0,0,0,0,0
2020-08-25,0,0,0,0,0,FLAT,0,A,0,1.1559963940993534,1.1559963940993534,0,0,0,0,0,0,0,0
2020-08-26,0.021880648598476798,2708.1599999999794,1,0,0,FLAT,0,A,0.021880648598476798,1.1559963940993534,1.1812903449797476,0,0,0,2708.1599999999794,0.021880648598476798,0.02529395088039425,0,0
2020-08-27,-0.0110230764949988,-1394.0739999999871,2,0,0,FLAT,0,A,-0.0110230764949988,1.1812903449797476,1.1682688911442323,0,0,0,-1394.0739999999871,-0.0110230764949988,-0.013021453835515281,0,0
2020-08-28,0,0,0,0,0,FLAT,0,A,0,1.1682688911442323,1.1682688911442323,0,0,0,0,0,0,0,0
2020-08-31,-0.0063982809506718998,-800.15000000004193,1,0,0,FLAT,0,A,-0.0063982809506718998,1.1682688911442323,1.1607939785527617,0,0,0,-800.15000000004193,-0.0063982809506718998,-0.0074749125914707251,0,0
2020-09-01,0.015823159086306899,1965.9999999999848,2,0,0,FLAT,0,A,0.015823159086306899,1.1607939785527617,1.1791614063418292,0,0,0,1965.9999999999848,0.015823159086306899,0.018367427789067466,0,0
2020-09-02,0.023388516572131399,2951.5199999999768,1,0,0,FLAT,0,A,0.023388516572131399,1.1791614063418292,1.2067402424352729,0,0,0,2951.5199999999768,0.023388516572131399,0.027578836093443641,0,0
2020-09-03,0.075664227522972999,9771.0400000000027,1,0,0,FLAT,0,A,0.075664227522972999,1.2067402424352729,1.298047310700023,0,0,0,9771.0400000000027,0.075664227522972999,0.091307068264750088,0,0
2020-09-04,-0.0015287454908884,-212.34000000000609,2,0,0,FLAT,0,A,-0.0015287454908884,1.298047310700023,1.2960629267268304,0,0,0,-212.34000000000609,-0.0015287454908884,-0.0019843839731924742,0,0
2020-09-08,-0.0052271476827070998,-724.88000000001421,1,0,1,ENTRY,0,A,-0.0052271476827070998,1.2960629267268304,1.2892882144027478,0,0,0,-724.88000000001421,-0.0052271476827070998,-0.0067747123240827333,0,0
2020-09-09,0.0051118459512497997,705.15999999998292,1,1,1,HOLD,0.021422142214221424,B,0.021422142214221424,1.2892882144027478,1.3169075298868029,1,705.15999999998292,0.0051118459512497997,0,0,0,0.027619315484055263,0.0065906427387887696
2020-09-10,0.014713586196601999,2040,1,1,1,HOLD,-0.017829867230642699,B,-0.017829867230642699,1.3169075298868029,1.2934272434738876,1,2040,0.014713586196601999,0,0,0,-0.023480286412915326,0.019376432453943698
2020-09-11,-0.0042178702330251004,-593.38500000000977,1,1,0,EXIT,-0.00068786075305798965,B,-0.00068786075305798965,1.2934272434738876,1.2925375456361659,1,-593.38500000000977,-0.0042178702330251004,0,0,0,-0.00088969783772166802,-0.0054555082688322199
2020-09-14,-0.0005621530070409,-78.749999999988063,1,0,0,FLAT,0,A,-0.0005621530070409,1.2925375456361659,1.2918109417681733,0,0,0,-78.749999999988063,-0.0005621530070409,-0.00072660386799263516,0,0
2020-09-15,0,0,0,0,0,FLAT,0,A,0,1.2918109417681733,1.2918109417681733,0,0,0,0,0,0,0,0
2020-09-16,0,0,0,0,0,FLAT,0,A,0,1.2918109417681733,1.2918109417681733,0,0,0,0,0,0,0,0
2020-09-17,0,0,0,0,0,FLAT,0,A,0,1.2918109417681733,1.2918109417681733,0,0,0,0,0,0,0,0
2020-09-18,0.0085962549453322008,1203.51,2,0,1,ENTRY,0,A,0.0085962549453322008,1.2918109417681733,1.3029156779647824,0,0,0,1203.51,0.0085962549453322008,0.011104736196608908,0,0
2020-09-21,-0.0046130303447184003,-651.36000000000377,1,1,1,HOLD,-0.012952858848601182,B,-0.012952858848601182,1.3029156779647824,1.2860391950964749,1,-651.36000000000377,-0.0046130303447184003,0,0,0,-0.016876482868307337,-0.0060103895590608884
2020-09-22,0,0,0,1,1,HOLD,0.012096897681683153,B,0.012096897681683153,1.2860391950964749,1.3015962796541911,0,0,0,0,0,0,0.015557084557716216,0
2020-09-23,0.0106686265826368,1499.420000000001,2,1,1,HOLD,-0.023874364560639072,B,-0.023874364560639072,1.3015962796541911,1.2705214955629553,2,1499.420000000001,0.0106686265826368,0,0,0,-0.031074784091235683,0.013886244668979865
2020-09-24,-0.0064124254951559,-910.79999999998734,1,1,1,HOLD,0.0033789020118416566,B,0.0033789020118416566,1.2705214955629553,1.2748144632004013,1,-910.79999999998734,-0.0064124254951559,0,0,0,0.0042929676374457403,-0.008147124430291499
2020-09-25,0.010258352637306,1447.6799999999955,1,1,0,EXIT,0.015910776075135937,B,0.015910776075135937,1.2748144632004013,1.2950977506617276,1,1447.6799999999955,0.010258352637306,0,0,0,0.020283287461326207,0.013077496310647668
2020-09-28,0,0,0,0,0,FLAT,0,A,0,1.2950977506617276,1.2950977506617276,0,0,0,0,0,0,0,0
2020-09-29,-0.0022071977555617002,-314.66999999999439,1,0,0,FLAT,0,A,-0.0022071977555617002,1.2950977506617276,1.2922392138132341,0,0,0,-314.66999999999439,-0.0022071977555617002,-0.0028585368484935715,0,0
2020-09-30,-0.0054066747293431,-769.08000000001653,1,0,0,FLAT,0,A,-0.0054066747293431,1.2922392138132341,1.2852524967116439,0,0,0,-769.08000000001653,-0.0054066747293431,-0.0069867171015902084,0,0
2020-10-01,0,0,0,0,0,FLAT,0,A,0,1.2852524967116439,1.2852524967116439,0,0,0,0,0,0,0,0
2020-10-02,0,0,0,0,0,FLAT,0,A,0,1.2852524967116439,1.2852524967116439,0,0,0,0,0,0,0,0
2020-10-05,0.0066113119963885003,935.31999999998243,2,0,0,FLAT,0,A,0.0066113119963885003,1.2852524967116439,1.2937497019615418,0,0,0,935.31999999998243,0.0066113119963885003,0.0084972052498979624,0,0
2020-10-06,0.0076356289387430002,1087.3000000000163,1,0,0,FLAT,0,A,0.0076356289387430002,1.2937497019615418,1.3036282946253295,0,0,0,1087.3000000000163,0.0076356289387430002,0.0098785926637876796,0,0
2020-10-07,-0.0032352729445129002,-464.20000000000579,2,0,0,FLAT,0,A,-0.0032352729445129002,1.3036282946253295,1.2994107012740268,0,0,0,-464.20000000000579,-0.0032352729445129002,-0.0042175933513028206,0,0
2020-10-08,0,0,0,0,0,FLAT,0,A,0,1.2994107012740268,1.2994107012740268,0,0,0,0,0,0,0,0
2020-10-09,0,0,0,0,0,FLAT,0,A,0,1.2994107012740268,1.2994107012740268,0,0,0,0,0,0,0,0
2020-10-12,0.0031675161229142998,452.97999999998689,1,0,0,FLAT,0,A,0.0031675161229142998,1.2994107012740268,1.3035266056205996,0,0,0,452.97999999998689,0.0031675161229142998,0.0041159043465728564,0,0
2020-10-13,-0.0045029897153192004,-645.98300000002746,1,0,0,FLAT,0,A,-0.0045029897153192004,1.3035266056205996,1.2976568387218452,0,0,0,-645.98300000002746,-0.0045029897153192004,-0.0058697668987545077,0,0
2020-10-14,-0.0018264978378162999,-260.83500000002061,2,0,0,FLAT,0,A,-0.0018264978378162999,1.2976568387218452,1.2952866713116922,0,0,0,-260.83500000002061,-0.0018264978378162999,-0.0023701674101529852,0,0
2020-10-15,0,0,0,0,1,ENTRY,0,A,0,1.2952866713116922,1.2952866713116922,0,0,0,0,0,0,0,0
2020-10-16,-0.0043233685475210001,-616.23000000002685,1,1,1,HOLD,0.0015407876736986104,B,0.0015407876736986104,1.2952866713116922,1.2972824330487553,1,-616.23000000002685,-0.0043233685475210001,0,0,0,0.0019957617370631587,-0.0056000016547721413
2020-10-19,0.0152143602894994,2159.1200000000072,1,1,1,HOLD,-0.017627099148838279,B,-0.017627099148838279,1.2972824330487553,1.2744151069773588,1,2159.1200000000072,0.0152143602894994,0,0,0,-0.022867326071396566,0.019737322333642147
2020-10-20,-0.0050040641188506003,-720.91999999997154,2,1,1,HOLD,0.0064689869156689984,B,0.0064689869156689984,1.2744151069773588,1.2826592816295264,2,-720.91999999997154,-0.0050040641188506003,0,0,0,0.0082441746521674415,-0.0063772549093465509
2020-10-21,-0.0065654977098930003,-941.06999999998641,1,1,1,HOLD,-0.0022394136807817591,B,-0.0022394136807817591,1.2826592816295264,1.2797868768864635,1,-941.06999999998641,-0.0065654977098930003,0,0,0,-0.0028724047430628646,-0.0084212965761116566
2020-10-22,0,0,0,1,0,EXIT,0.0039350569854548637,B,0.0039350569854548637,1.2797868768864635,1.284822911176249,0,0,0,0,0,0,0.0050360342897855419,0
2020-10-23,0,0,0,0,0,FLAT,0,A,0,1.284822911176249,1.284822911176249,0,0,0,0,0,0,0,0
2020-10-26,-5.9695450246933206e-05,-8.5000000000405862,1,0,0,FLAT,0,A,-5.9695450246933206e-05,1.284822911176249,1.2847462130940788,0,0,0,-8.5000000000405862,-5.9695450246933206e-05,-7.6698082170241656e-05,0,0
2020-10-27,0,0,0,0,0,FLAT,0,A,0,1.2847462130940788,1.2847462130940788,0,0,0,0,0,0,0,0
2020-10-28,0.012134998934257801,1727.7199999999957,1,0,1,ENTRY,0,A,0.012134998934257801,1.2847462130940788,1.3003366070207671,0,0,0,1727.7199999999957,0.012134998934257801,0.01559039392668839,0,0
2020-10-29,0.0107205428416153,1544.7900000000254,1,1,1,HOLD,0.015383201054147642,B,0.015383201054147642,1.3003366070207671,1.3203399464846359,1,1544.7900000000254,0.0107205428416153,0,0,0,0.020003339463868633,0.013940314304086812
2020-10-30,-0.011348213041480801,-1652.7099999999891,2,1,1,HOLD,-0.018801871133242793,B,-0.018801871133242793,1.3203399464846359,1.2955150849587591,2,-1652.7099999999891,-0.011348213041480801,0,0,0,-0.024824861525876811,-0.014983498999885008
2020-11-02,0.0015328509887206001,220.68999999997231,1,1,0,EXIT,0.01524052657480315,B,0.01524052657480315,1.2955150849587591,1.3152594170391316,1,220.68999999997231,0.0015328509887206001,0,0,0,0.01974433208037233,0.0019858315788814861
2020-11-03,-0.0039352539960182996,-567.42000000004157,3,0,0,FLAT,0,A,-0.0039352539960182996,1.3152594170391316,1.3100835371624275,0,0,0,-567.42000000004157,-0.0039352539960182996,-0.0051758798767039416,0,0
2020-11-04,0.0071351094975565998,1024.649999999986,1,0,0,FLAT,0,A,0.0071351094975565998,1.3100835371624275,1.3194311266510279,0,0,0,1024.649999999986,0.0071351094975565998,0.009347589488600181,0,0
2020-11-05,-0.0016799759663246999,-242.96999999999628,1,0,0,FLAT,0,A,-0.0016799759663246999,1.3194311266510279,1.3172145140690334,0,0,0,-242.96999999999628,-0.0016799759663246999,-0.002216612581994448,0,0
2020-11-06,-0.0044402186595057002,-641.0800000000047,1,0,0,FLAT,0,A,-0.0044402186595057002,1.3172145140690334,1.3113657936050924,0,0,0,-641.0800000000047,-0.0044402186595057002,-0.0058487204639410557,0,0
2020-11-09,0,0,0,0,0,FLAT,0,A,0,1.3113657936050924,1.3113657936050924,0,0,0,0,0,0,0,0
2020-11-10,0,0,0,0,0,FLAT,0,A,0,1.3113657936050924,1.3113657936050924,0,0,0,0,0,0,0,0
2020-11-11,0,0,0,0,0,FLAT,0,A,0,1.3113657936050924,1.3113657936050924,0,0,0,0,0,0,0,0
2020-11-12,-0.0078642324727700996,-1130.3699999999787,2,0,0,FLAT,0,A,-0.0078642324727700996,1.3113657936050924,1.3010529081473432,0,0,0,-1130.3699999999787,-0.0078642324727700996,-0.0103128854577491,0,0
2020-11-13,0,0,0,0,0,FLAT,0,A,0,1.3010529081473432,1.3010529081473432,0,0,0,0,0,0,0,0
2020-11-16,0,0,0,0,0,FLAT,0,A,0,1.3010529081473432,1.3010529081473432,0,0,0,0,0,0,0,0
2020-11-17,0,0,0,0,0,FLAT,0,A,0,1.3010529081473432,1.3010529081473432,0,0,0,0,0,0,0,0
2020-11-18,0,0,0,0,0,FLAT,0,A,0,1.3010529081473432,1.3010529081473432,0,0,0,0,0,0,0,0
2020-11-19,0,0,0,0,0,FLAT,0,A,0,1.3010529081473432,1.3010529081473432,0,0,0,0,0,0,0,0
2020-11-20,0,0,0,0,0,FLAT,0,A,0,1.3010529081473432,1.3010529081473432,0,0,0,0,0,0,0,0
2020-11-23,0,0,0,0,0,FLAT,0,A,0,1.3010529081473432,1.3010529081473432,0,0,0,0,0,0,0,0
2020-11-24,0.0047805044787433996,681.69000000000506,1,0,0,FLAT,0,A,0.0047805044787433996,1.3010529081473432,1.3072725974018238,0,0,0,681.69000000000506,0.0047805044787433996,0.0062196892544804988,0,0
2020-11-25,0.00049562210939459997,71.010000000025101,2,0,0,FLAT,0,A,0.00049562210939459997,1.3072725974018238,1.3079205106041019,0,0,0,71.010000000025101,0.00049562210939459997,0.00064791320227804952,0,0
2020-11-27,0,0,0,0,0,FLAT,0,A,0,1.3079205106041019,1.3079205106041019,0,0,0,0,0,0,0,0
2020-11-30,-0.0030372322789350001,-435.34000000000401,2,0,0,FLAT,0,A,-0.0030372322789350001,1.3079205106041019,1.3039480522110138,0,0,0,-435.34000000000401,-0.0030372322789350001,-0.0039724583930879249,0,0
2020-12-01,-0.0075129757795455001,-1073.5049999999819,3,0,0,FLAT,0,A,-0.0075129757795455001,1.3039480522110138,1.294151522076967,0,0,0,-1073.5049999999819,-0.0075129757795455001,-0.009796530134046879,0,0
2020-12-02,0,0,0,0,0,FLAT,0,A,0,1.294151522076967,1.294151522076967,0,0,0,0,0,0,0,0
2020-12-03,-0.0001821648123549,-25.829999999976508,1,0,0,FLAT,0,A,-0.0001821648123549,1.294151522076967,1.2939157732077891,0,0,0,-25.829999999976508,-0.0001821648123549,-0.00023574886917795892,0,0
2020-12-04,0.011097409351687701,1573.1999999999812,1,0,0,FLAT,0,A,0.011097409351687701,1.2939157732077891,1.3082748862096816,0,0,0,1573.1999999999812,0.011097409351687701,0.01435911300189234,0,0
2020-12-07,0,0,0,0,0,FLAT,0,A,0,1.3082748862096816,1.3082748862096816,0,0,0,0,0,0,0,0
2020-12-08,-0.0035343159042067998,-506.57200000001922,2,0,0,FLAT,0,A,-0.0035343159042067998,1.3082748862096816,1.3036510294722763,0,0,0,-506.57200000001922,-0.0035343159042067998,-0.0046238567374052185,0,0
2020-12-09,0.0105797561860848,1510.8800000000167,1,0,0,FLAT,0,A,0.0105797561860848,1.3036510294722763,1.3174433395158314,0,0,0,1510.8800000000167,0.0105797561860848,0.013792310043555132,0,0
2020-12-10,0,0,0,0,0,FLAT,0,A,0,1.3174433395158314,1.3174433395158314,0,0,0,0,0,0,0,0
2020-12-11,0,0,0,0,1,ENTRY,0,A,0,1.3174433395158314,1.3174433395158314,0,0,0,0,0,0,0,0
2020-12-14,-0.0131094419746724,-1891.849999999992,1,1,1,HOLD,-0.0030866726761178947,B,-0.0030866726761178947,1.3174433395158314,1.3133768231574143,1,-1891.849999999992,-0.0131094419746724,0,0,0,-0.004066516358417027,-0.017270947014301419
2020-12-15,-0.0044212649869409997,-629.63999999995758,1,1,0,EXIT,0.011562911003945638,B,0.011562911003945638,1.3133768231574143,1.3285632824782285,1,-629.63999999995758,-0.0044212649869409997,0,0,0,0.015186459320814029,-0.005806786962885677
2020-12-16,0,0,0,0,0,FLAT,0,A,0,1.3285632824782285,1.3285632824782285,0,0,0,0,0,0,0,0
2020-12-17,0,0,0,0,0,FLAT,0,A,0,1.3285632824782285,1.3285632824782285,0,0,0,0,0,0,0,0
2020-12-18,0.0018174709681635,257.66999999997489,1,0,0,FLAT,0,A,0.0018174709681635,1.3285632824782285,1.3309779076735007,0,0,0,257.66999999997489,0.0018174709681635,0.0024146251952721835,0,0
2020-12-21,-0.016145834396834698,-2293.0799999999967,1,0,0,FLAT,0,A,-0.016145834396834698,1.3309779076735007,1.3094881587903588,0,0,0,-2293.0799999999967,-0.016145834396834698,-0.021489748883141885,0,0
2020-12-22,0,0,0,0,1,ENTRY,0,A,0,1.3094881587903588,1.3094881587903588,0,0,0,0,0,0,0,0
2020-12-23,0,0,0,1,1,HOLD,0.0028460543337645535,B,0.0028460543337645535,1.3094881587903588,1.3132150332396975,0,0,0,0,0,0,0.0037268744493386668,0
2020-12-24,0,0,0,1,0,EXIT,0.0014936722611482267,B,0.0014936722611482267,1.3132150332396975,1.3151765461077705,0,0,0,0,0,0,0.0019615128680729827,0
2020-12-28,0,0,0,0,0,FLAT,0,A,0,1.3151765461077705,1.3151765461077705,0,0,0,0,0,0,0,0
2020-12-29,0,0,0,0,0,FLAT,0,A,0,1.3151765461077705,1.3151765461077705,0,0,0,0,0,0,0,0
2020-12-30,0,0,0,0,0,FLAT,0,A,0,1.3151765461077705,1.3151765461077705,0,0,0,0,0,0,0,0
2020-12-31,0,0,0,0,0,FLAT,0,A,0,1.3151765461077705,1.3151765461077705,0,0,0,0,0,0,0,0
2021-01-04,0.034165068870926997,4773.599999999954,1,0,0,FLAT,0,A,0.034165068870926997,1.3151765461077705,1.3601096433829702,0,0,0,4773.599999999954,0.034165068870926997,0.044933097275199875,0,0
2021-01-05,-0.0097738206754933998,-1412.1800000000001,3,0,0,FLAT,0,A,-0.0097738206754933998,1.3601096433829702,1.3468161756295358,0,0,0,-1412.1800000000001,-0.0097738206754933998,-0.013293467753434429,0,0
2021-01-06,0.0074912176270236002,1071.6200000000306,2,0,0,FLAT,0,A,0.0074912176270236002,1.3468161756295358,1.3569054687047724,0,0,0,1071.6200000000306,0.0074912176270236002,0.010089293075236492,0,0
2021-01-07,0.010264446354533101,1479.1699999999971,1,0,0,FLAT,0,A,0.010264446354533101,1.3569054687047724,1.3708333520964651,0,0,0,1479.1699999999971,0.010264446354533101,0.013927883391692729,0,0
2021-01-08,0,0,0,0,0,FLAT,0,A,0,1.3708333520964651,1.3708333520964651,0,0,0,0,0,0,0,0
2021-01-11,0,0,0,0,0,FLAT,0,A,0,1.3708333520964651,1.3708333520964651,0,0,0,0,0,0,0,0
2021-01-12,0,0,0,0,0,FLAT,0,A,0,1.3708333520964651,1.3708333520964651,0,0,0,0,0,0,0,0
2021-01-13,0,0,0,0,0,FLAT,0,A,0,1.3708333520964651,1.3708333520964651,0,0,0,0,0,0,0,0
2021-01-14,0,0,0,0,0,FLAT,0,A,0,1.3708333520964651,1.3708333520964651,0,0,0,0,0,0,0,0
2021-01-15,-0.0149756175843439,-2180.0999999999872,1,0,0,FLAT,0,A,-0.0149756175843439,1.3708333520964651,1.3503042760436041,0,0,0,-2180.0999999999872,-0.0149756175843439,-0.020529076052860914,0,0
2021-01-19,0,0,0,0,0,FLAT,0,A,0,1.3503042760436041,1.3503042760436041,0,0,0,0,0,0,0,0
2021-01-20,0.0047800835195474997,685.41000000001611,1,0,0,FLAT,0,A,0.0047800835195474997,1.3503042760436041,1.3567588432598947,0,0,0,685.41000000001611,0.0047800835195474997,0.0064545672162905502,0,0
2021-01-21,0,0,0,0,0,FLAT,0,A,0,1.3567588432598947,1.3567588432598947,0,0,0,0,0,0,0,0
2021-01-22,0,0,0,0,0,FLAT,0,A,0,1.3567588432598947,1.3567588432598947,0,0,0,0,0,0,0,0
2021-01-25,-0.0147796555458583,-2129.2599999999829,1,0,0,FLAT,0,A,-0.0147796555458583,1.3567588432598947,1.3367064148977164,0,0,0,-2129.2599999999829,-0.0147796555458583,-0.020052428362178396,0,0
2021-01-26,0,0,0,0,0,FLAT,0,A,0,1.3367064148977164,1.3367064148977164,0,0,0,0,0,0,0,0
2021-01-27,0.0093600325075971005,1328.4800000000218,3,0,0,FLAT,0,A,0.0093600325075971005,1.3367064148977164,1.3492180303942725,0,0,0,1328.4800000000218,0.0093600325075971005,0.012511615496556203,0,0
2021-01-28,0.00081159316114539997,116.25000000002645,1,0,0,FLAT,0,A,0.00081159316114539997,1.3492180303942725,1.3503130465206346,0,0,0,116.25000000002645,0.00081159316114539997,0.0010950161263620578,0,0
2021-01-29,-5.831977003365319e-05,-8.3599999999923966,1,0,0,FLAT,0,A,-5.831977003365319e-05,1.3503130465206346,1.350234296574288,0,0,0,-8.3599999999923966,-5.831977003365319e-05,-7.8749946346525043e-05,0,0
2021-02-01,-0.0002563952224284,-36.750000000008363,1,0,0,FLAT,0,A,-0.0002563952224284,1.350234296574288,1.3498881029514873,0,0,0,-36.750000000008363,-0.0002563952224284,-0.00034619362280061876,0,0
2021-02-02,0.0023134657616035001,331.5,1,0,0,FLAT,0,A,0.0023134657616035001,1.3498881029514873,1.3530110228596615,0,0,0,331.5,0.0023134657616035001,0.0031229199081741666,0,0
2021-02-03,0,0,0,0,0,FLAT,0,A,0,1.3530110228596615,1.3530110228596615,0,0,0,0,0,0,0,0
2021-02-04,0.0038089139127381998,547.02999999996177,3,0,0,FLAT,0,A,0.0038089139127381998,1.3530110228596615,1.3581645253687198,0,0,0,547.02999999996177,0.0038089139127381998,0.0051535025090583067,0,0
2021-02-05,0,0,0,0,0,FLAT,0,A,0,1.3581645253687198,1.3581645253687198,0,0,0,0,0,0,0,0
2021-02-08,0,0,0,0,0,FLAT,0,A,0,1.3581645253687198,1.3581645253687198,0,0,0,0,0,0,0,0
2021-02-09,0,0,0,0,0,FLAT,0,A,0,1.3581645253687198,1.3581645253687198,0,0,0,0,0,0,0,0
2021-02-10,-0.0026721735270083999,-385.1999999999781,1,0,0,FLAT,0,A,-0.0026721735270083999,1.3581645253687198,1.3545352740787076,0,0,0,-385.1999999999781,-0.0026721735270083999,-0.0036292512900122213,0,0
2021-02-11,0,0,0,0,0,FLAT,0,A,0,1.3545352740787076,1.3545352740787076,0,0,0,0,0,0,0,0
2021-02-12,0,0,0,0,0,FLAT,0,A,0,1.3545352740787076,1.3545352740787076,0,0,0,0,0,0,0,0
2021-02-16,0,0,0,0,0,FLAT,0,A,0,1.3545352740787076,1.3545352740787076,0,0,0,0,0,0,0,0
2021-02-17,0,0,0,0,0,FLAT,0,A,0,1.3545352740787076,1.3545352740787076,0,0,0,0,0,0,0,0
2021-02-18,-0.0044935185203668999,-645.99999999999227,1,0,1,ENTRY,0,A,-0.0044935185203668999,1.3545352740787076,1.3484486447381445,0,0,0,-645.99999999999227,-0.0044935185203668999,-0.0060866293405629273,0,0
2021-02-19,0,0,0,1,1,HOLD,-0.0024185189450650697,B,-0.0024185189450650697,1.3484486447381445,1.3451873961443981,0,0,0,0,0,0,-0.0032612485937465203,0
2021-02-22,0,0,0,1,1,HOLD,-0.0069011519023063697,B,-0.0069011519023063697,1.3451873961443981,1.3359040535865376,0,0,0,0,0,0,-0.0092833425578604644,0
2021-02-23,-0.048934086822917,-7002.9899999998852,3,1,1,HOLD,0.0019633169723585636,B,0.0019633169723585636,1.3359040535865376,1.3385268566883866,3,-7002.9899999998852,-0.048934086822917,0,0,0,0.0026228031018490534,-0.065371244945290397
2021-02-24,0.034180390203708402,4651.3199999999915,1,1,0,EXIT,0.011086474501108648,B,0.011086474501108648,1.3385268566883866,1.3533664005541113,1,4651.3199999999915,0.034180390203708402,0,0,0,0.014839543865724907,0.04575137025975233
2021-02-25,0.066084412369433604,9299.5999999999967,1,0,0,FLAT,0,A,0.066084412369433604,1.3533664005541113,1.442802823855265,0,0,0,9299.5999999999967,0.066084412369433604,0.08943642330115395,0,0
2021-02-26,-0.0026347002677477999,-395.24000000002405,1,0,0,FLAT,0,A,-0.0026347002677477999,1.442802823855265,1.4390014708689463,0,0,0,-395.24000000002405,-0.0026347002677477999,-0.0038013529863187485,0,0
2021-03-01,0.018624464554915499,2786.4300000000067,1,0,0,FLAT,0,A,0.018624464554915499,1.4390014708689463,1.465802102757616,0,0,0,2786.4300000000067,0.018624464554915499,0.026800631888669959,0,0
2021-03-02,-0.0021247310225965999,-323.79000000000514,1,0,0,FLAT,0,A,-0.0021247310225965999,1.465802102757616,1.4626876675568996,0,0,0,-323.79000000000514,-0.0021247310225965999,-0.0031144352007164357,0,0
2021-03-03,-0.0028364089638098001,-431.30999999999489,3,0,0,FLAT,0,A,-0.0028364089638098001,1.4626876675568996,1.4585388871453873,0,0,0,-431.30999999999489,-0.0028364089638098001,-0.0041487804115124391,0,0
2021-03-04,0.0025679503648316001,389.33999999997377,1,0,1,ENTRY,0,A,0.0025679503648316001,1.4585388871453873,1.4622843426127534,0,0,0,389.33999999997377,0.0025679503648316001,0.0037454554673660733,0,0
2021-03-05,-0.0019989556141129,-303.84000000000498,2,1,0,EXIT,0.022493744343289143,B,0.022493744343289143,1.4622843426127534,1.4951765927726792,2,-303.84000000000498,-0.0019989556141129,0,0,0,0.032892250159925904,-0.0029230414960951549
2021-03-08,-0.015905910320358901,-2412.7000000000207,2,0,0,FLAT,0,A,-0.015905910320358901,1.4951765927726792,1.4713944479749372,0,0,0,-2412.7000000000207,-0.015905910320358901,-0.023782144797742016,0,0
2021-03-09,0.0068544145975395002,1023.1200000000042,1,0,0,FLAT,0,A,0.0068544145975395002,1.4713944479749372,1.4814799955578752,0,0,0,1023.1200000000042,0.0068544145975395002,0.010085547582937985,0,0
2021-03-10,0,0,0,0,0,FLAT,0,A,0,1.4814799955578752,1.4814799955578752,0,0,0,0,0,0,0,0
2021-03-11,0.0023014541641019001,345.87000000000774,1,0,0,FLAT,0,A,0.0023014541641019001,1.4814799955578752,1.4848895538626856,0,0,0,345.87000000000774,0.0023014541641019001,0.0034095583048103363,0,0
2021-03-12,0,0,0,0,0,FLAT,0,A,0,1.4848895538626856,1.4848895538626856,0,0,0,0,0,0,0,0
2021-03-15,0,0,0,0,0,FLAT,0,A,0,1.4848895538626856,1.4848895538626856,0,0,0,0,0,0,0,0
2021-03-16,0,0,0,0,0,FLAT,0,A,0,1.4848895538626856,1.4848895538626856,0,0,0,0,0,0,0,0
2021-03-17,0,0,0,0,0,FLAT,0,A,0,1.4848895538626856,1.4848895538626856,0,0,0,0,0,0,0,0
2021-03-18,0,0,0,0,0,FLAT,0,A,0,1.4848895538626856,1.4848895538626856,0,0,0,0,0,0,0,0
2021-03-19,-0.0013295256822522001,-200.26000000000147,1,0,0,FLAT,0,A,-0.0013295256822522001,1.4848895538626856,1.4829153550655172,0,0,0,-200.26000000000147,-0.0013295256822522001,-0.0019741987971684523,0,0
2021-03-22,0.0013941862286680001,209.71400000002919,2,0,0,FLAT,0,A,0.0013941862286680001,1.4829153550655172,1.4849828152318298,0,0,0,209.71400000002919,0.0013941862286680001,0.0020674601663126617,0,0
2021-03-23,-0.00035134861634299999,-52.919999999994843,1,0,0,FLAT,0,A,-0.00035134861634299999,1.4849828152318298,1.4844610685744051,0,0,0,-52.919999999994843,-0.00035134861634299999,-0.00052174665742483627,0,0
2021-03-24,0,0,0,0,0,FLAT,0,A,0,1.4844610685744051,1.4844610685744051,0,0,0,0,0,0,0,0
2021-03-25,0.0012405568273655999,186.7799999999749,1,0,0,FLAT,0,A,0.0012405568273655999,1.4844610685744051,1.4863026268879835,0,0,0,186.7799999999749,0.0012405568273655999,0.0018415583135784122,0,0
2021-03-26,0.0091069021328653993,1372.7950000000485,3,0,0,FLAT,0,A,0.0091069021328653993,1.4863026268879835,1.4998382394508731,0,0,0,1372.7950000000485,0.0091069021328653993,0.013535612562889623,0,0
2021-03-29,-0.0031152941078080999,-473.82000000002643,1,0,0,FLAT,0,A,-0.0031152941078080999,1.4998382394508731,1.4951658022208465,0,0,0,-473.82000000002643,-0.0031152941078080999,-0.0046724372300265792,0,0
2021-03-30,0,0,0,0,0,FLAT,0,A,0,1.4951658022208465,1.4951658022208465,0,0,0,0,0,0,0,0
2021-03-31,6.3252437291466448e-05,9.5899999999912779,1,0,0,FLAT,0,A,6.3252437291466448e-05,1.4951658022208465,1.4952603751019917,0,0,0,9.5899999999912779,6.3252437291466448e-05,9.4572881145319214e-05,0,0
2021-04-01,0.0049614956280664996,752.25,1,0,0,FLAT,0,A,0.0049614956280664996,1.4952603751019917,1.5026791029158815,0,0,0,752.25,0.0049614956280664996,0.0074187278138896058,0,0
2021-04-05,0.0125188024057078,1907.4000000000192,1,0,0,FLAT,0,A,0.0125188024057078,1.5026791029158815,1.5214908456844718,0,0,0,1907.4000000000192,0.0125188024057078,0.018811742768590177,0,0
2021-04-06,-0.00078864970879200002,-121.65999999998814,1,0,0,FLAT,0,A,-0.00078864970879200002,1.5214908456844718,1.5202909223720931,0,0,0,-121.65999999998814,-0.00078864970879200002,-0.0011999233123787525,0,0
2021-04-07,0,0,0,0,0,FLAT,0,A,0,1.5202909223720931,1.5202909223720931,0,0,0,0,0,0,0,0
2021-04-08,0,0,0,0,0,FLAT,0,A,0,1.5202909223720931,1.5202909223720931,0,0,0,0,0,0,0,0
2021-04-09,0.00096200802085520004,148.27999999997695,3,0,0,FLAT,0,A,0.00096200802085520004,1.5202909223720931,1.5217534544334483,0,0,0,148.27999999997695,0.00096200802085520004,0.0014625320613553038,0,0
2021-04-12,0,0,0,0,0,FLAT,0,A,0,1.5217534544334483,1.5217534544334483,0,0,0,0,0,0,0,0
2021-04-13,0.00062425973685699995,96.299999999973252,1,0,0,FLAT,0,A,0.00062425973685699995,1.5217534544334483,1.5227034238444743,0,0,0,96.299999999973252,0.00062425973685699995,0.00094996941102585511,0,0
2021-04-14,-0.0066362805285459002,-1024.3200000000274,2,0,0,FLAT,0,A,-0.0066362805285459002,1.5227034238444743,1.512598336762065,0,0,0,-1024.3200000000274,-0.0066362805285459002,-0.01010508708240926,0,0
2021-04-15,0.0031264031993662,479.30999999998318,1,0,0,FLAT,0,A,0.0031264031993662,1.512598336762065,1.5173273290414742,0,0,0,479.30999999998318,0.0031264031993662,0.0047289922794089131,0,0
2021-04-16,0,0,0,0,0,FLAT,0,A,0,1.5173273290414742,1.5173273290414742,0,0,0,0,0,0,0,0
2021-04-19,-0.0056204057941668002,-864.31199999995999,2,0,0,FLAT,0,A,-0.0056204057941668002,1.5173273290414742,1.5087993337296819,0,0,0,-864.31199999995999,-0.0056204057941668002,-0.0085279953117923368,0,0
2021-04-20,0.00072493150365240001,110.83999999997332,1,0,0,FLAT,0,A,0.00072493150365240001,1.5087993337296819,1.5098931098993922,0,0,0,110.83999999997332,0.00072493150365240001,0.0010937761697103975,0,0
2021-04-21,0.020352771649701999,3113.951999999937,1,0,0,FLAT,0,A,0.020352771649701999,1.5098931098993922,1.5406236195806331,0,0,0,3113.951999999937,0.020352771649701999,0.030730509681240734,0,0
2021-04-22,0.011067457307927599,1727.6799999999548,2,0,0,FLAT,0,A,0.011067457307927599,1.5406236195806331,1.5576744057179268,0,0,0,1727.6799999999548,0.011067457307927599,0.017050786137293546,0,0
2021-04-23,0.017724461498138298,2797.200000000043,1,0,0,FLAT,0,A,0.017724461498138298,1.5576744057179268,1.5852833457487094,0,0,0,2797.200000000043,0.017724461498138298,0.027608940030782847,0,0
2021-04-26,0,0,0,0,0,FLAT,0,A,0,1.5852833457487094,1.5852833457487094,0,0,0,0,0,0,0,0
2021-04-27,-0.0040649984826767,-652.85999999995602,1,0,0,FLAT,0,A,-0.0040649984826767,1.5852833457487094,1.5788391713536283,0,0,0,-652.85999999995602,-0.0040649984826767,-0.0064441743950811462,0,0
2021-04-28,0,0,0,0,0,FLAT,0,A,0,1.5788391713536283,1.5788391713536283,0,0,0,0,0,0,0,0
2021-04-29,0,0,0,0,0,FLAT,0,A,0,1.5788391713536283,1.5788391713536283,0,0,0,0,0,0,0,0
2021-04-30,0,0,0,0,0,FLAT,0,A,0,1.5788391713536283,1.5788391713536283,0,0,0,0,0,0,0,0
2021-05-03,0,0,0,0,0,FLAT,0,A,0,1.5788391713536283,1.5788391713536283,0,0,0,0,0,0,0,0
2021-05-04,-0.0129863530965599,-2077.0879999999192,2,0,0,FLAT,0,A,-0.0129863530965599,1.5788391713536283,1.55833580839175,0,0,0,-2077.0879999999192,-0.0129863530965599,-0.020503362961878258,0,0
2021-05-05,0,0,0,0,0,FLAT,0,A,0,1.55833580839175,1.55833580839175,0,0,0,0,0,0,0,0
2021-05-06,-0.0063298479142488004,-999.16999999992242,2,0,0,FLAT,0,A,-0.0063298479142488004,1.55833580839175,1.5484717797253023,0,0,0,-999.16999999992242,-0.0063298479142488004,-0.0098640286664477377,0,0
2021-05-07,0.0019660237004876001,308.33999999997923,2,0,0,FLAT,0,A,0.0019660237004876001,1.5484717797253023,1.5515161119437786,0,0,0,308.33999999997923,0.0019660237004876001,0.0030443322184761589,0,0
2021-05-10,0.011081122780951899,1741.1399999999687,1,0,0,FLAT,0,A,0.011081122780951899,1.5515161119437786,1.5687086524768528,0,0,0,1741.1399999999687,0.011081122780951899,0.017192540533074122,0,0
2021-05-11,-0.0015621316426889999,-248.15999999996663,1,0,0,FLAT,0,A,-0.0015621316426889999,1.5687086524768528,1.5662581230526587,0,0,0,-248.15999999996663,-0.0015621316426889999,-0.0024505294241941133,0,0
2021-05-12,0.0281387970571573,4462.9199999999764,1,0,1,ENTRY,0,A,0.0281387970571573,1.5662581230526587,1.6103307425163615,0,0,0,4462.9199999999764,0.0281387970571573,0.044072619463702868,0,0
2021-05-13,-0.0033809884047618002,-551.30000000007306,4,1,1,HOLD,0.012773722627737226,B,0.012773722627737226,1.6103307425163615,1.6309006607601835,4,-551.30000000007306,-0.0033809884047618002,0,0,0,0.020569918243822136,-0.0054445095682792788
2021-05-14,0.0098928023714365994,1607.4000000000101,1,1,0,EXIT,0.015315315315315315,B,0.015315315315315315,1.6309006607601835,1.6558784186276818,1,1607.4000000000101,0.0098928023714365994,0,0,0,0.024977757867498306,0.01613417792434586
2021-05-17,-9.8730571674603203e-05,-16.199999999985266,1,0,0,FLAT,0,A,-9.8730571674603203e-05,1.6558784186276818,1.6557149328047871,0,0,0,-16.199999999985266,-9.8730571674603203e-05,-0.00016348582289474895,0,0
2021-05-18,0,0,0,0,0,FLAT,0,A,0,1.6557149328047871,1.6557149328047871,0,0,0,0,0,0,0,0
2021-05-19,0,0,0,0,1,ENTRY,0,A,0,1.6557149328047871,1.6557149328047871,0,0,0,0,0,0,0,0
2021-05-20,0.0109199597015856,1791.540000000022,1,1,0,EXIT,0.01176785888314979,B,0.01176785888314979,1.6557149328047871,1.6751991524847576,1,1791.540000000022,0.0109199597015856,0,0,0,0.019484219679970573,0.018080340343541786
2021-05-21,-0.0050000923743324004,-829.24999999999477,1,0,0,FLAT,0,A,-0.0050000923743324004,1.6751991524847576,1.6668230019769303,0,0,0,-829.24999999999477,-0.0050000923743324004,-0.0083761505078271369,0,0
2021-05-24,0.00083987698344429999,138.59000000000526,2,0,0,FLAT,0,A,0.00083987698344429999,1.6668230019769303,1.6682229282517664,0,0,0,138.59000000000526,0.00083987698344429999,0.0013999262748359566,0,0
2021-05-25,0,0,0,0,0,FLAT,0,A,0,1.6682229282517664,1.6682229282517664,0,0,0,0,0,0,0,0
2021-05-26,0,0,0,0,0,FLAT,0,A,0,1.6682229282517664,1.6682229282517664,0,0,0,0,0,0,0,0
2021-05-27,0,0,0,0,0,FLAT,0,A,0,1.6682229282517664,1.6682229282517664,0,0,0,0,0,0,0,0
2021-05-28,0,0,0,0,0,FLAT,0,A,0,1.6682229282517664,1.6682229282517664,0,0,0,0,0,0,0,0
2021-06-01,0,0,0,0,0,FLAT,0,A,0,1.6682229282517664,1.6682229282517664,0,0,0,0,0,0,0,0
2021-06-02,0,0,0,0,0,FLAT,0,A,0,1.6682229282517664,1.6682229282517664,0,0,0,0,0,0,0,0
2021-06-03,0,0,0,0,0,FLAT,0,A,0,1.6682229282517664,1.6682229282517664,0,0,0,0,0,0,0,0
2021-06-04,4.5815653795768251e-05,7.5660000000349887,2,0,0,FLAT,0,A,4.5815653795768251e-05,1.6682229282517664,1.6682993589759012,0,0,0,7.5660000000349887,4.5815653795768251e-05,7.6430724134945663e-05,0,0
2021-06-07,-0.0015489565278549999,-255.78000000000969,1,0,0,FLAT,0,A,-0.0015489565278549999,1.6682993589759012,1.6657152357933991,0,0,0,-255.78000000000969,-0.0015489565278549999,-0.0025841231825020341,0,0
2021-06-08,0,0,0,0,0,FLAT,0,A,0,1.6657152357933991,1.6657152357933991,0,0,0,0,0,0,0,0
2021-06-09,0,0,0,0,1,ENTRY,0,A,0,1.6657152357933991,1.6657152357933991,0,0,0,0,0,0,0,0
2021-06-10,-0.0051842480985707998,-854.70000000001755,1,1,0,EXIT,0.0041257646891449708,B,0.0041257646891449708,1.6657152357933991,1.6725875848954064,1,-854.70000000001755,-0.0051842480985707998,0,0,0,0.006872349102007195,-0.0086354810439223401
2021-06-11,0,0,0,0,0,FLAT,0,A,0,1.6725875848954064,1.6725875848954064,0,0,0,0,0,0,0,0
2021-06-14,-0.00075561336369039998,-123.91999999997536,1,0,0,FLAT,0,A,-0.00075561336369039998,1.6725875848954064,1.6713237553643168,0,0,0,-123.91999999997536,-0.00075561336369039998,-0.0012638295310896204,0,0
2021-06-15,-0.0059281923338907003,-971.41999999999291,2,0,0,FLAT,0,A,-0.0059281923338907003,1.6713237553643168,1.6614158266903165,0,0,0,-971.41999999999291,-0.0059281923338907003,-0.0099079286740001594,0,0
2021-06-16,0.0041077180050699,669.0300000000035,1,0,0,FLAT,0,A,0.0041077180050699,1.6614158266903165,1.6682404543955205,0,0,0,669.0300000000035,0.0041077180050699,0.0068246277052039055,0,0
2021-06-17,-0.018113527341333601,-2962.1000000000527,1,0,1,ENTRY,0,A,-0.018113527341333601,1.6682404543955205,1.6380227353129084,0,0,0,-2962.1000000000527,-0.018113527341333601,-0.03021771908261205,0,0
2021-06-18,-0.0140848058266072,-2261.4100000000421,2,1,1,HOLD,-0.011736017340629663,B,-0.011736017340629663,1.6380227353129084,1.6187988720869304,2,-2261.4100000000421,-0.0140848058266072,0,0,0,-0.019223863225977925,-0.023071232166450316
2021-06-21,0.023382083553110802,3700.7700000000032,1,1,0,EXIT,0.012409812409812411,B,0.012409812409812411,1.6187988720869304,1.6388878624187451,1,3700.7700000000032,0.023382083553110802,0,0,0,0.020088990331814723,0.037850890482818131
2021-06-22,0.0083985891323548993,1360.28000000001,1,0,0,FLAT,0,A,0.0083985891323548993,1.6388878624187451,1.6526522082092034,0,0,0,1360.28000000001,0.0083985891323548993,0.013764345790458423,0,0
2021-06-23,0,0,0,0,0,FLAT,0,A,0,1.6526522082092034,1.6526522082092034,0,0,0,0,0,0,0,0
2021-06-24,0,0,0,0,0,FLAT,0,A,0,1.6526522082092034,1.6526522082092034,0,0,0,0,0,0,0,0
2021-06-25,0,0,0,0,0,FLAT,0,A,0,1.6526522082092034,1.6526522082092034,0,0,0,0,0,0,0,0
2021-06-28,0,0,0,0,0,FLAT,0,A,0,1.6526522082092034,1.6526522082092034,0,0,0,0,0,0,0,0
2021-06-29,0,0,0,0,0,FLAT,0,A,0,1.6526522082092034,1.6526522082092034,0,0,0,0,0,0,0,0
2021-06-30,0,0,0,0,0,FLAT,0,A,0,1.6526522082092034,1.6526522082092034,0,0,0,0,0,0,0,0
2021-07-01,0.0020720325206239,338.40000000001282,1,0,0,FLAT,0,A,0.0020720325206239,1.6526522082092034,1.6560765573298937,0,0,0,338.40000000001282,0.0020720325206239,0.0034243491206903702,0,0
2021-07-02,0.0031004274261053999,507.37999999997743,1,0,0,FLAT,0,A,0.0031004274261053999,1.6560765573298937,1.6612111025079697,0,0,0,507.37999999997743,0.0031004274261053999,0.0051345451780758136,0,0
2021-07-06,0.0092913676355719007,1525.1600000000169,2,0,0,FLAT,0,A,0.0092913676355719007,1.6612111025079697,1.6766460255816649,0,0,0,1525.1600000000169,0.0092913676355719007,0.015434923073695265,0,0
2021-07-07,0,0,0,0,0,FLAT,0,A,0,1.6766460255816649,1.6766460255816649,0,0,0,0,0,0,0,0
2021-07-08,0,0,0,0,0,FLAT,0,A,0,1.6766460255816649,1.6766460255816649,0,0,0,0,0,0,0,0
2021-07-09,0.011039361539096499,1828.7600000000048,1,0,0,FLAT,0,A,0.011039361539096499,1.6766460255816649,1.69515512723115,0,0,0,1828.7600000000048,0.011039361539096499,0.018509101649485236,0,0
2021-07-12,-0.00050179259193750003,-84.040000000003133,2,0,0,FLAT,0,A,-0.00050179259193750003,1.69515512723115,1.6943045109461206,0,0,0,-84.040000000003133,-0.00050179259193750003,-0.00085061628502946141,0,0
2021-07-13,0,0,0,0,0,FLAT,0,A,0,1.6943045109461206,1.6943045109461206,0,0,0,0,0,0,0,0
2021-07-14,0,0,0,0,0,FLAT,0,A,0,1.6943045109461206,1.6943045109461206,0,0,0,0,0,0,0,0
2021-07-15,-0.0057064155297436,-955.11699999995596,1,0,0,FLAT,0,A,-0.0057064155297436,1.6943045109461206,1.684636105372743,0,0,0,-955.11699999995596,-0.0057064155297436,-0.0096684055733775778,0,0
2021-07-16,0.019555185481821901,3254.1800000000071,2,0,0,FLAT,0,A,0.019555185481821901,1.684636105372743,1.7175794768826811,0,0,0,3254.1800000000071,0.019555185481821901,0.032943371509938056,0,0
2021-07-19,-0.0072851318197587004,-1235.8700000000608,1,0,1,ENTRY,0,A,-0.0072851318197587004,1.7175794768826811,1.7050666839826787,0,0,0,-1235.8700000000608,-0.0072851318197587004,-0.012512792900002524,0,0
2021-07-20,0.0198217914109074,3337.9199999999946,1,1,1,HOLD,0.017138546406091609,B,0.017138546406091609,1.7050666839826787,1.7342890484715965,1,3337.9199999999946,0.0198217914109074,0,0,0,0.029222364488917876,0.033797476151592225
2021-07-21,-0.0034112423507053,-585.79999999998392,1,1,0,EXIT,0.0072544384183933618,B,0.0072544384183933618,1.7342890484715965,1.7468703415734279,1,-585.79999999998392,-0.0034112423507053,0,0,0,0.012581293101831217,-0.0059160802505107066
2021-07-22,0,0,0,0,0,FLAT,0,A,0,1.7468703415734279,1.7468703415734279,0,0,0,0,0,0,0,0
2021-07-23,-0.0023905324583526001,-409.09999999996018,2,0,0,FLAT,0,A,-0.0023905324583526001,1.7468703415734279,1.7426943913213631,0,0,0,-409.09999999996018,-0.0023905324583526001,-0.004175950252064773,0,0
2021-07-26,0,0,0,0,0,FLAT,0,A,0,1.7426943913213631,1.7426943913213631,0,0,0,0,0,0,0,0
2021-07-27,0.0014585726563126,248.99400000002296,1,0,0,FLAT,0,A,0.0014585726563126,1.7426943913213631,1.7452362377088537,0,0,0,248.99400000002296,0.0014585726563126,0.0025418463874906701,0,0
2021-07-28,0,0,0,0,0,FLAT,0,A,0,1.7452362377088537,1.7452362377088537,0,0,0,0,0,0,0,0
2021-07-29,-0.0019510620705884001,-333.54000000003123,1,0,0,FLAT,0,A,-0.0019510620705884001,1.7452362377088537,1.7418311734812437,0,0,0,-333.54000000003123,-0.0019510620705884001,-0.0034050642276101453,0,0
2021-07-30,0,0,0,0,0,FLAT,0,A,0,1.7418311734812437,1.7418311734812437,0,0,0,0,0,0,0,0
2021-08-02,0,0,0,0,0,FLAT,0,A,0,1.7418311734812437,1.7418311734812437,0,0,0,0,0,0,0,0
2021-08-03,0.003781197051658,645.11999999999534,1,0,0,FLAT,0,A,0.003781197051658,1.7418311734812437,1.7484173803788969,0,0,0,645.11999999999534,0.003781197051658,0.0065862068976532727,0,0
2021-08-04,0,0,0,0,0,FLAT,0,A,0,1.7484173803788969,1.7484173803788969,0,0,0,0,0,0,0,0
2021-08-05,0,0,0,0,0,FLAT,0,A,0,1.7484173803788969,1.7484173803788969,0,0,0,0,0,0,0,0
2021-08-06,0,0,0,0,0,FLAT,0,A,0,1.7484173803788969,1.7484173803788969,0,0,0,0,0,0,0,0
2021-08-09,0,0,0,0,0,FLAT,0,A,0,1.7484173803788969,1.7484173803788969,0,0,0,0,0,0,0,0
2021-08-10,0,0,0,0,0,FLAT,0,A,0,1.7484173803788969,1.7484173803788969,0,0,0,0,0,0,0,0
2021-08-11,0,0,0,0,0,FLAT,0,A,0,1.7484173803788969,1.7484173803788969,0,0,0,0,0,0,0,0
2021-08-12,0.0018872343849279001,323.18999999996851,1,0,0,FLAT,0,A,0.0018872343849279001,1.7484173803788969,1.7517170537783535,0,0,0,323.18999999996851,0.0018872343849279001,0.0032996733994566179,0,0
2021-08-13,0,0,0,0,0,FLAT,0,A,0,1.7517170537783535,1.7517170537783535,0,0,0,0,0,0,0,0
2021-08-16,-0.0046919205880547998,-804.95999999997184,1,0,0,FLAT,0,A,-0.0046919205880547998,1.7517170537783535,1.7434981364692841,0,0,0,-804.95999999997184,-0.0046919205880547998,-0.0082189173090693544,0,0
2021-08-17,-0.0119694488712299,-2043.7500000001496,2,0,0,FLAT,0,A,-0.0119694488712299,1.7434981364692841,1.7226294246677305,0,0,0,-2043.7500000001496,-0.0119694488712299,-0.020868711801553707,0,0
2021-08-18,0.0207891775149594,3506.7600000000243,1,0,0,FLAT,0,A,0.0207891775149594,1.7226294246677305,1.7584414735696403,0,0,0,3506.7600000000243,0.0207891775149594,0.035812048901909831,0,0
2021-08-19,-0.0146865400308665,-2528.7000000000103,2,0,1,ENTRY,0,A,-0.0146865400308665,1.7584414735696403,1.732616052476124,0,0,0,-2528.7000000000103,-0.0146865400308665,-0.025825421093516401,0,0
2021-08-20,0.013727891281024401,2328.6399999999721,1,1,0,EXIT,0.0097297297297297292,B,0.0097297297297297292,1.732616052476124,1.7494739383921079,1,2328.6399999999721,0.013727891281024401,0,0,0,0.01685788591598391,0.023785164800149899
2021-08-23,0.0089484915287417009,1538.6599999999903,1,0,0,FLAT,0,A,0.0089484915287417009,1.7494739383921079,1.7651290911095638,0,0,0,1538.6599999999903,0.0089484915287417009,0.015655152717456159,0,0
2021-08-24,0,0,0,0,0,FLAT,0,A,0,1.7651290911095638,1.7651290911095638,0,0,0,0,0,0,0,0
2021-08-25,0,0,0,0,0,FLAT,0,A,0,1.7651290911095638,1.7651290911095638,0,0,0,0,0,0,0,0
2021-08-26,0.010817415520757601,1876.5499999999679,2,0,0,FLAT,0,A,0.010817415520757601,1.7651290911095638,1.7842232259358732,0,0,0,1876.5499999999679,0.010817415520757601,0.019094134826309353,0,0
2021-08-27,0.018013771913188599,3158.3499999999667,1,0,0,FLAT,0,A,0.018013771913188599,1.7842232259358732,1.8163638161700955,0,0,0,3158.3499999999667,0.018013771913188599,0.032140590234222388,0,0
2021-08-30,0.00092650173150379996,165.36000000000627,1,0,0,FLAT,0,A,0.00092650173150379996,1.8163638161700955,1.818046680390818,0,0,0,165.36000000000627,0.00092650173150379996,0.0016828642207224432,0,0
2021-08-31,-0.002640125937391,-471.61499999995959,1,0,0,FLAT,0,A,-0.002640125937391,1.818046680390818,1.8132468081945305,0,0,0,-471.61499999995959,-0.002640125937391,-0.004799872196287404,0,0
2021-09-01,0,0,0,0,0,FLAT,0,A,0,1.8132468081945305,1.8132468081945305,0,0,0,0,0,0,0,0
2021-09-02,0,0,0,0,0,FLAT,0,A,0,1.8132468081945305,1.8132468081945305,0,0,0,0,0,0,0,0
2021-09-03,0,0,0,0,0,FLAT,0,A,0,1.8132468081945305,1.8132468081945305,0,0,0,0,0,0,0,0
2021-09-07,-0.00091000769341560001,-162.12000000000614,1,0,0,FLAT,0,A,-0.00091000769341560001,1.8132468081945305,1.8115967396490122,0,0,0,-162.12000000000614,-0.00091000769341560001,-0.0016500685455183037,0,0
2021-09-08,-0.0113452710616822,-2019.2400000000223,1,0,1,ENTRY,0,A,-0.0113452710616822,1.8115967396490122,1.7910436835832346,0,0,0,-2019.2400000000223,-0.0113452710616822,-0.020553056065777762,0,0
2021-09-09,-0.0115897801400112,-2039.2400000000036,2,1,1,HOLD,-0.0040044370493621745,B,-0.0040044370493621745,1.7910436835832346,1.7838715618996679,2,-2039.2400000000036,-0.0115897801400112,0,0,0,-0.0071721216835668082,-0.020757802513885475
2021-09-10,0.001530232772067,266.09299999997398,2,1,1,HOLD,-0.007963113521700876,B,-0.007963113521700876,1.7838715618996679,1.769666390144127,2,266.09299999997398,0.001530232772067,0,0,0,-0.014205171755540907,0.002729738725177218
2021-09-13,0,0,0,1,1,HOLD,0.001975885219031367,B,0.001975885219031367,1.769666390144127,1.7731630478070295,0,0,0,0,0,0,0.0034966576629023769,0
2021-09-14,0.00085921855571160003,149.61999999994669,3,1,1,HOLD,-0.005198879551820728,B,-0.005198879551820728,1.7731630478070295,1.7639445866957413,3,149.61999999994669,0.00085921855571160003,0,0,0,-0.0092184611112880854,0.0015235345929779348
2021-09-15,0.0163145473000352,2842.8399999999888,1,1,0,EXIT,0.008717590611132385,B,0.008717590611132385,1.7639445866957413,1.7793219334632777,1,2842.8399999999888,0.0163145473000352,0,0,0,0.01537734676753659,0.028777957394288713
2021-09-16,-0.00048474238062939999,-85.840000000010662,2,0,0,FLAT,0,A,-0.00048474238062939999,1.7793219334632777,1.7784594207133446,0,0,0,-85.840000000010662,-0.00048474238062939999,-0.00086251274993309605,0,0
2021-09-17,0.020007788623185498,3540.8999999999528,1,0,0,FLAT,0,A,0.020007788623185498,1.7784594207133446,1.8140424608778902,0,0,0,3540.8999999999528,0.020007788623185498,0.035583040164545526,0,0
2021-09-20,-0.0107989872791634,-1949.2800000000143,1,0,1,ENTRY,0,A,-0.0107989872791634,1.8140424608778902,1.7944526394190077,0,0,0,-1949.2800000000143,-0.0107989872791634,-0.019589821458882606,0,0
2021-09-21,0,0,0,1,1,HOLD,0.00049513501065116014,B,0.00049513501065116014,1.7944526394190077,1.7953411357457396,0,0,0,0,0,0,0.00088849632673173283,0
2021-09-22,-0.0081007460220329994,-1446.3520000000249,2,1,1,HOLD,0.0077801307430255045,B,0.0077801307430255045,1.7953411357457396,1.8093091245101731,2,-1446.3520000000249,-0.0081007460220329994,0,0,0,0.013967988764433755,-0.014543602563584508
2021-09-23,0.0044899123965616997,795.0799999999723,1,1,0,EXIT,0.012676442373578184,B,0.012676442373578184,1.8093091245101731,1.8322447273630154,1,795.0799999999723,0.0044899123965616997,0,0,0,0.022935602852842404,0.0081236394673504225
2021-09-24,0,0,0,0,0,FLAT,0,A,0,1.8322447273630154,1.8322447273630154,0,0,0,0,0,0,0,0
2021-09-27,0,0,0,0,0,FLAT,0,A,0,1.8322447273630154,1.8322447273630154,0,0,0,0,0,0,0,0
2021-09-28,0.0143674517847442,2555.52000000003,2,0,1,ENTRY,0,A,0.0143674517847442,1.8322447273630154,1.8585694151412555,0,0,0,2555.52000000003,0.0143674517847442,0.026324687778239906,0,0
2021-09-29,-0.0035081744994406999,-632.90999999996643,1,1,1,HOLD,0.00036862112659831817,B,0.00036862112659831817,1.8585694151412555,1.859254523092926,1,-632.90999999996643,-0.0035081744994406999,0,0,0,0.00068510795167054685,-0.0065201858276389682
2021-09-30,-0.0105015773698738,-1887.8799999999685,1,1,1,HOLD,-0.010409709587526773,B,-0.010409709587526773,1.859254523092926,1.8399002234582331,1,-1887.8799999999685,-0.0105015773698738,0,0,0,-0.019354299634692949,-0.019525105224548176
2021-10-01,0.00018709546683910001,33.279999999969725,1,1,0,EXIT,0.011240661872512742,B,0.011240661872512742,1.8399002234582331,1.8605819197492877,1,33.279999999969725,0.00018709546683910001,0,0,0,0.020681696291054635,0.00034423699124528257
2021-10-04,0.0039421136594693,701.31999999998925,1,0,0,FLAT,0,A,0.0039421136594693,1.8605819197492877,1.8679165451496929,0,0,0,701.31999999998925,0.0039421136594693,0.0073346254004052801,0,0
2021-10-05,0.0052835278360153998,943.64000000000669,1,0,0,FLAT,0,A,0.0052835278360153998,1.8679165451496929,1.8777857342113451,0,0,0,943.64000000000669,0.0052835278360153998,0.0098691890616521179,0,0
2021-10-06,0,0,0,0,0,FLAT,0,A,0,1.8777857342113451,1.8777857342113451,0,0,0,0,0,0,0,0
2021-10-07,0.00081208128312040004,145.79999999999171,1,0,0,FLAT,0,A,0.00081208128312040004,1.8777857342113451,1.8793106488598088,0,0,0,145.79999999999171,0.00081208128312040004,0.0015249146484635316,0,0
2021-10-08,0,0,0,0,0,FLAT,0,A,0,1.8793106488598088,1.8793106488598088,0,0,0,0,0,0,0,0
2021-10-11,0.0012276868171429,220.5899999999852,1,0,0,FLAT,0,A,0.0012276868171429,1.8793106488598088,1.88161785376873,0,0,0,220.5899999999852,0.0012276868171429,0.002307204908921457,0,0
2021-10-12,0,0,0,0,1,ENTRY,0,A,0,1.88161785376873,1.88161785376873,0,0,0,0,0,0,0,0
2021-10-13,0,0,0,1,1,HOLD,0.0027437056165267914,B,0.0027437056165267914,1.88161785376873,1.8867804592422721,0,0,0,0,0,0,0.005162605473542351,0
2021-10-14,0.0064889512919720001,1167.3250000000401,1,1,0,EXIT,0.016739095445034605,B,0.016739095445034605,1.8867804592422721,1.9183634574333548,1,1167.3250000000401,0.0064889512919720001,0,0,0,0.031582998191082616,0.012243226498667666
2021-10-15,0,0,0,0,0,FLAT,0,A,0,1.9183634574333548,1.9183634574333548,0,0,0,0,0,0,0,0
2021-10-18,0,0,0,0,0,FLAT,0,A,0,1.9183634574333548,1.9183634574333548,0,0,0,0,0,0,0,0
2021-10-19,0,0,0,0,0,FLAT,0,A,0,1.9183634574333548,1.9183634574333548,0,0,0,0,0,0,0,0
2021-10-20,0,0,0,0,0,FLAT,0,A,0,1.9183634574333548,1.9183634574333548,0,0,0,0,0,0,0,0
2021-10-21,0,0,0,0,0,FLAT,0,A,0,1.9183634574333548,1.9183634574333548,0,0,0,0,0,0,0,0
2021-10-22,0,0,0,0,0,FLAT,0,A,0,1.9183634574333548,1.9183634574333548,0,0,0,0,0,0,0,0
2021-10-25,0,0,0,0,0,FLAT,0,A,0,1.9183634574333548,1.9183634574333548,0,0,0,0,0,0,0,0
2021-10-26,0,0,0,0,0,FLAT,0,A,0,1.9183634574333548,1.9183634574333548,0,0,0,0,0,0,0,0
2021-10-27,0,0,0,0,0,FLAT,0,A,0,1.9183634574333548,1.9183634574333548,0,0,0,0,0,0,0,0
2021-10-28,0.011193479759377701,2026.6399999999519,1,0,0,FLAT,0,A,0.011193479759377701,1.9183634574333548,1.939836619965265,0,0,0,2026.6399999999519,0.011193479759377701,0.021473162531910082,0,0
2021-10-29,0,0,0,0,0,FLAT,0,A,0,1.939836619965265,1.939836619965265,0,0,0,0,0,0,0,0
2021-11-01,0,0,0,0,0,FLAT,0,A,0,1.939836619965265,1.939836619965265,0,0,0,0,0,0,0,0
2021-11-02,-0.0069185579649519999,-1266.5999999999167,5,0,0,FLAT,0,A,-0.0069185579649519999,1.939836619965265,1.9264157478674988,0,0,0,-1266.5999999999167,-0.0069185579649519999,-0.01342087209776625,0,0
2021-11-03,0.0057970649925906002,1053.6299999999965,1,0,0,FLAT,0,A,0.0057970649925906002,1.9264157478674988,1.9375833051606368,0,0,0,1053.6299999999965,0.0057970649925906002,0.011167557293137918,0,0
2021-11-04,0.00067765433675720001,123.87200000001212,1,0,0,FLAT,0,A,0.00067765433675720001,1.9375833051606368,1.9388963168902074,0,0,0,123.87200000001212,0.00067765433675720001,0.0013130117295704548,0,0
2021-11-05,-0.0025504603662970002,-466.50000000001768,1,0,0,FLAT,0,A,-0.0025504603662970002,1.9388963168902074,1.9339512386796196,0,0,0,-466.50000000001768,-0.0025504603662970002,-0.004945078210587703,0,0
2021-11-08,0,0,0,0,0,FLAT,0,A,0,1.9339512386796196,1.9339512386796196,0,0,0,0,0,0,0,0
2021-11-09,-0.00042783352830229999,-78.050000000017747,1,0,0,FLAT,0,A,-0.00042783352830229999,1.9339512386796196,1.9331238294976105,0,0,0,-78.050000000017747,-0.00042783352830229999,-0.0008274091820089051,0,0
2021-11-10,0.0048247852866073002,879.76000000000352,1,0,1,ENTRY,0,A,0.0048247852866073002,1.9331238294976105,1.9424507369073605,0,0,0,879.76000000000352,0.0048247852866073002,0.0093269074097500314,0,0
2021-11-11,0,0,0,1,1,HOLD,-0.0001723952160327551,B,-0.0001723952160327551,1.9424507369073605,1.9421158676929384,0,0,0,0,0,0,-0.00033486921442212877,0
2021-11-12,0.0021409792566755002,392.25,1,1,0,EXIT,0.0069832101213440521,B,0.0069832101213440521,1.9421158676929384,1.9556780708770347,1,392.25,0.0021409792566755002,0,0,0,0.013562203184096214,0.0041580297867909212
2021-11-15,0,0,0,0,0,FLAT,0,A,0,1.9556780708770347,1.9556780708770347,0,0,0,0,0,0,0,0
2021-11-16,0.0023692776338952001,434.97999999995739,2,0,0,FLAT,0,A,0.0023692776338952001,1.9556780708770347,1.9603116151894631,0,0,0,434.97999999995739,0.0023692776338952001,0.0046335443124282706,0,0
2021-11-17,-0.0035049607425160002,-644.9300000000394,1,0,0,FLAT,0,A,-0.0035049607425160002,1.9603116151894631,1.9534407999351258,0,0,0,-644.9300000000394,-0.0035049607425160002,-0.0068708152543372003,0,0
2021-11-18,-0.0033395332953409002,-612.30000000006783,1,0,0,FLAT,0,A,-0.0033395332953409002,1.9534407999351258,1.9469172193432651,0,0,0,-612.30000000006783,-0.0033395332953409002,-0.0065235805918607143,0,0
2021-11-19,0,0,0,0,0,FLAT,0,A,0,1.9469172193432651,1.9469172193432651,0,0,0,0,0,0,0,0
2021-11-22,-0.0081963300145385005,-1497.6799999999544,1,0,0,FLAT,0,A,-0.0081963300145385005,1.9469172193432651,1.9309596433025402,0,0,0,-1497.6799999999544,-0.0081963300145385005,-0.015957576040725042,0,0
2021-11-23,-0.024655938416881899,-4468.0800000000672,3,0,0,FLAT,0,A,-0.024655938416881899,1.9309596433025402,1.8833500212517886,0,0,0,-4468.0800000000672,-0.024655938416881899,-0.047609622050751671,0,0
2021-11-24,0,0,0,0,0,FLAT,0,A,0,1.8833500212517886,1.8833500212517886,0,0,0,0,0,0,0,0
2021-11-26,0.0020819752752873999,367.92000000001394,2,0,0,FLAT,0,A,0.0020819752752873999,1.8833500212517886,1.8872711094307468,0,0,0,367.92000000001394,0.0020819752752873999,0.0039210881789582229,0,0
2021-11-29,-0.0063552454811838001,-1125.280000000022,1,0,0,FLAT,0,A,-0.0063552454811838001,1.8872711094307468,1.8752770382407682,0,0,0,-1125.280000000022,-0.0063552454811838001,-0.011994071189978492,0,0
2021-11-30,0.010939330358784799,1924.5600000000177,1,0,0,FLAT,0,A,0.010939330358784799,1.8752770382407682,1.8957913132763275,0,0,0,1924.5600000000177,0.010939330358784799,0.02051427503555928,0,0
2021-12-01,0.011222274272887099,1995.8600000000115,2,0,0,FLAT,0,A,0.011222274272887099,1.8957913132763275,1.9170664033580713,0,0,0,1995.8600000000115,0.011222274272887099,0.021275090081743778,0,0
2021-12-02,0.011570725982633199,2080.7899999999927,1,0,0,FLAT,0,A,0.011570725982633199,1.9170664033580713,1.9392482534018398,0,0,0,2080.7899999999927,0.011570725982633199,0.022181850043768412,0,0
2021-12-03,0.0092432812358719998,1681.4200000000135,1,0,0,FLAT,0,A,0.0092432812358719998,1.9392482534018398,1.9571732703942066,0,0,0,1681.4200000000135,0.0092432812358719998,0.017925016992366774,0,0
2021-12-06,0.00070839735918180001,130.05000000001218,2,0,0,FLAT,0,A,0.00070839735918180001,1.9571732703942066,1.9585597267704149,0,0,0,130.05000000001218,0.00070839735918180001,0.0013864563762084629,0,0
2021-12-07,0.0011947561831041,219.48000000000161,1,0,0,FLAT,0,A,0.0011947561831041,1.9585597267704149,1.9608997281139524,0,0,0,219.48000000000161,0.0011947561831041,0.0023400013435376297,0,0
2021-12-08,0,0,0,0,0,FLAT,0,A,0,1.9608997281139524,1.9608997281139524,0,0,0,0,0,0,0,0
2021-12-09,0,0,0,0,0,FLAT,0,A,0,1.9608997281139524,1.9608997281139524,0,0,0,0,0,0,0,0
2021-12-10,0,0,0,0,0,FLAT,0,A,0,1.9608997281139524,1.9608997281139524,0,0,0,0,0,0,0,0
2021-12-13,-0.0014223242333021001,-261.59000000004158,3,0,0,FLAT,0,A,-0.0014223242333021001,1.9608997281139524,1.9581106929115804,0,0,0,-261.59000000004158,-0.0014223242333021001,-0.0027890352023719738,0,0
2021-12-14,0,0,0,0,0,FLAT,0,A,0,1.9581106929115804,1.9581106929115804,0,0,0,0,0,0,0,0
2021-12-15,0.0035570561492531002,653.22799999998813,2,0,0,FLAT,0,A,0.0035570561492531002,1.9581106929115804,1.9650758025927197,0,0,0,653.22799999998813,0.0035570561492531002,0.0069651096811393859,0,0
2021-12-16,-0.0016027111256504,-295.35999999998967,1,0,0,FLAT,0,A,-0.0016027111256504,1.9650758025927197,1.961926353741158,0,0,0,-295.35999999998967,-0.0016027111256504,-0.0031494488515617408,0,0
2021-12-17,-0.011163747461748899,-2054,1,0,0,FLAT,0,A,-0.011163747461748899,1.961926353741158,1.940023903389442,0,0,0,-2054,-0.011163747461748899,-0.021902450351716125,0,0
2021-12-20,-0.0015853352542408001,-288.41999999998723,1,0,1,ENTRY,0,A,-0.0015853352542408001,1.940023903389442,1.9369483151013289,0,0,0,-288.41999999998723,-0.0015853352542408001,-0.0030755882881131303,0,0
2021-12-21,0.0068455704362353001,1243.4100000000162,1,1,0,EXIT,0.016892188735611983,B,0.016892188735611983,1.9369483151013289,1.969667611611146,1,1243.4100000000162,0.0068455704362353001,0,0,0,0.032719296509817281,0.013259516122373433
2021-12-22,0.0032259014040097,589.93999999999858,2,0,0,FLAT,0,A,0.0032259014040097,1.969667611611146,1.9760215651248749,0,0,0,589.93999999999858,0.0032259014040097,0.0063539535137288284,0,0
2021-12-23,0.00038701133700089999,70.999999999972232,3,0,0,FLAT,0,A,0.00038701133700089999,1.9760215651248749,1.9767863078727363,0,0,0,70.999999999972232,0.00038701133700089999,0.00076474274786158885,0,0
2021-12-27,0.0142845807056006,2621.4300000000057,1,0,0,FLAT,0,A,0.0142845807056006,1.9767863078727363,2.0050238714252711,0,0,0,2621.4300000000057,0.0142845807056006,0.028237563552534338,0,0
2021-12-28,0,0,0,0,0,FLAT,0,A,0,2.0050238714252711,2.0050238714252711,0,0,0,0,0,0,0,0
2021-12-29,0,0,0,0,0,FLAT,0,A,0,2.0050238714252711,2.0050238714252711,0,0,0,0,0,0,0,0
2021-12-30,0,0,0,0,0,FLAT,0,A,0,2.0050238714252711,2.0050238714252711,0,0,0,0,0,0,0,0
2021-12-31,0,0,0,0,0,FLAT,0,A,0,2.0050238714252711,2.0050238714252711,0,0,0,0,0,0,0,0
2022-01-03,0,0,0,0,0,FLAT,0,A,0,2.0050238714252711,2.0050238714252711,0,0,0,0,0,0,0,0
2022-01-04,0,0,0,0,0,FLAT,0,A,0,2.0050238714252711,2.0050238714252711,0,0,0,0,0,0,0,0
2022-01-05,0.0231633020855854,4311.4200000000055,1,0,0,FLAT,0,A,0.0231633020855854,2.0050238714252711,2.0514668450479046,0,0,0,4311.4200000000055,0.0231633020855854,0.046442973622633492,0,0
2022-01-06,-0.0071070090214181,-1353.439999999993,1,0,1,ENTRY,0,A,-0.0071070090214181,2.0514668450479046,2.0368870516730091,0,0,0,-1353.439999999993,-0.0071070090214181,-0.014579793374895586,0,0
2022-01-07,-0.0094900250230418991,-1794.3600000000231,1,1,1,HOLD,-0.0031193915049995725,B,-0.0031193915049995725,2.0368870516730091,2.0305332035073764,1,-1794.3600000000231,-0.0094900250230418991,0,0,0,-0.0063538481656324102,-0.019330109089486895
2022-01-10,-0.0097375748565656003,-1823.640000000029,3,1,1,HOLD,-0.0034935059368168373,B,-0.0034935059368168373,2.0305332035073764,2.0234395237060196,3,-1823.640000000029,-0.0097375748565656003,0,0,0,-0.0070936798013567304,-0.019772469067895031
2022-01-11,-0.0111967828848835,-2076.3000000000093,4,1,0,EXIT,0.0095709216044735992,B,0.0095709216044735992,2.0234395237060196,2.0428057047588037,4,-2076.3000000000093,-0.0111967828848835,0,0,0,0.019366181052783715,-0.022656013027628381
2022-01-12,-0.0027838988723246998,-510.38999999997367,1,0,0,FLAT,0,A,-0.0027838988723246998,2.0428057047588037,2.0371187402609472,0,0,0,-510.38999999997367,-0.0027838988723246998,-0.0056869644978564974,0,0
2022-01-13,0.0156931487583339,2869.0100000000025,1,0,0,FLAT,0,A,0.0156931487583339,2.0371187402609472,2.0690875476902519,0,0,0,2869.0100000000025,0.0156931487583339,0.031968807429304802,0,0
2022-01-14,0,0,0,0,0,FLAT,0,A,0,2.0690875476902519,2.0690875476902519,0,0,0,0,0,0,0,0
2022-01-18,-0.00024342807085279999,-45.199999999958955,2,0,1,ENTRY,0,A,-0.00024342807085279999,2.0690875476902519,2.0685838737000921,0,0,0,-45.199999999958955,-0.00024342807085279999,-0.00050367399015978885,0,0
2022-01-19,-0.0187654233353476,-3483.2400000000398,2,1,1,HOLD,-0.0090976850227990173,B,-0.0090976850227990173,2.0685838737000921,2.0497645491739269,2,-3483.2400000000398,-0.0187654233353476,0,0,0,-0.018819324526164902,-0.038817852094655443
2022-01-20,-0.0120086799454208,-2187.0600000000559,2,1,1,HOLD,-0.011238689409526338,B,-0.011238689409526338,2.0497645491739269,2.0267278820431036,2,-2187.0600000000559,-0.0120086799454208,0,0,0,-0.02303666713082354,-0.024614966434499445
2022-01-21,0.015901140169741899,2860.98000000003,2,1,1,HOLD,-0.017139149307497818,B,-0.017139149307497818,2.0267278820431036,1.9919914902670981,2,2860.98000000003,0.015901140169741899,0,0,0,-0.034736391776005578,0.032227284138291512
2022-01-24,-0.017776798676655499,-3249.080000000039,2,1,1,HOLD,0.00015935529401051745,B,0.00015935529401051745,1.9919914902670981,1.9923089246566958,2,-3249.080000000039,-0.017776798676655499,0,0,0,0.00031743438959796225,-0.035411231688089163
2022-01-25,-0.028477697149062901,-5112.009999999992,3,1,1,HOLD,-0.011244138935676242,B,-0.011244138935676242,1.9923089246566958,1.9699071263050683,3,-5112.009999999992,-0.028477697149062901,0,0,0,-0.02240179835162762,-0.056736370183748559
2022-01-26,-0.0203281762934595,-3544.7999999999902,1,1,1,HOLD,-0.0023250460405156536,B,-0.0023250460405156536,1.9699071263050683,1.965327001540869,1,-3544.7999999999902,-0.0203281762934595,0,0,0,-0.0045801247641991689,-0.040044619345271613
2022-01-27,-0.013336518214276999,-2278.25,2,1,1,HOLD,-0.0038302683495235238,B,-0.0038302683495235238,1.965327001540869,1.9577992717304031,2,-2278.25,-0.013336518214276999,0,0,0,-0.0075277298104659603,-0.0262106193530602
2022-01-28,-0.0070580956597513997,-1189.5499999998938,4,1,0,EXIT,0.022189794547518123,B,0.022189794547518123,1.9577992717304031,2.001242435335381,4,-1189.5499999998938,-0.0070580956597513997,0,0,0,0.043443163604978255,-0.013818334542464809
2022-01-31,0.021209823924180301,3548.8799999999901,1,0,0,FLAT,0,A,0.021209823924180301,2.001242435335381,2.0436884350184421,0,0,0,3548.8799999999901,0.021209823924180301,0.042445999683061217,0,0
2022-02-01,0,0,0,0,0,FLAT,0,A,0,2.0436884350184421,2.0436884350184421,0,0,0,0,0,0,0,0
2022-02-02,0,0,0,0,0,FLAT,0,A,0,2.0436884350184421,2.0436884350184421,0,0,0,0,0,0,0,0
2022-02-03,0,0,0,0,0,FLAT,0,A,0,2.0436884350184421,2.0436884350184421,0,0,0,0,0,0,0,0
2022-02-04,-0.0014376102773612999,-245.63999999998907,1,0,0,FLAT,0,A,-0.0014376102773612999,2.0436884350184421,2.0407504075205352,0,0,0,-245.63999999998907,-0.0014376102773612999,-0.0029380274979069437,0,0
2022-02-07,0,0,0,0,0,FLAT,0,A,0,2.0407504075205352,2.0407504075205352,0,0,0,0,0,0,0,0
2022-02-08,-0.0011059825898061999,-188.70000000001767,1,0,0,FLAT,0,A,-0.0011059825898061999,2.0407504075205352,2.0384933730996777,0,0,0,-188.70000000001767,-0.0011059825898061999,-0.0022570344208576194,0,0
2022-02-09,0,0,0,0,0,FLAT,0,A,0,2.0384933730996777,2.0384933730996777,0,0,0,0,0,0,0,0
2022-02-10,0,0,0,0,0,FLAT,0,A,0,2.0384933730996777,2.0384933730996777,0,0,0,0,0,0,0,0
2022-02-11,0.015785718766530898,2690.2799999999897,1,0,0,FLAT,0,A,0.015785718766530898,2.0384933730996777,2.070672456194866,0,0,0,2690.2799999999897,0.015785718766530898,0.032179083095188452,0,0
2022-02-14,-0.011336177604298199,-1962.4200000000133,2,0,1,ENTRY,0,A,-0.011336177604298199,2.070672456194866,2.0471989454711128,0,0,0,-1962.4200000000133,-0.011336177604298199,-0.023473510723753383,0,0
2022-02-15,-0.0035703822975275,-611.03999999999269,1,1,1,HOLD,0.013240814469343647,B,0.013240814469343647,2.0471989454711128,2.074305526889932,1,-611.03999999999269,-0.0035703822975275,0,0,0,0.027106581418818967,-0.0073092828744270267
2022-02-16,0,0,0,1,0,EXIT,0.0028740148640456248,B,0.0028740148640456248,2.074305526889932,2.0802671118067857,0,0,0,0,0,0,0.0059615849168536562,0
2022-02-17,0.0098488478729219994,1679.4899999999891,2,0,0,FLAT,0,A,0.0098488478729219994,2.0802671118067857,2.1007553461260136,0,0,0,1679.4899999999891,0.0098488478729219994,0.020488234319227853,0,0
2022-02-18,-0.0040827839572610998,-703.04999999998017,2,0,1,ENTRY,0,A,-0.0040827839572610998,2.1007553461260136,2.0921784159007197,0,0,0,-703.04999999998017,-0.0040827839572610998,-0.0085769302252937767,0,0
2022-02-22,-0.0058045461583847999,-995.40999999999872,1,1,1,HOLD,-0.011013317358647067,B,-0.011013317358647067,2.0921784159007197,2.0691365910354937,1,-995.40999999999872,-0.0058045461583847999,0,0,0,-0.023041824865226119,-0.012144146186672118
2022-02-23,0.010477659001739499,1786.3200000000002,2,1,1,HOLD,-0.018288137172677289,B,-0.018288137172677289,2.0691365910354937,2.0312959372296309,2,1786.3200000000002,0.010477659001739499,0,0,0,-0.037840653805862975,0.021679707628891622
2022-02-24,0,0,0,1,1,HOLD,0.014713211039654476,B,0.014713211039654476,2.0312959372296309,2.0611828230380831,0,0,0,0,0,0,0.02988688580845229,0
2022-02-25,0.019443830360277602,3349.5200000000027,1,1,0,EXIT,0.022755443298486867,B,0.022755443298486867,2.0611828230380831,2.1080859518955415,1,3349.5200000000027,0.019443830360277602,0,0,0,0.04690312885745819,0.040077289152670573
2022-02-28,0,0,0,0,0,FLAT,0,A,0,2.1080859518955415,2.1080859518955415,0,0,0,0,0,0,0,0
2022-03-01,-0.00078440051673740003,-137.75,1,0,0,FLAT,0,A,-0.00078440051673740003,2.1080859518955415,2.1064323681855477,0,0,0,-137.75,-0.00078440051673740003,-0.0016535837099937165,0,0
2022-03-02,0.0018350693260127001,322.00000000001228,2,0,0,FLAT,0,A,0.0018350693260127001,2.1064323681855477,2.1102978176117255,0,0,0,322.00000000001228,0.0018350693260127001,0.0038654494261775888,0,0
2022-03-03,-0.0020386304658474999,-358.36000000000359,1,0,0,FLAT,0,A,-0.0020386304658474999,2.1102978176117255,2.1059957001887306,0,0,0,-358.36000000000359,-0.0020386304658474999,-0.0043021174229947541,0,0
2022-03-04,0.0015474628418663001,271.46000000000504,1,0,0,FLAT,0,A,0.0015474628418663001,2.1059957001887306,2.1092546502799028,0,0,0,271.46000000000504,0.0015474628418663001,0.0032589500911722616,0,0
2022-03-07,0.027443760085187702,4821.5999999999931,1,0,1,ENTRY,0,A,0.027443760085187702,2.1092546502799028,2.167140528860751,0,0,0,4821.5999999999931,0.027443760085187702,0.057885878580848142,0,0
2022-03-08,0.00022899300774970001,41.335000000027037,2,1,1,HOLD,-0.0085878770577600145,B,-0.0085878770577600145,2.167140528860751,2.1485293924320059,2,41.335000000027037,0.00022899300774970001,0,0,0,-0.018611136428745147,0.00049626002792009895
2022-03-09,0,0,0,1,1,HOLD,0.024319136172765446,B,0.024319136172765446,2.1485293924320059,2.200779771297749,0,0,0,0,0,0,0.052250378865742964,0
2022-03-10,0,0,0,1,0,EXIT,-0.0027056467198425804,B,-0.0027056467198425804,2.200779771297749,2.1948252387284417,0,0,0,0,0,0,-0.0059545325693076594,0
2022-03-11,0,0,0,0,0,FLAT,0,A,0,2.1948252387284417,2.1948252387284417,0,0,0,0,0,0,0,0
2022-03-14,-0.0053057064237924997,-957.90000000000703,1,0,1,ENTRY,0,A,-0.0053057064237924997,2.1948252387284417,2.1831801403602182,0,0,0,-957.90000000000703,-0.0053057064237924997,-0.011645098368223399,0,0
2022-03-15,-0.0054072849265284001,-971.0399999999978,2,1,0,EXIT,0.021050612577621138,B,0.021050612577621138,2.1831801403602182,2.2291374196820977,2,-971.0399999999978,-0.0054072849265284001,0,0,0,0.045957279321879492,-0.011805077064865966
2022-03-16,0.0032099352046610001,573.29999999997995,1,0,0,FLAT,0,A,0.0032099352046610001,2.2291374196820977,2.2362928063615626,0,0,0,573.29999999997995,0.0032099352046610001,0.007155386679464748,0,0
2022-03-17,-0.0021372806135364002,-382.93999999999681,1,0,0,FLAT,0,A,-0.0021372806135364002,2.2362928063615626,2.231513221100335,0,0,0,-382.93999999999681,-0.0021372806135364002,-0.0047795852612274783,0,0
2022-03-18,0,0,0,0,0,FLAT,0,A,0,2.231513221100335,2.231513221100335,0,0,0,0,0,0,0,0
2022-03-21,0,0,0,0,0,FLAT,0,A,0,2.231513221100335,2.231513221100335,0,0,0,0,0,0,0,0
2022-03-22,0.0021828404699070999,390.26000000001005,1,0,0,FLAT,0,A,0.0021828404699070999,2.231513221100335,2.2363842584684854,0,0,0,390.26000000001005,0.0021828404699070999,0.0048710373681505612,0,0
2022-03-23,0,0,0,0,0,FLAT,0,A,0,2.2363842584684854,2.2363842584684854,0,0,0,0,0,0,0,0
2022-03-24,0,0,0,0,0,FLAT,0,A,0,2.2363842584684854,2.2363842584684854,0,0,0,0,0,0,0,0
2022-03-25,0,0,0,0,0,FLAT,0,A,0,2.2363842584684854,2.2363842584684854,0,0,0,0,0,0,0,0
2022-03-28,0,0,0,0,0,FLAT,0,A,0,2.2363842584684854,2.2363842584684854,0,0,0,0,0,0,0,0
2022-03-29,0,0,0,0,0,FLAT,0,A,0,2.2363842584684854,2.2363842584684854,0,0,0,0,0,0,0,0
2022-03-30,0,0,0,0,0,FLAT,0,A,0,2.2363842584684854,2.2363842584684854,0,0,0,0,0,0,0,0
2022-03-31,0,0,0,0,0,FLAT,0,A,0,2.2363842584684854,2.2363842584684854,0,0,0,0,0,0,0,0
2022-04-01,0,0,0,0,0,FLAT,0,A,0,2.2363842584684854,2.2363842584684854,0,0,0,0,0,0,0,0
2022-04-04,0.0030370225014652,544.15000000001089,2,0,0,FLAT,0,A,0.0030370225014652,2.2363842584684854,2.2431762077833763,0,0,0,544.15000000001089,0.0030370225014652,0.0067919493148913563,0,0
2022-04-05,0.0046008284407055003,826.80000000001019,2,0,0,FLAT,0,A,0.0046008284407055003,2.2431762077833763,2.2534966766776603,0,0,0,826.80000000001019,0.0046008284407055003,0.010320468894283669,0,0
2022-04-06,-0.018311423045076401,-3305.6350000000102,3,0,0,FLAT,0,A,-0.018311423045076401,2.2534966766776603,2.2122319457003421,0,0,0,-3305.6350000000102,-0.018311423045076401,-0.041264730977318392,0,0
2022-04-07,-0.0031144294646878999,-551.88000000001375,1,0,0,FLAT,0,A,-0.0031144294646878999,2.2122319457003421,2.2053421053459292,0,0,0,-551.88000000001375,-0.0031144294646878999,-0.0068898403544129872,0,0
2022-04-08,-0.0052607557072628999,-929.2799999999844,1,0,0,FLAT,0,A,-0.0052607557072628999,2.2053421053459292,2.1937403392787633,0,0,0,-929.2799999999844,-0.0052607557072628999,-0.011601766067165776,0,0
2022-04-11,0.0050413419807515004,885.80999999998244,2,0,0,FLAT,0,A,0.0050413419807515004,2.1937403392787633,2.2047997345460377,0,0,0,885.80999999998244,0.0050413419807515004,0.011059395267274069,0,0
2022-04-12,-0.011974247233236699,-2114.463000000032,3,0,1,ENTRY,0,A,-0.011974247233236699,2.2047997345460377,2.1783989174248086,0,0,0,-2114.463000000032,-0.011974247233236699,-0.026400817121228902,0,0
2022-04-13,0.016026552016851998,2795.900000000026,1,1,1,HOLD,0.011521788729180926,B,0.011521788729180926,2.1783989174248086,2.2034979695192538,1,2795.900000000026,0.016026552016851998,0,0,0,0.025099052094445091,0.034912223563562779
2022-04-14,0.0087519643244107995,1551.2399999999982,2,1,0,EXIT,-0.012326604262997632,B,-0.012326604262997632,2.2034979695192538,2.1763363220546714,2,1551.2399999999982,0.0087519643244107995,0,0,0,-0.027161647464582661,0.019284935618144143
2022-04-18,0,0,0,0,0,FLAT,0,A,0,2.1763363220546714,2.1763363220546714,0,0,0,0,0,0,0,0
2022-04-19,0.0168707281816452,3016.2299999999832,1,0,0,FLAT,0,A,0.0168707281816452,2.1763363220546714,2.2130527005758971,0,0,0,3016.2299999999832,0.0168707281816452,0.036716378521225813,0,0
2022-04-20,0,0,0,0,0,FLAT,0,A,0,2.2130527005758971,2.2130527005758971,0,0,0,0,0,0,0,0
2022-04-21,0.0142124094888168,2583.75,1,0,0,FLAT,0,A,0.0142124094888168,2.2130527005758971,2.2445055117768136,0,0,0,2583.75,0.0142124094888168,0.031452811200916524,0,0
2022-04-22,0.039675487487797999,7315.1100000000188,1,0,1,ENTRY,0,A,0.039675487487797999,2.2445055117768136,2.333557362125608,0,0,0,7315.1100000000188,0.039675487487797999,0.089051850348794606,0,0
2022-04-25,-0.011720398576396699,-2246.5999999999926,2,1,1,HOLD,0.0048444611270116828,B,0.0048444611270116828,2.333557362125608,2.3448621900540778,2,-2246.5999999999926,-0.011720398576396699,0,0,0,0.011304827928469433,-0.027350222384997014
2022-04-26,0.030443780162357399,5766.8399999999774,1,1,1,HOLD,-0.026556936905387265,B,-0.026556936905387265,2.3448621900540778,2.2825898328209835,1,5766.8399999999774,0.030443780162357399,0,0,0,-0.062272357233094343,0.071386469025030264
2022-04-27,-0.0249677366628035,-4873.3899999999903,3,1,1,HOLD,0.00076747811488188031,B,0.00076747811488188031,2.2825898328209835,2.2843416705629256,3,-4873.3899999999903,-0.0249677366628035,0,0,0,0.0017518377419419948,-0.056991101855066985
2022-04-28,0.0072735728281482,1384.1600000000087,1,1,0,EXIT,0.023653749370910922,B,0.023653749370910922,2.2843416705629256,2.3383749159159493,1,1384.1600000000087,0.0072735728281482,0,0,0,0.054033245353023403,0.016615325505213163
2022-04-29,0.024140356042249199,4627.2099999999928,2,0,0,FLAT,0,A,0.024140356042249199,2.3383749159159493,2.394824118946425,0,0,0,4627.2099999999928,0.024140356042249199,0.056449203030475549,0,0
2022-05-02,-0.0240231571393675,-4715.7099999999937,2,0,0,FLAT,0,A,-0.0240231571393675,2.394824118946425,2.3372928828158277,0,0,0,-4715.7099999999937,-0.0240231571393675,-0.057531236130597289,0,0
2022-05-03,-0.0054359786978538001,-1041.4000000000058,1,0,0,FLAT,0,A,-0.0054359786978538001,2.3372928828158277,2.3245874084941955,0,0,0,-1041.4000000000058,-0.0054359786978538001,-0.012705474321632137,0,0
2022-05-04,0.012886022090680601,2455.180000000013,1,0,0,FLAT,0,A,0.012886022090680601,2.3245874084941955,2.3545420931917698,0,0,0,2455.180000000013,0.012886022090680601,0.029954684697574174,0,0
2022-05-05,0.017362740867028301,3350.6999999999789,1,0,0,FLAT,0,A,0.017362740867028301,2.3545420931917698,2.3954233974163688,0,0,0,3350.6999999999789,0.017362740867028301,0.040881304224599103,0,0
2022-05-06,-0.0067997865895891999,-1335,1,0,0,FLAT,0,A,-0.0067997865895891999,2.3954233974163688,2.3791350295222284,0,0,0,-1335,-0.0067997865895891999,-0.016288367894140024,0,0
2022-05-09,-0.0073572409097302002,-1434.5999999999694,3,0,1,ENTRY,0,A,-0.0073572409097302002,2.3791350295222284,2.3616311599532551,0,0,0,-1434.5999999999694,-0.0073572409097302002,-0.017503869568973107,0,0
2022-05-10,0,0,0,1,1,HOLD,0.00072736393278154002,B,0.00072736393278154002,2.3616311599532551,2.3633489252815383,0,0,0,0,0,0,0.0017177653282830299,0
2022-05-11,-0.0011263380999961001,-218,1,1,1,HOLD,-0.016541767964109375,B,-0.016541767964109375,2.3633489252815383,2.3242549557413037,1,-218,-0.0011263380999961001,0,0,0,-0.039093969540234468,-0.002661929938129433
2022-05-12,0,0,0,1,1,HOLD,-0.001936848543540865,B,-0.001936848543540865,2.3242549557413037,2.3197532259154587,0,0,0,0,0,0,-0.0045017298258451816,0
2022-05-13,-0.0019684418251243998,-380.55199999999536,2,1,0,EXIT,0.024487398820315094,B,0.024487398820315094,2.3197532259154587,2.3765579483231631,2,-380.55199999999536,-0.0019684418251243998,0,0,0,0.056804722407704338,-0.0045662992738592402
2022-05-16,0,0,0,0,0,FLAT,0,A,0,2.3765579483231631,2.3765579483231631,0,0,0,0,0,0,0,0
2022-05-17,0,0,0,0,0,FLAT,0,A,0,2.3765579483231631,2.3765579483231631,0,0,0,0,0,0,0,0
2022-05-18,0.021239282348910999,4097.9000000000124,1,0,0,FLAT,0,A,0.021239282348910999,2.3765579483231631,2.4270343336061471,0,0,0,4097.9000000000124,0.021239282348910999,0.050476385282984294,0,0
2022-05-19,0,0,0,0,0,FLAT,0,A,0,2.4270343336061471,2.4270343336061471,0,0,0,0,0,0,0,0
2022-05-20,-0.0130547152658309,-2572.229999999975,1,0,1,ENTRY,0,A,-0.0130547152658309,2.4270343336061471,2.3953500914405232,0,0,0,-2572.229999999975,-0.0130547152658309,-0.031684242165623898,0,0
2022-05-23,0,0,0,1,0,EXIT,0.018355454008677125,B,0.018355454008677125,2.3953500914405232,2.4393178298786404,0,0,0,0,0,0,0.04396773843811707,0
2022-05-24,0.0050206991993185001,976.32000000001131,1,0,0,FLAT,0,A,0.0050206991993185001,2.4393178298786404,2.4515649109539952,0,0,0,976.32000000001131,0.0050206991993185001,0.012247081075355031,0,0
2022-05-25,-0.0027552276499552999,-538.45999999998764,1,0,0,FLAT,0,A,-0.0027552276499552999,2.4515649109539952,2.4448102915256746,0,0,0,-538.45999999998764,-0.0027552276499552999,-0.0067546194283206505,0,0
2022-05-26,0.0067986996719778996,1325,1,0,0,FLAT,0,A,0.0067986996719778996,2.4448102915256746,2.4614318224527185,0,0,0,1325,0.0067986996719778996,0.016621530927043798,0,0
2022-05-27,0.007093671915732,1391.8599999999774,2,0,0,FLAT,0,A,0.007093671915732,2.4614318224527185,2.4788924122441403,0,0,0,1391.8599999999774,0.007093671915732,0.017460589791421885,0,0
2022-05-31,-0.0024500447976307,-484.11999999998312,1,0,0,FLAT,0,A,-0.0024500447976307,2.4788924122441403,2.4728190147856353,0,0,0,-484.11999999998312,-0.0024500447976307,-0.0060733974585049722,0,0
2022-06-01,-0.0038988670318566001,-768.49999999999397,1,0,0,FLAT,0,A,-0.0038988670318566001,2.4728190147856353,2.4631778222531393,0,0,0,-768.49999999999397,-0.0038988670318566001,-0.009641192532495832,0,0
2022-06-02,0.0092001310832265006,1806.3200000000024,1,0,0,FLAT,0,A,0.0092001310832265006,2.4631778222531393,2.4858393810991646,0,0,0,1806.3200000000024,0.0092001310832265006,0.022661558846025269,0,0
2022-06-03,0,0,0,0,0,FLAT,0,A,0,2.4858393810991646,2.4858393810991646,0,0,0,0,0,0,0,0
2022-06-06,0,0,0,0,0,FLAT,0,A,0,2.4858393810991646,2.4858393810991646,0,0,0,0,0,0,0,0
2022-06-07,0,0,0,0,0,FLAT,0,A,0,2.4858393810991646,2.4858393810991646,0,0,0,0,0,0,0,0
2022-06-08,0,0,0,0,0,FLAT,0,A,0,2.4858393810991646,2.4858393810991646,0,0,0,0,0,0,0,0
2022-06-09,0.010517773084852199,2083.979999999995,1,0,0,FLAT,0,A,0.010517773084852199,2.4858393810991646,2.5119848756349552,0,0,0,2083.979999999995,0.010517773084852199,0.026145494535790442,0,0
2022-06-10,0.00055424668031859995,110.97000000001094,2,0,1,ENTRY,0,A,0.00055424668031859995,2.5119848756349552,2.5133771349132865,0,0,0,110.97000000001094,0.00055424668031859995,0.0013922592783312052,0,0
2022-06-13,-0.0011438748961288001,-229.14000000000283,2,1,1,HOLD,-0.040309164896475826,B,-0.040309164896475826,2.5133771349132865,2.4120650015350349,2,-229.14000000000283,-0.0011438748961288001,0,0,0,-0.10131213337825164,-0.0028749890091314366
2022-06-14,0,0,0,1,1,HOLD,-0.0038935409888527389,B,-0.0038935409888527389,2.4120650015350349,2.4026735275837812,0,0,0,0,0,0,-0.0093914739512538023,0
2022-06-15,-0.0077934823780549996,-1559.3300000000229,1,1,1,HOLD,0.014457057185692868,B,0.014457057185692868,2.4026735275837812,2.4374091161706102,1,-1559.3300000000229,-0.0077934823780549996,0,0,0,0.034735588586829132,-0.018725193797443442
2022-06-16,-0.0061774719163899001,-1226.3400000000306,3,1,1,HOLD,-0.032882930433864671,B,-0.032882930433864671,2.4374091161706102,2.3572599617647043,3,-1226.3400000000306,-0.0061774719163899001,0,0,0,-0.080149154405905754,-0.015057026363896673
2022-06-17,-0.0107466536296307,-2120.0999999999963,1,1,1,HOLD,0.0039209490803907661,B,0.0039209490803907661,2.3572599617647043,2.3665026580440278,1,-2120.0999999999963,-0.0107466536296307,0,0,0,0.0092426962793232901,-0.025332656324081784
2022-06-21,0.0012869702192294,251.16000000000952,1,1,0,EXIT,0.023340248962655602,B,0.023340248962655602,2.3665026580440278,2.4217374192535615,1,251.16000000000952,0.0012869702192294,0,0,0,0.055234761209533842,0.0030456184446298802
2022-06-22,0,0,0,0,0,FLAT,0,A,0,2.4217374192535615,2.4217374192535615,0,0,0,0,0,0,0,0
2022-06-23,0,0,0,0,0,FLAT,0,A,0,2.4217374192535615,2.4217374192535615,0,0,0,0,0,0,0,0
2022-06-24,0.013498001220605601,2637.5500000000038,1,0,0,FLAT,0,A,0.013498001220605601,2.4217374192535615,2.4544260338946322,0,0,0,2637.5500000000038,0.013498001220605601,0.032688614641070826,0,0
2022-06-27,0,0,0,0,0,FLAT,0,A,0,2.4544260338946322,2.4544260338946322,0,0,0,0,0,0,0,0
2022-06-28,0.012975163556714501,2569.5599999999968,1,0,0,FLAT,0,A,0.012975163556714501,2.4544260338946322,2.4862726131222734,0,0,0,2569.5599999999968,0.012975163556714501,0.031846579227640941,0,0
2022-06-29,0,0,0,0,1,ENTRY,0,A,0,2.4862726131222734,2.4862726131222734,0,0,0,0,0,0,0,0
2022-06-30,-0.0018377094072111,-368.64999999998048,1,1,1,HOLD,-0.01113679344400084,B,-0.01113679344400084,2.4862726131222734,2.4585835085844545,1,-368.64999999998048,-0.0018377094072111,0,0,0,-0.027689104537818972,-0.0045690465700261255
2022-07-01,0,0,0,1,0,EXIT,0.011155971100722481,B,0.011155971100722481,2.4585835085844545,2.4860113951549359,0,0,0,0,0,0,0.027427886570481057,0
2022-07-05,-0.0066141171764960002,-1324.3500000000038,2,0,0,FLAT,0,A,-0.0066141171764960002,2.4860113951549359,2.469568624485277,0,0,0,-1324.3500000000038,-0.0066141171764960002,-0.016442770669659046,0,0
2022-07-06,0,0,0,0,0,FLAT,0,A,0,2.469568624485277,2.469568624485277,0,0,0,0,0,0,0,0
2022-07-07,0.00027612028515549999,54.919999999984483,3,0,0,FLAT,0,A,0.00027612028515549999,2.469568624485277,2.4702505224780813,0,0,0,54.919999999984483,0.00027612028515549999,0.00068189799280395059,0,0
2022-07-08,0,0,0,0,0,FLAT,0,A,0,2.4702505224780813,2.4702505224780813,0,0,0,0,0,0,0,0
2022-07-11,0,0,0,0,0,FLAT,0,A,0,2.4702505224780813,2.4702505224780813,0,0,0,0,0,0,0,0
2022-07-12,0,0,0,0,1,ENTRY,0,A,0,2.4702505224780813,2.4702505224780813,0,0,0,0,0,0,0,0
2022-07-13,0,0,0,1,1,HOLD,-0.0030991464215364413,B,-0.0030991464215364413,2.4702505224780813,2.4625948544110448,0,0,0,0,0,0,-0.0076556680670364701,0
2022-07-14,-0.0047561904253783996,-946.1999999999889,1,1,1,HOLD,-0.0031878177938193218,B,-0.0031878177938193218,2.4625948544110448,2.4547445507151853,1,-946.1999999999889,-0.0047561904253783996,0,0,0,-0.0078503036958594303,-0.011712570068135924
2022-07-15,-0.0018523782473446001,-366.74999999999073,1,1,0,EXIT,0.016756528174225606,B,0.016756528174225606,2.4547445507151853,2.4958775469397714,1,-366.74999999999073,-0.0018523782473446001,0,0,0,0.041132996224585779,-0.004547115408532503
2022-07-18,0,0,0,0,0,FLAT,0,A,0,2.4958775469397714,2.4958775469397714,0,0,0,0,0,0,0,0
2022-07-19,0.019723072796042102,3897.6000000000017,1,0,0,FLAT,0,A,0.019723072796042102,2.4958775469397714,2.5451039214880713,0,0,0,3897.6000000000017,0.019723072796042102,0.049226374548300096,0,0
2022-07-20,-0.0079932649137912006,-1610.6999999999939,1,0,0,FLAT,0,A,-0.0079932649137912006,2.5451039214880713,2.5247602316104882,0,0,0,-1610.6999999999939,-0.0079932649137912006,-0.020343689877582994,0,0
2022-07-21,-0.012388548153856699,-2476.349999999994,2,0,0,FLAT,0,A,-0.012388548153856699,2.5247602316104882,2.4934821179042395,0,0,0,-2476.349999999994,-0.012388548153856699,-0.031278113706248924,0,0
2022-07-22,0.0064721442207948,1277.6120000000064,1,0,0,FLAT,0,A,0.0064721442207948,2.4934821179042395,2.5096202937832888,0,0,0,1277.6120000000064,0.0064721442207948,0.016138175879049102,0,0
2022-07-25,0,0,0,0,0,FLAT,0,A,0,2.5096202937832888,2.5096202937832888,0,0,0,0,0,0,0,0
2022-07-26,-0.0012900591035316,-256.29999999996824,3,0,1,ENTRY,0,A,-0.0012900591035316,2.5096202937832888,2.5063827352768859,0,0,0,-256.29999999996824,-0.0012900591035316,-0.0032375585064027801,0,0
2022-07-27,0.0064941533617578996,1288.4299999999869,2,1,0,EXIT,0.02693507955184939,B,0.02693507955184939,2.5063827352768859,2.5738923536389509,2,1288.4299999999869,0.0064941533617578996,0,0,0,0.067509618362064788,0.016276833866150347
2022-07-28,-0.0049351086696736001,-985.42000000000155,3,0,0,FLAT,0,A,-0.0049351086696736001,2.5738923536389509,2.5611899151697006,0,0,0,-985.42000000000155,-0.0049351086696736001,-0.012702438469250175,0,0
2022-07-29,0.0019250068858823,382.45000000000795,2,0,0,FLAT,0,A,0.0019250068858823,2.5611899151697006,2.5661202233924545,0,0,0,382.45000000000795,0.0019250068858823,0.0049303082227539772,0,0
2022-08-01,0,0,0,0,0,FLAT,0,A,0,2.5661202233924545,2.5661202233924545,0,0,0,0,0,0,0,0
2022-08-02,0,0,0,0,0,FLAT,0,A,0,2.5661202233924545,2.5661202233924545,0,0,0,0,0,0,0,0
2022-08-03,0.0097667307072691993,1944.0400000000041,1,0,0,FLAT,0,A,0.0097667307072691993,2.5661202233924545,2.5911828285768062,0,0,0,1944.0400000000041,0.0097667307072691993,0.025062605184351584,0,0
2022-08-04,0,0,0,0,0,FLAT,0,A,0,2.5911828285768062,2.5911828285768062,0,0,0,0,0,0,0,0
2022-08-05,0,0,0,0,0,FLAT,0,A,0,2.5911828285768062,2.5911828285768062,0,0,0,0,0,0,0,0
2022-08-08,-0.0016362333287833,-328.86000000001246,1,0,1,ENTRY,0,A,-0.0016362333287833,2.5911828285768062,2.586943048871718,0,0,0,-328.86000000001246,-0.0016362333287833,-0.0042397797050883548,0,0
2022-08-09,-0.0031607014233382001,-634.1999999999897,1,1,1,HOLD,-0.0049642813899987894,B,-0.0049642813899987894,2.586943048871718,2.5741007356372174,1,-634.1999999999897,-0.0031607014233382001,0,0,0,-0.012842313234500599,-0.008176554576663702
2022-08-10,0,0,0,1,0,EXIT,0.021635434412265758,B,0.021635434412265758,2.5741007356372174,2.6297925232736614,0,0,0,0,0,0,0.055691787636444057,0
2022-08-11,0,0,0,0,0,FLAT,0,A,0,2.6297925232736614,2.6297925232736614,0,0,0,0,0,0,0,0
2022-08-12,0.011340169373181001,2268.1599999999758,2,0,0,FLAT,0,A,0.011340169373181001,2.6297925232736614,2.6596148159039097,0,0,0,2268.1599999999758,0.011340169373181001,0.029822292630248361,0,0
2022-08-15,0,0,0,0,0,FLAT,0,A,0,2.6596148159039097,2.6596148159039097,0,0,0,0,0,0,0,0
2022-08-16,0,0,0,0,0,FLAT,0,A,0,2.6596148159039097,2.6596148159039097,0,0,0,0,0,0,0,0
2022-08-17,0,0,0,0,0,FLAT,0,A,0,2.6596148159039097,2.6596148159039097,0,0,0,0,0,0,0,0
2022-08-18,0,0,0,0,0,FLAT,0,A,0,2.6596148159039097,2.6596148159039097,0,0,0,0,0,0,0,0
2022-08-19,5.1960869737609458e-05,10.510000000051887,2,0,0,FLAT,0,A,5.1960869737609458e-05,2.6596148159039097,2.6597530118029109,0,0,0,10.510000000051887,5.1960869737609458e-05,0.0001381958990013992,0,0
2022-08-22,0.0123103154893599,2489.9200000000183,1,0,1,ENTRY,0,A,0.0123103154893599,2.6597530118029109,2.6924954105019796,0,0,0,2489.9200000000183,0.0123103154893599,0.032742398699069017,0,0
2022-08-23,0,0,0,1,1,HOLD,-0.0013432564893810128,B,-0.0013432564893810128,2.6924954105019796,2.6888786985691939,0,0,0,0,0,0,-0.0036167119327853783,0
2022-08-24,-0.0061651086606260997,-1262.2799999999766,1,1,1,HOLD,0.0024962435170374679,B,0.0024962435170374679,2.6888786985691939,2.6955907945885973,1,-1262.2799999999766,-0.0061651086606260997,0,0,0,0.0067120960194034943,-0.016577229351921973
2022-08-25,-0.0043326783581128002,-881.59999999998945,1,1,0,EXIT,0.013296264958298078,B,0.013296264958298078,2.6955907945885973,2.7314320840125967,1,-881.59999999998945,-0.0043326783581128002,0,0,0,0.035841289423999237,-0.011679127898042102
2022-08-26,0.035454228166093303,7182.6299999999983,1,0,0,FLAT,0,A,0.035454228166093303,2.7314320840125967,2.8282729003393667,0,0,0,7182.6299999999983,0.035454228166093303,0.096840816326770343,0,0
2022-08-29,0,0,0,0,0,FLAT,0,A,0,2.8282729003393667,2.8282729003393667,0,0,0,0,0,0,0,0
2022-08-30,0.0069973440412243,1467.8000000000079,1,0,1,ENTRY,0,A,0.0069973440412243,2.8282729003393667,2.8480632988655126,0,0,0,1467.8000000000079,0.0069973440412243,0.019790398526145836,0,0
2022-08-31,0,0,0,1,1,HOLD,-0.0054020100502512559,B,-0.0054020100502512559,2.8480632988655126,2.8326780323012897,0,0,0,0,0,0,-0.015385266564223244,0
2022-09-01,-0.0045858483633890003,-968.65999999999804,1,1,1,HOLD,0.00015157256536566882,B,0.00015157256536566882,2.8326780323012897,2.8331073885775004,1,-968.65999999999804,-0.0045858483633890003,0,0,0,0.00042935627621088136,-0.012990231918436844
2022-09-02,0.003151715726485,662.65999999999997,2,1,1,HOLD,-0.010709504685408299,B,-0.010709504685408299,2.8331073885775004,2.802766211725265,2,662.65999999999997,0.003151715726485,0,0,0,-0.030341176852235613,0.008929149111400558
2022-09-06,-0.0076539084882553,-1614.2399999999834,1,1,1,HOLD,-0.0037531595475783185,B,-0.0037531595475783185,2.802766211725265,2.7922469829580985,1,-1614.2399999999834,-0.0076539084882553,0,0,0,-0.010519228767166593,-0.021452116098519158
2022-09-07,0.021227676327696201,4442.5999999999685,1,1,0,EXIT,0.019323423885187083,B,0.019323423885187083,2.7922469829580985,2.8462027550019329,1,4442.5999999999685,0.021227676327696201,0,0,0,0.053955772043834088,0.059272915181220763
2022-09-08,-0.0041924096096485003,-896.00000000000352,1,0,0,FLAT,0,A,-0.0041924096096485003,2.8462027550019329,2.8342703072208546,0,0,0,-896.00000000000352,-0.0041924096096485003,-0.01193244778107814,0,0
2022-09-09,0.000841658229292,179.12000000001407,4,0,0,FLAT,0,A,0.000841658229292,2.8342703072208546,2.8366557941489652,0,0,0,179.12000000001407,0.000841658229292,0.0023854869281103972,0,0
2022-09-12,-0.001633991408661,-348.00000000001319,1,0,0,FLAT,0,A,-0.001633991408661,2.8366557941489652,2.8320207229519974,0,0,0,-348.00000000001319,-0.001633991408661,-0.0046350711969678554,0,0
2022-09-13,0.012977469757047101,2759.3000000000602,3,0,0,FLAT,0,A,0.012977469757047101,2.8320207229519974,2.8687731862354373,0,0,0,2759.3000000000602,0.012977469757047101,0.036752463283440208,0,0
2022-09-14,0,0,0,0,0,FLAT,0,A,0,2.8687731862354373,2.8687731862354373,0,0,0,0,0,0,0,0
2022-09-15,0,0,0,0,1,ENTRY,0,A,0,2.8687731862354373,2.8687731862354373,0,0,0,0,0,0,0,0
2022-09-16,0,0,0,1,1,HOLD,-0.006926806897081807,B,-0.006926806897081807,2.8687731862354373,2.8489017483428585,0,0,0,0,0,0,-0.019871437892578978,0
2022-09-19,0,0,0,1,1,HOLD,0.0060879251832854069,B,0.0060879251832854069,2.8489017483428585,2.8662456490413009,0,0,0,0,0,0,0.017343900698442313,0
2022-09-20,-0.0032899450986754999,-708.54000000001315,1,1,1,HOLD,-0.011342568750643732,B,-0.011342568750643732,2.8662456490413009,2.8337350607108163,1,-708.54000000001315,-0.0032899450986754999,0,0,0,-0.032510588330484418,-0.0094297908246634057
2022-09-21,-0.019306998717154401,-4144.2800000000061,1,1,1,HOLD,-0.015014780377908869,B,-0.015014780377908869,2.8337350607108163,2.7911871511250634,1,-4144.2800000000061,-0.019306998717154401,0,0,0,-0.042547909585753163,-0.05471091918189918
2022-09-22,-0.0058421672524615002,-1229.7900000000334,2,1,1,HOLD,-0.0082894841217377516,B,-0.0082894841217377516,2.7911871511250634,2.7680496495550138,2,-1229.7900000000334,-0.0058421672524615002,0,0,0,-0.023137501570049644,-0.016306582169794154
2022-09-23,-0.00044107219978210002,-92.299999999996771,1,1,1,HOLD,-0.020890269427150686,B,-0.020890269427150686,2.7680496495550138,2.7102243465880798,1,-92.299999999996771,-0.00044107219978210002,0,0,0,-0.057825302966934271,-0.0012209097480353011
2022-09-26,-0.0043356571930624997,-906.86999999997443,2,1,1,HOLD,-0.006944066227329666,B,-0.006944066227329666,2.7102243465880798,2.6914043692344509,2,-906.86999999997443,-0.0043356571930624997,0,0,0,-0.018819977353628895,-0.011750603683097721
2022-09-27,0.0010449999690274,217.6200000000016,1,1,1,HOLD,-0.0040036197109715637,B,-0.0040036197109715637,2.6914043692344509,2.680629009651589,1,217.6200000000016,0.0010449999690274,0,0,0,-0.010775359582862036,0.0028125174824902102
2022-09-28,0.013075506943929199,2725.7400000000107,2,1,0,EXIT,0.021860631590539907,B,0.021860631590539907,2.680629009651589,2.7392292528624962,2,2725.7400000000107,0.013075506943929199,0,0,0,0.058600243210907232,0.035050583229797407
2022-09-29,-0.0039010936430152999,-823.81999999998368,2,0,0,FLAT,0,A,-0.0039010936430152999,2.7392292528624962,2.7285432630373929,0,0,0,-823.81999999998368,-0.0039010936430152999,-0.010685989825103433,0,0
2022-09-30,-0.0090062483510255,-1894.4000000000017,1,0,0,FLAT,0,A,-0.0090062483510255,2.7285432630373929,2.7039693247739609,0,0,0,-1894.4000000000017,-0.0090062483510255,-0.024573938263432259,0,0
2022-10-03,0.0075118278221651003,1565.7900000000373,1,0,0,FLAT,0,A,0.0075118278221651003,2.7039693247739609,2.724281076778079,0,0,0,1565.7900000000373,0.0075118278221651003,0.020311752004118021,0,0
2022-10-04,0.0010148396827821,213.12000000002308,2,0,0,FLAT,0,A,0.0010148396827821,2.724281076778079,2.7270457853218457,0,0,0,213.12000000002308,0.0010148396827821,0.0027647085437667433,0,0
2022-10-05,0,0,0,0,0,FLAT,0,A,0,2.7270457853218457,2.7270457853218457,0,0,0,0,0,0,0,0
2022-10-06,0,0,0,0,0,FLAT,0,A,0,2.7270457853218457,2.7270457853218457,0,0,0,0,0,0,0,0
2022-10-07,0.0091359040004409999,1920.4199999999955,1,0,1,ENTRY,0,A,0.0091359040004409999,2.7270457853218457,2.7519598138213537,0,0,0,1920.4199999999955,0.0091359040004409999,0.024914028499507617,0,0
2022-10-10,-0.0095129935278776001,-2017.909999999996,2,1,1,HOLD,-0.0078490773891489955,B,-0.0078490773891489955,2.7519598138213537,2.7303594682708421,2,-2017.909999999996,-0.0095129935278776001,0,0,0,-0.021600345550511865,-0.026179375897861783
2022-10-11,0.0001856261361294,38.99899999997956,1,1,1,HOLD,-0.0066897987508674536,B,-0.0066897987508674536,2.7303594682708421,2.7120939129105843,1,38.99899999997956,0.0001856261361294,0,0,0,-0.018265555360257403,0.00050682607833943958
2022-10-12,0,0,0,1,1,HOLD,-0.0023753632908562485,B,-0.0023753632908562485,2.7120939129105843,2.7056517045885018,0,0,0,0,0,0,-0.0064422083220824853,0
2022-10-13,0.017249903724483501,3624.7000000000166,1,1,0,EXIT,0.025939101935628449,B,0.025939101935628449,2.7056517045885018,2.7758338799561302,1,3624.7000000000166,0.017249903724483501,0,0,0,0.070182175367628025,0.046672231416136328
2022-10-14,0.0134364314014906,2872.0199999999827,1,0,0,FLAT,0,A,0.0134364314014906,2.7758338799561302,2.813131181466094,0,0,0,2872.0199999999827,0.0134364314014906,0.037297301509964034,0,0
2022-10-17,-0.0017430821145818999,-377.58000000000283,1,0,0,FLAT,0,A,-0.0017430821145818999,2.813131181466094,2.8082276628177079,0,0,0,-377.58000000000283,-0.0017430821145818999,-0.0049035186483861971,0,0
2022-10-18,0,0,0,0,0,FLAT,0,A,0,2.8082276628177079,2.8082276628177079,0,0,0,0,0,0,0,0
2022-10-19,0,0,0,0,0,FLAT,0,A,0,2.8082276628177079,2.8082276628177079,0,0,0,0,0,0,0,0
2022-10-20,-0.0032909648470549999,-711.61999999999853,1,0,0,FLAT,0,A,-0.0032909648470549999,2.8082276628177079,2.7989858842968474,0,0,0,-711.61999999999853,-0.0032909648470549999,-0.0092417785208604979,0,0
2022-10-21,0.0063841806137501997,1375.9099999999837,2,0,0,FLAT,0,A,0.0063841806137501997,2.7989858842968474,2.8168551157175354,0,0,0,1375.9099999999837,0.0063841806137501997,0.017869231420688393,0,0
2022-10-24,0,0,0,0,0,FLAT,0,A,0,2.8168551157175354,2.8168551157175354,0,0,0,0,0,0,0,0
2022-10-25,0.0023385554262695999,507.2000000000254,3,0,0,FLAT,0,A,0.0023385554262695999,2.8168551157175354,2.8234424875334119,0,0,0,507.2000000000254,0.0023385554262695999,0.0065873718158765242,0,0
2022-10-26,0,0,0,0,0,FLAT,0,A,0,2.8234424875334119,2.8234424875334119,0,0,0,0,0,0,0,0
2022-10-27,0,0,0,0,0,FLAT,0,A,0,2.8234424875334119,2.8234424875334119,0,0,0,0,0,0,0,0
2022-10-28,0.019383709974520699,4213.6200000000217,1,0,0,FLAT,0,A,0.019383709974520699,2.8234424875334119,2.8781712778414987,0,0,0,4213.6200000000217,0.019383709974520699,0.05472879030808693,0,0
2022-10-31,0,0,0,0,0,FLAT,0,A,0,2.8781712778414987,2.8781712778414987,0,0,0,0,0,0,0,0
2022-11-01,0,0,0,0,0,FLAT,0,A,0,2.8781712778414987,2.8781712778414987,0,0,0,0,0,0,0,0
2022-11-02,0.0049869136389343004,1105.0399999999868,1,0,1,ENTRY,0,A,0.0049869136389343004,2.8781712778414987,2.8925244694421552,0,0,0,1105.0399999999868,0.0049869136389343004,0.014353191600656734,0,0
2022-11-03,-0.0097334427773844,-2167.5200000000145,1,1,1,HOLD,-0.011852759428936713,B,-0.011852759428936713,2.8925244694421552,2.8582400727635444,1,-2167.5200000000145,-0.0097334427773844,0,0,0,-0.034284396678610669,-0.028154221405499391
2022-11-04,0,0,0,1,1,HOLD,0.012129707000188684,B,0.012129707000188684,2.8582400727635444,2.8929096873823643,0,0,0,0,0,0,0.034669614618819782,0
2022-11-07,0,0,0,1,0,EXIT,0.011371807504860316,B,0.011371807504860316,2.8929096873823643,2.9258072994762223,0,0,0,0,0,0,0.032897612093857879,0
2022-11-08,-0.0119760345440916,-2640.9000000000337,2,0,0,FLAT,0,A,-0.0119760345440916,2.9258072994762223,2.8907677301883399,0,0,0,-2640.9000000000337,-0.0119760345440916,-0.035039569287882592,0,0
2022-11-09,0.0095725957100411992,2085.5200000000041,1,0,0,FLAT,0,A,0.0095725957100411992,2.8907677301883399,2.9184398809610665,0,0,0,2085.5200000000041,0.0095725957100411992,0.027672150772726438,0,0
2022-11-10,0.0085688357890372005,1884.6600000000096,3,0,0,FLAT,0,A,0.0085688357890372005,2.9184398809610665,2.9434475130611992,0,0,0,1884.6600000000096,0.0085688357890372005,0.025007632100132654,0,0
2022-11-11,-0.00081230585758140003,-180.18000000002235,1,0,0,FLAT,0,A,-0.00081230585758140003,2.9434475130611992,2.9410565334048564,0,0,0,-180.18000000002235,-0.00081230585758140003,-0.0023909796563430165,0,0
2022-11-14,0,0,0,0,0,FLAT,0,A,0,2.9410565334048564,2.9410565334048564,0,0,0,0,0,0,0,0
2022-11-15,0,0,0,0,0,FLAT,0,A,0,2.9410565334048564,2.9410565334048564,0,0,0,0,0,0,0,0
2022-11-16,0,0,0,0,0,FLAT,0,A,0,2.9410565334048564,2.9410565334048564,0,0,0,0,0,0,0,0
2022-11-17,0,0,0,0,0,FLAT,0,A,0,2.9410565334048564,2.9410565334048564,0,0,0,0,0,0,0,0
2022-11-18,0,0,0,0,0,FLAT,0,A,0,2.9410565334048564,2.9410565334048564,0,0,0,0,0,0,0,0
2022-11-21,0,0,0,0,0,FLAT,0,A,0,2.9410565334048564,2.9410565334048564,0,0,0,0,0,0,0,0
2022-11-22,0,0,0,0,0,FLAT,0,A,0,2.9410565334048564,2.9410565334048564,0,0,0,0,0,0,0,0
2022-11-23,-0.0018894188120209001,-418.74999999997442,1,0,0,FLAT,0,A,-0.0018894188120209001,2.9410565334048564,2.9354996458634242,0,0,0,-418.74999999997442,-0.0018894188120209001,-0.00555688754143211,0,0
2022-11-25,0,0,0,0,0,FLAT,0,A,0,2.9354996458634242,2.9354996458634242,0,0,0,0,0,0,0,0
2022-11-28,-0.00029655632019969999,-65.600000000014916,1,0,0,FLAT,0,A,-0.00029655632019969999,2.9354996458634242,2.9346291048904996,0,0,0,-65.600000000014916,-0.00029655632019969999,-0.00087054097292477953,0,0
2022-11-29,-0.0042543111608736002,-940.77999999999997,2,0,1,ENTRY,0,A,-0.0042543111608736002,2.9346291048904996,2.9221442795365395,0,0,0,-940.77999999999997,-0.0042543111608736002,-0.012484825353960156,0,0
2022-11-30,0.020202998804774899,4448.4200000000174,2,1,0,EXIT,0.028681268652941475,B,0.028681268652941475,2.9221442795365395,3.0059550846605831,2,4448.4200000000174,0.020202998804774899,0,0,0,0.083810805124043597,0.059036077386856518
2022-12-01,-0.0069542305630469004,-1562.1000000000126,1,0,0,FLAT,0,A,-0.0069542305630469004,3.0059550846605831,2.9850509799396905,0,0,0,-1562.1000000000126,-0.0069542305630469004,-0.020904104720892859,0,0
2022-12-02,0,0,0,0,0,FLAT,0,A,0,2.9850509799396905,2.9850509799396905,0,0,0,0,0,0,0,0
2022-12-05,0.0070481209646294004,1572.1499999999571,2,0,1,ENTRY,0,A,0.0070481209646294004,2.9850509799396905,3.006089980331891,0,0,0,1572.1499999999571,0.0070481209646294004,0.021039000392200469,0,0
2022-12-06,0.014066025196058899,3159.4799999999882,1,1,1,HOLD,-0.015505039137719759,B,-0.015505039137719759,3.006089980331891,2.9594804375353378,1,3159.4799999999882,0.014066025196058899,0,0,0,-0.046609542796553188,0.042283737404968581
2022-12-07,0,0,0,1,1,HOLD,-0.00066045164731882034,B,-0.00066045164731882034,2.9594804375353378,2.9575258438051595,0,0,0,0,0,0,-0.0019545937301780371,0
2022-12-08,-0.0016668511942854001,-379.66000000002322,1,1,1,HOLD,0.0067486845784296284,B,0.0067486845784296284,2.9575258438051595,2.9774852528575546,1,-379.66000000002322,-0.0016668511942854001,0,0,0,0.019959409052394954,-0.0049297554848765661
2022-12-09,0,0,0,1,0,EXIT,-0.0072462853319530882,B,-0.0072462853319530882,2.9774852528575546,2.9559095451436663,0,0,0,0,0,0,-0.02157570771388833,0
2022-12-12,0.0065076955066095997,1479.7500000000391,2,0,0,FLAT,0,A,0.0065076955066095997,2.9559095451436663,2.9751457044085425,0,0,0,1479.7500000000391,0.0065076955066095997,0.019236159264875864,0,0
2022-12-13,0,0,0,0,0,FLAT,0,A,0,2.9751457044085425,2.9751457044085425,0,0,0,0,0,0,0,0
2022-12-14,-0.0025352222926420002,-580.190000000022,2,0,0,FLAT,0,A,-0.0025352222926420002,2.9751457044085425,2.9676030486948677,0,0,0,-580.190000000022,-0.0025352222926420002,-0.0075426557136746243,0,0
2022-12-15,0.0026196531711683,597.96000000002266,1,0,0,FLAT,0,A,0.0026196531711683,2.9676030486948677,2.9753771394321498,0,0,0,597.96000000002266,0.0026196531711683,0.0077740907372822248,0,0
2022-12-16,0.00047205419502010002,108.02999999999622,1,0,1,ENTRY,0,A,0.00047205419502010002,2.9753771394321498,2.9767816786925856,0,0,0,108.02999999999622,0.00047205419502010002,0.0014045392604358513,0,0
2022-12-19,-0.0014240473882298,-326.03999999998854,1,1,1,HOLD,-0.0097403442977315943,B,-0.0097403442977315943,2.9767816786925856,2.9477868002429402,1,-326.03999999998854,-0.0014240473882298,0,0,0,-0.028994878449645208,-0.0042390781748724961
2022-12-20,0,0,0,1,1,HOLD,0.00076269626278831237,B,0.00076269626278831237,2.9477868002429402,2.950035066218982,0,0,0,0,0,0,0.0022482659760420078,0
2022-12-21,-0.0082540915077052007,-1887.0599999999947,3,1,0,EXIT,0.014480185009986334,B,0.014480185009986334,2.950035066218982,2.9927521197637801,3,-1887.0599999999947,-0.0082540915077052007,0,0,0,0.042717053544798149,-0.02434985938751065
2022-12-22,0.0040550204683875001,919.31999999999778,1,0,0,FLAT,0,A,0.0040550204683875001,2.9927521197637801,3.0048877908662326,0,0,0,919.31999999999778,0.0040550204683875001,0.012135671102452207,0,0
2022-12-23,0,0,0,0,0,FLAT,0,A,0,3.0048877908662326,3.0048877908662326,0,0,0,0,0,0,0,0
2022-12-27,-0.0083421772297064007,-1898.880000000016,1,0,0,FLAT,0,A,-0.0083421772297064007,3.0048877908662326,2.9798204843594456,0,0,0,-1898.880000000016,-0.0083421772297064007,-0.025067306506787054,0,0
2022-12-28,0.0064367420359009997,1452.889999999958,2,0,0,FLAT,0,A,0.0064367420359009997,2.9798204843594456,2.9990008201305609,0,0,0,1452.889999999958,0.0064367420359009997,0.019180335771115321,0,0
2022-12-29,0.0064389443200558996,1462.6499999999703,1,0,0,FLAT,0,A,0.0064389443200558996,2.9990008201305609,3.0183112194271833,0,0,0,1462.6499999999703,0.0064389443200558996,0.019310399296622659,0,0
2022-12-30,0,0,0,0,0,FLAT,0,A,0,3.0183112194271833,3.0183112194271833,0,0,0,0,0,0,0,0
2023-01-03,-0.0145677081934724,-3330.360000000001,3,0,0,FLAT,0,A,-0.0145677081934724,3.0183112194271833,2.9743413423454843,0,0,0,-3330.360000000001,-0.0145677081934724,-0.043969877081699048,0,0
2023-01-04,0,0,0,0,0,FLAT,0,A,0,2.9743413423454843,2.9743413423454843,0,0,0,0,0,0,0,0
2023-01-05,-0.0017192828525804001,-387.29000000004282,2,0,0,FLAT,0,A,-0.0017192828525804001,2.9743413423454843,2.9692276082778686,0,0,0,-387.29000000004282,-0.0017192828525804001,-0.0051137340676155607,0,0
2023-01-06,0.0089767319809021008,2018.519999999967,2,0,0,FLAT,0,A,0.0089767319809021008,2.9692276082778686,2.9958815687076741,0,0,0,2018.519999999967,0.0089767319809021008,0.026653960429805397,0,0
2023-01-09,-0.00053397066821619997,-121.13999999999572,2,0,0,FLAT,0,A,-0.00053397066821619997,2.9958815687076741,2.9942818558245343,0,0,0,-121.13999999999572,-0.00053397066821619997,-0.0015997128831394341,0,0
2023-01-10,0,0,0,0,0,FLAT,0,A,0,2.9942818558245343,2.9942818558245343,0,0,0,0,0,0,0,0
2023-01-11,0,0,0,0,0,FLAT,0,A,0,2.9942818558245343,2.9942818558245343,0,0,0,0,0,0,0,0
2023-01-12,-0.0063926502208517004,-1449.419999999971,1,0,0,FLAT,0,A,-0.0063926502208517004,2.9942818558245343,2.9751404592576054,0,0,0,-1449.419999999971,-0.0063926502208517004,-0.01914139656692895,0,0
2023-01-13,0,0,0,0,0,FLAT,0,A,0,2.9751404592576054,2.9751404592576054,0,0,0,0,0,0,0,0
2023-01-17,0,0,0,0,0,FLAT,0,A,0,2.9751404592576054,2.9751404592576054,0,0,0,0,0,0,0,0
2023-01-18,0.017500315934769601,3942.3999999999801,1,0,0,FLAT,0,A,0.017500315934769601,2.9751404592576054,3.0272063572449288,0,0,0,3942.3999999999801,0.017500315934769601,0.052065897987323619,0,0
2023-01-19,0,0,0,0,1,ENTRY,0,A,0,3.0272063572449288,3.0272063572449288,0,0,0,0,0,0,0,0
2023-01-20,0.0099000485113045003,2269.1950000000202,2,1,0,EXIT,0.018030299133208159,B,0.018030299133208159,3.0272063572449288,3.0817877934040045,2,2269.1950000000202,0.0099000485113045003,0,0,0,0.054581436159075472,0.029969489790454176
2023-01-23,0.0094943697792299001,2197.609999999951,2,0,0,FLAT,0,A,0.0094943697792299001,3.0817877934040045,3.1110474262956989,0,0,0,2197.609999999951,0.0094943697792299001,0.02925963289169458,0,0
2023-01-24,0,0,0,0,0,FLAT,0,A,0,3.1110474262956989,3.1110474262956989,0,0,0,0,0,0,0,0
2023-01-25,-0.0012073761704663,-282.09999999999013,1,0,0,FLAT,0,A,-0.0012073761704663,3.1110474262956989,3.1072912217679991,0,0,0,-282.09999999999013,-0.0012073761704663,-0.0037562045276999393,0,0
2023-01-26,0,0,0,0,0,FLAT,0,A,0,3.1072912217679991,3.1072912217679991,0,0,0,0,0,0,0,0
2023-01-27,-0.0004327266957582,-100.97999999997194,1,0,0,FLAT,0,A,-0.0004327266957582,3.1072912217679991,3.1059466139048451,0,0,0,-100.97999999997194,-0.0004327266957582,-0.0013446078631541266,0,0
2023-01-30,0,0,0,0,0,FLAT,0,A,0,3.1059466139048451,3.1059466139048451,0,0,0,0,0,0,0,0
2023-01-31,0.018853702114079,4397.6000000000085,1,0,0,FLAT,0,A,0.018853702114079,3.1059466139048451,3.1645052061456398,0,0,0,4397.6000000000085,0.018853702114079,0.058558592240794287,0,0
2023-02-01,0.0059057510008244003,1403.4300000000208,1,0,0,FLAT,0,A,0.0059057510008244003,3.1645052061456398,3.1831939859339484,0,0,0,1403.4300000000208,0.0059057510008244003,0.018688779788308636,0,0
2023-02-02,-0.0143094289733644,-3420.4300000000549,2,0,0,FLAT,0,A,-0.0143094289733644,3.1831939859339484,3.1376442976837859,0,0,0,-3420.4300000000549,-0.0143094289733644,-0.045549688250162555,0,0
2023-02-03,0,0,0,0,0,FLAT,0,A,0,3.1376442976837859,3.1376442976837859,0,0,0,0,0,0,0,0
2023-02-06,0,0,0,0,0,FLAT,0,A,0,3.1376442976837859,3.1376442976837859,0,0,0,0,0,0,0,0
2023-02-07,-0.021757542316278699,-5126.0100000000139,2,0,0,FLAT,0,A,-0.021757542316278699,3.1376442976837859,3.0693768691035004,0,0,0,-5126.0100000000139,-0.021757542316278699,-0.068267428580285533,0,0
2023-02-08,-0.0038722175330388,-892.37999999998306,2,0,0,FLAT,0,A,-0.0038722175330388,3.0693768691035004,3.057491574175454,0,0,0,-892.37999999998306,-0.0038722175330388,-0.011885294928046313,0,0
2023-02-09,-0.0026454399508740998,-607.25999999998339,1,0,0,FLAT,0,A,-0.0026454399508740998,3.057491574175454,3.0494031638156693,0,0,0,-607.25999999998339,-0.0026454399508740998,-0.0080884103597846872,0,0
2023-02-10,0,0,0,0,0,FLAT,0,A,0,3.0494031638156693,3.0494031638156693,0,0,0,0,0,0,0,0
2023-02-13,0.0119596323554203,2737.9799999999773,1,0,0,FLAT,0,A,0.0119596323554203,3.0494031638156693,3.0858729045583604,0,0,0,2737.9799999999773,0.0119596323554203,0.036469740742690909,0,0
2023-02-14,-0.0070298394252536998,-1628.5700000000099,1,0,0,FLAT,0,A,-0.0070298394252536998,3.0858729045583604,3.0641797135525737,0,0,0,-1628.5700000000099,-0.0070298394252536998,-0.021693191005786511,0,0
2023-02-15,0,0,0,0,0,FLAT,0,A,0,3.0641797135525737,3.0641797135525737,0,0,0,0,0,0,0,0
2023-02-16,0,0,0,0,0,FLAT,0,A,0,3.0641797135525737,3.0641797135525737,0,0,0,0,0,0,0,0
2023-02-17,-0.0046747129153428,-1075.3199999999715,1,0,0,FLAT,0,A,-0.0046747129153428,3.0641797135525737,3.0498555530706981,0,0,0,-1075.3199999999715,-0.0046747129153428,-0.014324160481875618,0,0
2023-02-21,0.0077336854866832004,1770.6000000000352,2,0,1,ENTRY,0,A,0.0077336854866832004,3.0498555530706981,3.0734421766979612,0,0,0,1770.6000000000352,0.0077336854866832004,0.023586623627263024,0,0
2023-02-22,0,0,0,1,1,HOLD,-0.0024683314330104871,B,-0.0024683314330104871,3.0734421766979612,3.0658559027656773,0,0,0,0,0,0,-0.0075862739322837495,0
2023-02-23,-0.0061115342119908,-1409.9399999999898,1,1,1,HOLD,0.006707363026603361,B,0.006707363026603361,3.0658559027656773,3.0864197112927818,1,-1409.9399999999898,-0.0061115342119908,0,0,0,0.020563808527104172,-0.018737083238786378
2023-02-24,0.0018120781533587,415.47999999996944,1,1,1,HOLD,-0.010655287717722214,B,-0.010655287717722214,3.0864197112927818,3.0535330212513081,1,415.47999999996944,0.0018120781533587,0,0,0,-0.032886690041473723,0.0055928337309293164
2023-02-27,0,0,0,1,0,EXIT,0.0025348702297777891,B,0.0025348702297777891,3.0535330212513081,3.0612733312025218,0,0,0,0,0,0,0.0077403099512133701,0
2023-02-28,0,0,0,0,0,FLAT,0,A,0,3.0612733312025218,3.0612733312025218,0,0,0,0,0,0,0,0
2023-03-01,0,0,0,0,0,FLAT,0,A,0,3.0612733312025218,3.0612733312025218,0,0,0,0,0,0,0,0
2023-03-02,0.0041906366796365,962.54999999999677,1,0,0,FLAT,0,A,0.0041906366796365,3.0612733312025218,3.0741020155106522,0,0,0,962.54999999999677,0.0041906366796365,0.012828684308130304,0,0
2023-03-03,0.0132187165799049,3048.8099999999754,2,0,0,FLAT,0,A,0.0132187165799049,3.0741020155106522,3.1147376987914019,0,0,0,3048.8099999999754,0.0132187165799049,0.040635683280749728,0,0
2023-03-06,-0.0011624343366679001,-271.63000000002148,1,0,0,FLAT,0,A,-0.0011624343366679001,3.1147376987914019,3.1111170207406129,0,0,0,-271.63000000002148,-0.0011624343366679001,-0.0036206780507890847,0,0
2023-03-07,0.025661081237316499,5989.1299999999965,1,0,0,FLAT,0,A,0.025661081237316499,3.1111170207406129,3.1909516473486361,0,0,0,5989.1299999999965,0.025661081237316499,0.079834626608022943,0,0
2023-03-08,0,0,0,0,0,FLAT,0,A,0,3.1909516473486361,3.1909516473486361,0,0,0,0,0,0,0,0
2023-03-09,0.022576017412906602,5404.1050000000114,2,0,1,ENTRY,0,A,0.022576017412906602,3.1909516473486361,3.2629906273029219,0,0,0,5404.1050000000114,0.022576017412906602,0.07203897995428582,0,0
2023-03-10,0.0116804355309445,2858.9100000000494,2,1,1,HOLD,-0.014301767289815099,B,-0.014301767289815099,3.2629906273029219,3.2163240946823874,2,2858.9100000000494,0.0116804355309445,0,0,0,-0.046666532620534176,0.038113151660287933
2023-03-13,-0.0204184898979347,-5055.6649999999263,2,1,1,HOLD,-0.002072753653228314,B,-0.002072753653228314,3.2163240946823874,3.209657447165168,2,-5055.6649999999263,-0.0204184898979347,0,0,0,-0.006666647517219168,-0.065672481035756305
2023-03-14,-0.0017498044004582,-424.37999999997953,1,1,0,EXIT,0.016837158583445842,B,0.016837158583445842,3.209657447165168,3.2636989586016263,1,-424.37999999997953,-0.0017498044004582,0,0,0,0.054041511436457877,-0.0056162727250130438
2023-03-15,0,0,0,0,0,FLAT,0,A,0,3.2636989586016263,3.2636989586016263,0,0,0,0,0,0,0,0
2023-03-16,0.020857171701593,5049.4499999999634,1,0,0,FLAT,0,A,0.020857171701593,3.2636989586016263,3.3317704881634911,0,0,0,5049.4499999999634,0.020857171701593,0.06807152956186438,0,0
2023-03-17,-0.0082439359856,-2037.3900000000672,3,0,0,FLAT,0,A,-0.0082439359856,3.3317704881634911,3.3043035855403597,0,0,0,-2037.3900000000672,-0.0082439359856,-0.027466902623131083,0,0
2023-03-20,0.00091832078487389995,225.06000000002791,1,0,0,FLAT,0,A,0.00091832078487389995,3.3043035855403597,3.3073379962024951,0,0,0,225.06000000002791,0.00091832078487389995,0.0030344106621350651,0,0
2023-03-21,0,0,0,0,0,FLAT,0,A,0,3.3073379962024951,3.3073379962024951,0,0,0,0,0,0,0,0
2023-03-22,0,0,0,0,0,FLAT,0,A,0,3.3073379962024951,3.3073379962024951,0,0,0,0,0,0,0,0
2023-03-23,0.0012599489225364,309.05999999997726,1,0,0,FLAT,0,A,0.0012599489225364,3.3073379962024951,3.3115050731472744,0,0,0,309.05999999997726,0.0012599489225364,0.0041670769447790298,0,0
2023-03-24,0,0,0,0,0,FLAT,0,A,0,3.3115050731472744,3.3115050731472744,0,0,0,0,0,0,0,0
2023-03-27,0,0,0,0,0,FLAT,0,A,0,3.3115050731472744,3.3115050731472744,0,0,0,0,0,0,0,0
2023-03-28,0,0,0,0,0,FLAT,0,A,0,3.3115050731472744,3.3115050731472744,0,0,0,0,0,0,0,0
2023-03-29,0,0,0,0,0,FLAT,0,A,0,3.3115050731472744,3.3115050731472744,0,0,0,0,0,0,0,0
2023-03-30,0,0,0,0,0,FLAT,0,A,0,3.3115050731472744,3.3115050731472744,0,0,0,0,0,0,0,0
2023-03-31,0.011352844769664701,2788.2399999999998,2,0,0,FLAT,0,A,0.011352844769664701,3.3115050731472744,3.3491000761966725,0,0,0,2788.2399999999998,0.011352844769664701,0.037595003049398154,0,0
2023-04-03,-0.0060618195191577996,-1505.5799999999947,1,0,0,FLAT,0,A,-0.0060618195191577996,3.3491000761966725,3.3287984359831704,0,0,0,-1505.5799999999947,-0.0060618195191577996,-0.020301640213501865,0,0
2023-04-04,0.00079057674647729998,195.16000000001827,1,0,0,FLAT,0,A,0.00079057674647729998,3.3287984359831704,3.3314301066203686,0,0,0,195.16000000001827,0.00079057674647729998,0.0026316706371982998,0,0
2023-04-05,-0.00098690570706759994,-243.81000000004224,1,0,0,FLAT,0,A,-0.00098690570706759994,3.3314301066203686,3.3281422992354481,0,0,0,-243.81000000004224,-0.00098690570706759994,-0.0032878073849204647,0,0
2023-04-06,-0.0029350515337469001,-724.34999999996933,2,0,0,FLAT,0,A,-0.0029350515337469001,3.3281422992354481,3.3183740300755495,0,0,0,-724.34999999996933,-0.0029350515337469001,-0.0097682691598989374,0,0
2023-04-10,0,0,0,0,0,FLAT,0,A,0,3.3183740300755495,3.3183740300755495,0,0,0,0,0,0,0,0
2023-04-11,0,0,0,0,0,FLAT,0,A,0,3.3183740300755495,3.3183740300755495,0,0,0,0,0,0,0,0
2023-04-12,0,0,0,0,0,FLAT,0,A,0,3.3183740300755495,3.3183740300755495,0,0,0,0,0,0,0,0
2023-04-13,0.020072879162942502,4938.9599999999409,2,0,0,FLAT,0,A,0.020072879162942502,3.3183740300755495,3.3849833509987026,0,0,0,4938.9599999999409,0.020072879162942502,0.066609320923153026,0,0
2023-04-14,-0.021157956171518399,-5309.8500000000804,3,0,0,FLAT,0,A,-0.021157956171518399,3.3849833509987026,3.3133640216169526,0,0,0,-5309.8500000000804,-0.021157956171518399,-0.07161932938175003,0,0
2023-04-17,0,0,0,0,0,FLAT,0,A,0,3.3133640216169526,3.3133640216169526,0,0,0,0,0,0,0,0
2023-04-18,-0.0037621641145117002,-924.03999999996768,1,0,0,FLAT,0,A,-0.0037621641145117002,3.3133640216169526,3.300898602396511,0,0,0,-924.03999999996768,-0.0037621641145117002,-0.012465419220441469,0,0
2023-04-19,0,0,0,0,0,FLAT,0,A,0,3.300898602396511,3.300898602396511,0,0,0,0,0,0,0,0
2023-04-20,0,0,0,0,1,ENTRY,0,A,0,3.300898602396511,3.300898602396511,0,0,0,0,0,0,0,0
2023-04-21,-0.0087087706324773997,-2130.8399999999688,1,1,1,HOLD,0.0016037712924938643,B,0.0016037712924938643,3.300898602396511,3.3061924888144678,1,-2130.8399999999688,-0.0087087706324773997,0,0,0,0.0052938864179566426,-0.028746768809336427
2023-04-24,0,0,0,1,1,HOLD,0.00061864674058080007,B,0.00061864674058080007,3.3061924888144678,3.3082378540214057,0,0,0,0,0,0,0.0020453652069377937,0
2023-04-25,0.024349900054558799,5905.6499999999996,2,1,1,HOLD,-0.015262641079416649,B,-0.015262641079416649,3.3082378540214057,3.2577454070501375,2,5905.6499999999996,0.024349900054558799,0,0,0,-0.050492446971268284,0.080555261102129308
2023-04-26,-0.0014224330976181001,-353.34000000001333,1,1,1,HOLD,-0.0033977594484796256,B,-0.0033977594484796256,3.2577454070501375,3.2466763718125917,1,-353.34000000001333,-0.0014224330976181001,0,0,0,-0.011069035237545708,-0.0046339248906014652
2023-04-27,0.022845425771486499,5666.5400000000518,2,1,0,EXIT,0.018504335795637029,B,0.018504335795637029,3.2466763718125917,3.3067539616163719,2,5666.5400000000518,0.022845425771486499,0,0,0,0.060077589803780695,0.074171704056283663
2023-04-28,-0.00097742020181019996,-247.94999999996708,2,0,0,FLAT,0,A,-0.00097742020181019996,3.3067539616163719,3.3035218734918721,0,0,0,-247.94999999996708,-0.00097742020181019996,-0.0032320881244997522,0,0
2023-05-01,-0.0070027737348389001,-1774.5699999999936,1,0,0,FLAT,0,A,-0.0070027737348389001,3.3035218734918721,3.2803880572837172,0,0,0,-1774.5699999999936,-0.0070027737348389001,-0.023133816208154679,0,0
2023-05-02,0.0139238880995823,3503.6000000000813,3,0,0,FLAT,0,A,0.0139238880995823,3.2803880572837172,3.3260638135165417,0,0,0,3503.6000000000813,0.0139238880995823,0.045675756232824646,0,0
2023-05-03,-0.0046708213084895997,-1191.5199999999938,1,0,1,ENTRY,0,A,-0.0046708213084895997,3.3260638135165417,3.3105283637829723,0,0,0,-1191.5199999999938,-0.0046708213084895997,-0.015535449733569242,0,0
2023-05-04,-0.0024844661099937002,-630.80000000000996,2,1,1,HOLD,-0.0066561247379840404,B,-0.0066561247379840404,3.3105283637829723,3.2884930740449985,2,-630.80000000000996,-0.0024844661099937002,0,0,0,-0.022035289737973671,-0.0082248955259916906
2023-05-05,0.0125424140444711,3176.3200000000129,1,1,0,EXIT,0.017695838886420848,B,0.017695838886420848,3.2884930740449985,3.3466857176624094,1,3176.3200000000129,0.0125424140444711,0,0,0,0.058192643617411118,0.041245641717047934
2023-05-08,0,0,0,0,0,FLAT,0,A,0,3.3466857176624094,3.3466857176624094,0,0,0,0,0,0,0,0
2023-05-09,0,0,0,0,0,FLAT,0,A,0,3.3466857176624094,3.3466857176624094,0,0,0,0,0,0,0,0
2023-05-10,0,0,0,0,0,FLAT,0,A,0,3.3466857176624094,3.3466857176624094,0,0,0,0,0,0,0,0
2023-05-11,-0.0022564015140936,-578.57000000003359,1,0,0,FLAT,0,A,-0.0022564015140936,3.3466857176624094,3.3391342509418807,0,0,0,-578.57000000003359,-0.0022564015140936,-0.0075514667205288872,0,0
2023-05-12,-0.0080455619611756995,-2058.2599999999438,2,0,0,FLAT,0,A,-0.0080455619611756995,3.3391342509418807,3.312269039429244,0,0,0,-2058.2599999999438,-0.0080455619611756995,-0.026865211512636909,0,0
2023-05-15,0,0,0,0,0,FLAT,0,A,0,3.312269039429244,3.312269039429244,0,0,0,0,0,0,0,0
2023-05-16,0,0,0,0,0,FLAT,0,A,0,3.312269039429244,3.312269039429244,0,0,0,0,0,0,0,0
2023-05-17,0.0033343047354329998,846.07999999998196,1,0,0,FLAT,0,A,0.0033343047354329998,3.312269039429244,3.3233131537724412,0,0,0,846.07999999998196,0.0033343047354329998,0.011044114343197043,0,0
2023-05-18,0.0071522146557766002,1820.8600000000199,2,0,0,FLAT,0,A,0.0071522146557766002,3.3233131537724412,3.3470822028165874,0,0,0,1820.8600000000199,0.0071522146557766002,0.023769049044146409,0,0
2023-05-19,-0.0060529594047291999,-1551.9000000000167,1,0,0,FLAT,0,A,-0.0060529594047291999,3.3470822028165874,3.3268224501186472,0,0,0,-1551.9000000000167,-0.0060529594047291999,-0.020259752697940388,0,0
2023-05-22,0,0,0,0,0,FLAT,0,A,0,3.3268224501186472,3.3268224501186472,0,0,0,0,0,0,0,0
2023-05-23,-9.4084272516989121e-05,-23.974999999978024,2,0,1,ENTRY,0,A,-9.4084272516989121e-05,3.3268224501186472,3.3265094484486344,0,0,0,-23.974999999978024,-9.4084272516989121e-05,-0.00031300167001260023,0,0
2023-05-24,-0.016650643248854801,-4242.2200000000003,3,1,1,HOLD,-0.00735356267433015,B,-0.00735356267433015,3.3265094484486344,3.3020477527327157,3,-4242.2200000000003,-0.016650643248854801,0,0,0,-0.024461695715918452,-0.05538852209006296
2023-05-25,0,0,0,1,1,HOLD,0.0089407356948228885,B,0.0089407356948228885,3.3020477527327157,3.3315704889415825,0,0,0,0,0,0,0.029522736208867095,0
2023-05-26,0.017095848891948401,4282.5700000000443,1,1,0,EXIT,0.013418853911722508,B,0.013418853911722508,3.3315704889415825,3.3762763466292958,1,4282.5700000000443,0.017095848891948401,0,0,0,0.04470585768771302,0.056956025651819946
2023-05-30,0,0,0,0,0,FLAT,0,A,0,3.3762763466292958,3.3762763466292958,0,0,0,0,0,0,0,0
2023-05-31,-0.0014317023199639,-364.7600000000453,1,0,0,FLAT,0,A,-0.0014317023199639,3.3762763466292958,3.3714425239509871,0,0,0,-364.7600000000453,-0.0014317023199639,-0.0048338226783084031,0,0
2023-06-01,0.0152142358322359,3870.4600000000401,1,0,0,FLAT,0,A,0.0152142358322359,3.3714425239509871,3.4227364456052056,0,0,0,3870.4600000000401,0.0152142358322359,0.051293921654218949,0,0
2023-06-02,0.0053667578003580001,1386.0000000000523,1,0,0,FLAT,0,A,0.0053667578003580001,3.4227364456052056,3.4411054431232269,0,0,0,1386.0000000000523,0.0053667578003580001,0.018368997518021353,0,0
2023-06-05,0,0,0,0,0,FLAT,0,A,0,3.4411054431232269,3.4411054431232269,0,0,0,0,0,0,0,0
2023-06-06,0,0,0,0,0,FLAT,0,A,0,3.4411054431232269,3.4411054431232269,0,0,0,0,0,0,0,0
2023-06-07,-0.0045256799608725997,-1175.0100000000234,1,0,0,FLAT,0,A,-0.0045256799608725997,3.4411054431232269,3.4255321011760342,0,0,0,-1175.0100000000234,-0.0045256799608725997,-0.015573341947192416,0,0
2023-06-08,-0.0033676235192922001,-870.34999999998945,2,0,0,FLAT,0,A,-0.0033676235192922001,3.4255321011760342,3.4139961987060232,0,0,0,-870.34999999998945,-0.0033676235192922001,-0.011535902470010842,0,0
2023-06-09,0.00048269353241319997,124.31999999997528,1,0,0,FLAT,0,A,0.00048269353241319997,3.4139961987060232,3.4156441125908219,0,0,0,124.31999999997528,0.00048269353241319997,0.0016479138847986473,0,0
2023-06-12,0.0034465258566456001,888.05999999998926,1,0,0,FLAT,0,A,0.0034465258566456001,3.4156441125908219,3.4274162183419654,0,0,0,888.05999999998926,0.0034465258566456001,0.011772105751143583,0,0
2023-06-13,-0.0062409174289407999,-1613.5599999999897,1,0,0,FLAT,0,A,-0.0062409174289407999,3.4274162183419654,3.4060259967286806,0,0,0,-1613.5599999999897,-0.0062409174289407999,-0.021390221613284736,0,0
2023-06-14,-0.018566665215508302,-4770.1699999999691,2,0,0,FLAT,0,A,-0.018566665215508302,3.4060259967286806,3.3427874523321011,0,0,0,-4770.1699999999691,-0.018566665215508302,-0.063238544396579388,0,0
2023-06-15,0.030215134230666001,7618.0500000000211,1,0,0,FLAT,0,A,0.030215134230666001,3.3427874523321011,3.4437902239089015,0,0,0,7618.0500000000211,0.030215134230666001,0.10100277157680046,0,0
2023-06-16,0.00014545771235700001,37.779999999966549,2,0,0,FLAT,0,A,0.00014545771235700001,3.4437902239089015,3.4442911497567086,0,0,0,37.779999999966549,0.00014545771235700001,0.00050092584780718962,0,0
2023-06-20,-0.0063613440458303999,-1652.3199999999265,1,0,0,FLAT,0,A,-0.0063613440458303999,3.4442911497567086,3.4223808287590973,0,0,0,-1652.3199999999265,-0.0063613440458303999,-0.021910320997611182,0,0
2023-06-21,-0.0034932332472712001,-901.52999999995382,1,0,1,ENTRY,0,A,-0.0034932332472712001,3.4223808287590973,3.4104256542632525,0,0,0,-901.52999999995382,-0.0034932332472712001,-0.011955174495844843,0,0
2023-06-22,0,0,0,1,1,HOLD,0.0031499321729933551,B,0.0031499321729933551,3.4104256542632525,3.4211682637552179,0,0,0,0,0,0,0.010742609491965732,0
2023-06-23,0,0,0,1,1,HOLD,-0.0068301627320650924,B,-0.0068301627320650924,3.4211682637552179,3.3978011277799931,0,0,0,0,0,0,-0.023367135975224728,0
2023-06-26,-0.0024419680955518998,-627.98999999996977,1,1,1,HOLD,-0.0048232253300101542,B,-0.0048232253300101542,3.3978011277799931,3.3814127673141479,1,-627.98999999996977,-0.0024419680955518998,0,0,0,-0.01638836046584553,-0.0082973219490690073
2023-06-27,0.016538906731107601,4242.6299999999683,1,1,0,EXIT,0.011548361663149596,B,0.011548361663149596,3.3814127673141479,3.4204625448834829,1,4242.6299999999683,0.016538906731107601,0,0,0,0.039049777569335288,0.055924870377985138
2023-06-28,0,0,0,0,0,FLAT,0,A,0,3.4204625448834829,3.4204625448834829,0,0,0,0,0,0,0,0
2023-06-29,-0.00067611681362619999,-176.30000000004009,1,0,0,FLAT,0,A,-0.00067611681362619999,3.4204625448834829,3.4181499126465082,0,0,0,-176.30000000004009,-0.00067611681362619999,-0.0023126322369743835,0,0
2023-06-30,-0.00040726863680680002,-106.12000000000396,2,0,0,FLAT,0,A,-0.00040726863680680002,3.4181499126465082,3.4167578073911833,0,0,0,-106.12000000000396,-0.00040726863680680002,-0.001392105255324826,0,0
2023-07-03,0,0,0,0,0,FLAT,0,A,0,3.4167578073911833,3.4167578073911833,0,0,0,0,0,0,0,0
2023-07-05,0,0,0,0,0,FLAT,0,A,0,3.4167578073911833,3.4167578073911833,0,0,0,0,0,0,0,0
2023-07-06,-3.3348133735500891e-05,-8.684999999992101,1,0,0,FLAT,0,A,-3.3348133735500891e-05,3.4167578073911833,3.4166438648948807,0,0,0,-8.684999999992101,-3.3348133735500891e-05,-0.00011394249630269797,0,0
2023-07-07,0.00056368041106289997,146.78999999995921,1,0,1,ENTRY,0,A,0.00056368041106289997,3.4166438648948807,3.4185697601131002,0,0,0,146.78999999995921,0.00056368041106289997,0.0019258952182194817,0,0
2023-07-10,0,0,0,1,1,HOLD,0.0012769062385990515,B,0.0012769062385990515,3.4185697601131002,3.4229349531668749,0,0,0,0,0,0,0.0043651930537744804,0
2023-07-11,0,0,0,1,0,EXIT,0.0079021679723082529,B,0.0079021679723082529,3.4229349531668749,3.449983560125085,0,0,0,0,0,0,0.02704860695820973,0
2023-07-12,0,0,0,0,0,FLAT,0,A,0,3.449983560125085,3.449983560125085,0,0,0,0,0,0,0,0
2023-07-13,-0.0020106782798726,-523.87999999994895,1,0,0,FLAT,0,A,-0.0020106782798726,3.449983560125085,3.4430467531148241,0,0,0,-523.87999999994895,-0.0020106782798726,-0.0069368070102610547,0,0
2023-07-14,0,0,0,0,0,FLAT,0,A,0,3.4430467531148241,3.4430467531148241,0,0,0,0,0,0,0,0
2023-07-17,-0.00099276219325219995,-258.12999999987846,3,0,0,FLAT,0,A,-0.00099276219325219995,3.4430467531148241,3.4396286264687319,0,0,0,-258.12999999987846,-0.00099276219325219995,-0.0034181266460921386,0,0
2023-07-18,0.013771401117736301,3576.6000000000768,2,0,0,FLAT,0,A,0.013771401117736301,3.4396286264687319,3.4869971319798814,0,0,0,3576.6000000000768,0.013771401117736301,0.047368505511149274,0,0
2023-07-19,-0.00076339152721450001,-200.96999999994409,1,0,0,FLAT,0,A,-0.00076339152721450001,3.4869971319798814,3.4843351879139068,0,0,0,-200.96999999994409,-0.00076339152721450001,-0.002661944065974703,0,0
2023-07-20,-0.0087953175529737002,-2313.5449999999487,3,0,0,FLAT,0,A,-0.0087953175529737002,3.4843351879139068,3.4536893534752036,0,0,0,-2313.5449999999487,-0.0087953175529737002,-0.030645834438703102,0,0
2023-07-21,0,0,0,0,0,FLAT,0,A,0,3.4536893534752036,3.4536893534752036,0,0,0,0,0,0,0,0
2023-07-24,0.00026127632822670001,68.109999999937941,2,0,0,FLAT,0,A,0.00026127632822670001,3.4536893534752036,3.454591720748315,0,0,0,68.109999999937941,0.00026127632822670001,0.00090236727311164664,0,0
2023-07-25,0.0030084209897684,784.34999999992351,1,0,0,FLAT,0,A,0.0030084209897684,3.454591720748315,3.4649845869920948,0,0,0,784.34999999992351,0.0030084209897684,0.010392866243779365,0,0
2023-07-26,0,0,0,0,0,FLAT,0,A,0,3.4649845869920948,3.4649845869920948,0,0,0,0,0,0,0,0
2023-07-27,0.0036645631725660001,958.234999999916,1,0,0,FLAT,0,A,0.0036645631725660001,3.4649845869920948,3.4776822419030951,0,0,0,958.234999999916,0.0036645631725660001,0.012697654911000042,0,0
2023-07-28,-0.0043764234807980003,-1148.5,1,0,0,FLAT,0,A,-0.0043764234807980003,3.4776822419030951,3.4624624316808759,0,0,0,-1148.5,-0.0043764234807980003,-0.015219810222218936,0,0
2023-07-31,0,0,0,0,0,FLAT,0,A,0,3.4624624316808759,3.4624624316808759,0,0,0,0,0,0,0,0
2023-08-01,0,0,0,0,0,FLAT,0,A,0,3.4624624316808759,3.4624624316808759,0,0,0,0,0,0,0,0
2023-08-02,0.017867805225498402,4668.2200000000894,1,0,0,FLAT,0,A,0.017867805225498402,3.4624624316808759,3.5243290360107551,0,0,0,4668.2200000000894,0.017867805225498402,0.061866604329879456,0,0
2023-08-03,0,0,0,0,1,ENTRY,0,A,0,3.5243290360107551,3.5243290360107551,0,0,0,0,0,0,0,0
2023-08-04,-0.00071864701038120002,-191.10000000004345,1,1,1,HOLD,-0.0068170950056160411,B,-0.0068170950056160411,3.5243290360107551,3.5003033501412188,1,-191.10000000004345,-0.00071864701038120002,0,0,0,-0.024025685869536514,-0.0025327485253287857
2023-08-07,-0.0030925601759021,-821.73000000001309,1,1,0,EXIT,0.0094168495543512348,B,0.0094168495543512348,3.5003033501412188,3.53326518018409,1,-821.73000000001309,-0.0030925601759021,0,0,0,0.032961830042871468,-0.010824898744223438
2023-08-08,-0.0043574600989944,-1154.1900000001235,2,0,0,FLAT,0,A,-0.0043574600989944,3.53326518018409,3.5178691181422717,0,0,0,-1154.1900000001235,-0.0043574600989944,-0.015396062041818431,0,0
2023-08-09,-0.0119573916669025,-3153.119999999979,2,0,0,FLAT,0,A,-0.0119573916669025,3.5178691181422717,3.4758045792637438,0,0,0,-3153.119999999979,-0.0119573916669025,-0.042064538878528047,0,0
2023-08-10,-0.016337404914771599,-4256.1749999999465,1,0,1,ENTRY,0,A,-0.016337404914771599,3.4758045792637438,3.4190189524476944,0,0,0,-4256.1749999999465,-0.016337404914771599,-0.056785626816049116,0,0
2023-08-11,0,0,0,1,1,HOLD,-0.0013681117814609641,B,-0.0013681117814609641,3.4190189524476944,3.4143413523378121,0,0,0,0,0,0,-0.0046776001098820146,0
2023-08-14,-0.0080264721032065004,-2056.770000000025,2,1,0,EXIT,0.005479944302205453,B,0.005479944302205453,3.4143413523378121,3.4330517527773403,2,-2056.770000000025,-0.0080264721032065004,0,0,0,0.018710400439528055,-0.027405115615363806
2023-08-15,0.0104470071199561,2655.2700000000327,2,0,0,FLAT,0,A,0.0104470071199561,3.4330517527773403,3.4689168688817826,0,0,0,2655.2700000000327,0.0104470071199561,0.035865116104442644,0,0
2023-08-16,0.0017080498952285,438.61999999998471,1,0,0,FLAT,0,A,0.0017080498952285,3.4689168688817826,3.4748419519762321,0,0,0,438.61999999998471,0.0017080498952285,0.0059250830944499048,0,0
2023-08-17,0.013363523113296799,3437.4000000000347,1,0,1,ENTRY,0,A,0.013363523113296799,3.4748419519762321,3.5212780827165195,0,0,0,3437.4000000000347,0.013363523113296799,0.046436130740287747,0,0
2023-08-18,0,0,0,1,1,HOLD,-0.00093892413035015,B,-0.00093892413035015,3.5212780827165195,3.5179718697549838,0,0,0,0,0,0,-0.0033062129615356517,0
2023-08-21,-0.013851083939799299,-3610.2600000000266,1,1,0,EXIT,0.0072663090817402468,B,0.0072663090817402468,3.5179718697549838,3.5435345407014909,1,-3610.2600000000266,-0.013851083939799299,0,0,0,0.025562670946507354,-0.048727723665828969
2023-08-22,0,0,0,0,0,FLAT,0,A,0,3.5435345407014909,3.5435345407014909,0,0,0,0,0,0,0,0
2023-08-23,0.020063041031918701,5156.6900000000633,1,0,0,FLAT,0,A,0.020063041031918701,3.5435345407014909,3.614628619589606,0,0,0,5156.6900000000633,0.020063041031918701,0.071094078888115197,0,0
2023-08-24,0.024050885958043101,6305.3509999999987,1,0,0,FLAT,0,A,0.024050885958043101,3.614628619589606,3.701563640300034,0,0,0,6305.3509999999987,0.024050885958043101,0.086935020710428371,0,0
2023-08-25,-0.0020964001914429999,-562.80000000003656,1,0,0,FLAT,0,A,-0.0020964001914429999,3.701563640300034,3.6938036815758708,0,0,0,-562.80000000003656,-0.0020964001914429999,-0.0077599587241634392,0,0
2023-08-28,0,0,0,0,0,FLAT,0,A,0,3.6938036815758708,3.6938036815758708,0,0,0,0,0,0,0,0
2023-08-29,0.025709131786838299,6887.1200000000072,1,0,0,FLAT,0,A,0.025709131786838299,3.6938036815758708,3.7887681672202134,0,0,0,6887.1200000000072,0.025709131786838299,0.094964485644342553,0,0
2023-08-30,-0.010295884013896099,-2828.9200000000392,1,0,0,FLAT,0,A,-0.010295884013896099,3.7887681672202134,3.749759449614972,0,0,0,-2828.9200000000392,-0.010295884013896099,-0.039008717605241015,0,0
2023-08-31,0,0,0,0,0,FLAT,0,A,0,3.749759449614972,3.749759449614972,0,0,0,0,0,0,0,0
2023-09-01,0,0,0,0,0,FLAT,0,A,0,3.749759449614972,3.749759449614972,0,0,0,0,0,0,0,0
2023-09-05,-0.0013165479452394999,-358,1,0,0,FLAT,0,A,-0.0013165479452394999,3.749759449614972,3.7448227115164392,0,0,0,-358,-0.0013165479452394999,-0.0049367380985329895,0,0
2023-09-06,0.0077945470164376999,2116.6500000000069,1,0,0,FLAT,0,A,0.0077945470164376999,3.7448227115164392,3.774011908209578,0,0,0,2116.6500000000069,0.0077945470164376999,0.029189196693138599,0,0
2023-09-07,0,0,0,0,1,ENTRY,0,A,0,3.774011908209578,3.774011908209578,0,0,0,0,0,0,0,0
2023-09-08,0.00029909260310410002,81.850000000018611,1,1,1,HOLD,0.00076407928446222306,B,0.00076407928446222306,3.774011908209578,3.7768955525279551,1,81.850000000018611,0.00029909260310410002,0,0,0,0.0028836443183766834,0.0011287790457722745
2023-09-11,0,0,0,1,0,EXIT,0.0066469055959759273,B,0.0066469055959759273,3.7768955525279551,3.8020002207114696,0,0,0,0,0,0,0.025104668183514655,0
2023-09-12,0,0,0,0,0,FLAT,0,A,0,3.8020002207114696,3.8020002207114696,0,0,0,0,0,0,0,0
2023-09-13,0,0,0,0,0,FLAT,0,A,0,3.8020002207114696,3.8020002207114696,0,0,0,0,0,0,0,0
2023-09-14,0,0,0,0,0,FLAT,0,A,0,3.8020002207114696,3.8020002207114696,0,0,0,0,0,0,0,0
2023-09-15,0.018999351024528599,5200.7199999999502,1,0,0,FLAT,0,A,0.018999351024528599,3.8020002207114696,3.8742357575001019,0,0,0,5200.7199999999502,0.018999351024528599,0.072235536788632426,0,0
2023-09-18,0,0,0,0,0,FLAT,0,A,0,3.8742357575001019,3.8742357575001019,0,0,0,0,0,0,0,0
2023-09-19,0.00091586018475890002,255.44999999996128,1,0,1,ENTRY,0,A,0.00091586018475890002,3.8742357575001019,3.8777840157767658,0,0,0,255.44999999996128,0.00091586018475890002,0.0035482582766635804,0,0
2023-09-20,0.0141543798308571,3951.3600000000329,1,1,1,HOLD,-0.0093485378796432199,B,-0.0093485378796432199,3.8777840157767658,3.8415324050162019,1,3951.3600000000329,0.0141543798308571,0,0,0,-0.036251610760564094,0.054887627861330703
2023-09-21,0.016287540692270799,4610.9799999999805,2,1,1,HOLD,-0.016149620478220238,B,-0.016149620478220238,3.8415324050162019,3.7794931146204056,2,4610.9799999999805,0.016287540692270799,0,0,0,-0.062039290395796295,0.062569115367378303
2023-09-22,-0.0067086828945304997,-1929.9599999999721,1,1,1,HOLD,-0.0027686070083984939,B,-0.0027686070083984939,3.7794931146204056,3.7690291834950735,1,-1929.9599999999721,-0.0067086828945304997,0,0,0,-0.010463931125331907,-0.025355420808049717
2023-09-25,-0.0109780118804527,-3136.8400000000329,2,1,1,HOLD,0.0038101433450270662,B,0.0038101433450270662,3.7690291834950735,3.78338972495578,2,-3136.8400000000329,-0.0109780118804527,0,0,0,0.014360541460706552,-0.041376447154181858
2023-09-26,0.005395216927296,1524.5600000001075,2,1,1,HOLD,-0.01428009350336751,B,-0.01428009350336751,3.78338972495578,3.7293625659237315,2,1524.5600000001075,0.005395216927296,0,0,0,-0.054027159032048425,0.020412208286639182
2023-09-27,-0.0026877641467158001,-763.52999999995893,1,1,1,HOLD,-0.00021131721061281992,B,-0.00021131721061281992,3.7293625659237315,3.7285744874289364,1,-763.52999999995893,-0.0026877641467158001,0,0,0,-0.00078807849479487163,-0.010023646994793845
2023-09-28,-0.00028891507750229998,-81.85000000003356,2,1,1,HOLD,0.0062234329865432942,B,0.0062234329865432942,3.7285744874289364,3.7517790208867856,2,-81.85000000003356,-0.00028891507750229998,0,0,0,0.023204533457848998,-0.0010772413870086296
2023-09-29,-0.0115571186047574,-3272.9399999999609,1,1,0,EXIT,-0.0021705643467301496,B,-0.0021705643467301496,3.7517790208867856,3.7436355431072386,1,-3272.9399999999609,-0.0115571186047574,0,0,0,-0.0081434777795470065,-0.04335975512322917
2023-10-02,0,0,0,0,0,FLAT,0,A,0,3.7436355431072386,3.7436355431072386,0,0,0,0,0,0,0,0
2023-10-03,0.0061044685229747001,1708.7199999999402,1,0,1,ENTRY,0,A,0.0061044685229747001,3.7436355431072386,3.7664884484416263,0,0,0,1708.7199999999402,0.0061044685229747001,0.022852905334387434,0,0
2023-10-04,0.0011774786441241,331.58999999996769,1,1,1,HOLD,0.0093043127388383849,B,0.0093043127388383849,3.7664884484416263,3.8015330348931493,1,331.58999999996769,0.0011774786441241,0,0,0,0.035044586451523051,0.0044349597113801315
2023-10-05,0.0020921450424312999,589.8400000000147,1,1,1,HOLD,-0.0015050678456364792,B,-0.0015050678456364792,3.8015330348931493,3.7958114697582066,1,589.8400000000147,0.0020921450424312999,0,0,0,-0.0057215651349425386,0.0079533584925905159
2023-10-06,0.0031447463875768,888.41999999998416,1,1,0,EXIT,0.011728962057514308,B,0.011728962057514308,3.7958114697582066,3.8403323984644779,1,888.41999999998416,0.0031447463875768,0,0,0,0.044520928706271626,0.011936864407444705
2023-10-09,-5.4307649212228329e-05,-15.389999999986005,1,0,0,FLAT,0,A,-5.4307649212228329e-05,3.8403323984644779,3.8401238390397237,0,0,0,-15.389999999986005,-5.4307649212228329e-05,-0.00020855942475416433,0,0
2023-10-10,0.0068283263980460996,1934.8700000000035,1,0,0,FLAT,0,A,0.0068283263980460996,3.8401238390397237,3.866345458021605,0,0,0,1934.8700000000035,0.0068283263980460996,0.026221618981881075,0,0
2023-10-11,0,0,0,0,0,FLAT,0,A,0,3.866345458021605,3.866345458021605,0,0,0,0,0,0,0,0
2023-10-12,-0.002999538754141,-855.72000000001583,2,0,0,FLAT,0,A,-0.002999538754141,3.866345458021605,3.8547482049833719,0,0,0,-855.72000000001583,-0.002999538754141,-0.011597253038232839,0,0
2023-10-13,-0.0080575259229153998,-2291.5899999999724,1,0,0,FLAT,0,A,-0.0080575259229153998,3.8547482049833719,3.8236884713954069,0,0,0,-2291.5899999999724,-0.0080575259229153998,-0.031059733587965124,0,0
2023-10-16,-0.0022522507672508001,-635.3599999999924,1,0,0,FLAT,0,A,-0.0022522507672508001,3.8236884713954069,3.8150765661019785,0,0,0,-635.3599999999924,-0.0022522507672508001,-0.0086119052934283437,0,0
2023-10-17,0,0,0,0,0,FLAT,0,A,0,3.8150765661019785,3.8150765661019785,0,0,0,0,0,0,0,0
2023-10-18,-0.0047191544567936001,-1328.2200000000853,2,0,0,FLAT,0,A,-0.0047191544567936001,3.8150765661019785,3.7970726305220497,0,0,0,-1328.2200000000853,-0.0047191544567936001,-0.018003935579928975,0,0
2023-10-19,0.0027885902431756,781.07999999995104,2,0,1,ENTRY,0,A,0.0027885902431756,3.7970726305220497,3.8076611102121527,0,0,0,781.07999999995104,0.0027885902431756,0.010588479690102898,0,0
2023-10-20,0.012144142507451199,3410.760000000022,2,1,1,HOLD,-0.012733406742731298,B,-0.012733406742731298,3.8076611102121527,3.7591766125573418,2,3410.760000000022,0.012144142507451199,0,0,0,-0.048484497654811165,0.046240779142496226
2023-10-23,-0.0085811673184437998,-2439.1499999999346,1,1,1,HOLD,-0.0023730703971333311,B,-0.0023730703971333311,3.7591766125573418,3.750255821820486,1,-2439.1499999999346,-0.0085811673184437998,0,0,0,-0.0089207907368557809,-0.032258123491935332
2023-10-24,0.00040689183785110001,114.65999999998884,1,1,1,HOLD,0.0083373969718954794,B,0.0083373969718954794,3.750255821820486,3.781523193353165,1,114.65999999998884,0.00040689183785110001,0,0,0,0.031267371532679514,0.0015259484837523249
2023-10-25,0.0026204515176665999,738.69999999996651,2,1,1,HOLD,-0.015145081387119603,B,-0.015145081387119603,3.781523193353165,3.7242517168225509,2,738.69999999996651,0.0026204515176665999,0,0,0,-0.057271476530614103,0.0099092981911137485
2023-10-26,-0.0058107595891314003,-1642.1999999999755,2,1,1,HOLD,-0.011210117849956885,B,-0.011210117849956885,3.7242517168225509,3.6825024161740658,2,-1642.1999999999755,-0.0058107595891314003,0,0,0,-0.041749300648485053,-0.021640731375865717
2023-10-27,-0.0046757046419552001,-1313.639999999989,1,1,1,HOLD,-0.0059350775193798451,B,-0.0059350775193798451,3.6825024161740658,3.6606464788687694,1,-1313.639999999989,-0.0046757046419552001,0,0,0,-0.021855937305296662,-0.017218293641316319
2023-10-30,-0.0111404792598301,-3115.1599999999926,1,1,0,EXIT,0.012915803582307785,B,0.012915803582307785,3.6606464788687694,3.7079266697741051,1,-3115.1599999999926,-0.0111404792598301,0,0,0,0.047280190905335633,-0.04078135617540761
2023-10-31,-0.0073530221789153997,-2033.1000000000345,1,0,0,FLAT,0,A,-0.0073530221789153997,3.7079266697741051,3.6806622027334641,0,0,0,-2033.1000000000345,-0.0073530221789153997,-0.027264467040640911,0,0
2023-11-01,-0.0058899656348657004,-1616.5300000000884,2,0,0,FLAT,0,A,-0.0058899656348657004,3.6806622027334641,3.6589832288458153,0,0,0,-1616.5300000000884,-0.0058899656348657004,-0.021678973887649194,0,0
2023-11-02,0.014902230011910199,4065.599999999979,1,0,0,FLAT,0,A,0.014902230011910199,3.6589832288458153,3.7135102385317973,0,0,0,4065.599999999979,0.014902230011910199,0.054527009685982196,0,0
2023-11-03,-0.0036061453079034998,-998.45000000007042,3,0,0,FLAT,0,A,-0.0036061453079034998,3.7135102385317973,3.7001187810092642,0,0,0,-998.45000000007042,-0.0036061453079034998,-0.013391457522533047,0,0
2023-11-06,0,0,0,0,0,FLAT,0,A,0,3.7001187810092642,3.7001187810092642,0,0,0,0,0,0,0,0
2023-11-07,-0.0019508644403044,-538.14999999996621,1,0,0,FLAT,0,A,-0.0019508644403044,3.7001187810092642,3.6929003508544911,0,0,0,-538.14999999996621,-0.0019508644403044,-0.0072184301547734368,0,0
2023-11-08,0,0,0,0,0,FLAT,0,A,0,3.6929003508544911,3.6929003508544911,0,0,0,0,0,0,0,0
2023-11-09,-0.0016247381076908,-447.30000000002906,1,0,0,FLAT,0,A,-0.0016247381076908,3.6929003508544911,3.6869003549265531,0,0,0,-447.30000000002906,-0.0016247381076908,-0.0059999959279380174,0,0
2023-11-10,0.0093580249700291,2572.0500000000602,1,0,0,FLAT,0,A,0.0093580249700291,3.6869003549265531,3.7214024605099651,0,0,0,2572.0500000000602,0.0093580249700291,0.034502105583411838,0,0
2023-11-13,0,0,0,0,0,FLAT,0,A,0,3.7214024605099651,3.7214024605099651,0,0,0,0,0,0,0,0
2023-11-14,-0.0036761143683084999,-1019.7999999999804,2,0,0,FLAT,0,A,-0.0036761143683084999,3.7214024605099651,3.7077221594546259,0,0,0,-1019.7999999999804,-0.0036761143683084999,-0.013680301055339288,0,0
2023-11-15,-0.0021987480444130999,-607.68000000002303,1,0,0,FLAT,0,A,-0.0021987480444130999,3.7077221594546259,3.6995698126072978,0,0,0,-607.68000000002303,-0.0021987480444130999,-0.0081523468473279747,0,0
2023-11-16,-0.0022735076233273998,-626.94000000000995,1,0,0,FLAT,0,A,-0.0022735076233273998,3.6995698126072978,3.6911588124353032,0,0,0,-626.94000000000995,-0.0022735076233273998,-0.0084110001719946113,0,0
2023-11-17,0,0,0,0,0,FLAT,0,A,0,3.6911588124353032,3.6911588124353032,0,0,0,0,0,0,0,0
2023-11-20,0.0126651191119294,3484.4499999999721,1,0,0,FLAT,0,A,0.0126651191119294,3.6911588124353032,3.7379077784558441,0,0,0,3484.4499999999721,0.0126651191119294,0.046748966020540988,0,0
2023-11-21,0,0,0,0,0,FLAT,0,A,0,3.7379077784558441,3.7379077784558441,0,0,0,0,0,0,0,0
2023-11-22,0,0,0,0,0,FLAT,0,A,0,3.7379077784558441,3.7379077784558441,0,0,0,0,0,0,0,0
2023-11-24,0,0,0,0,0,FLAT,0,A,0,3.7379077784558441,3.7379077784558441,0,0,0,0,0,0,0,0
2023-11-27,0,0,0,0,0,FLAT,0,A,0,3.7379077784558441,3.7379077784558441,0,0,0,0,0,0,0,0
2023-11-28,-0.0048063594543081003,-1339.0300000000673,1,0,0,FLAT,0,A,-0.0048063594543081003,3.7379077784558441,3.7199420500655314,0,0,0,-1339.0300000000673,-0.0048063594543081003,-0.017965728390313036,0,0
2023-11-29,-0.0107078136109954,-2968.6799999999334,1,0,0,FLAT,0,A,-0.0107078136109954,3.7199420500655314,3.6801096039497256,0,0,0,-2968.6799999999334,-0.0107078136109954,-0.039832446115805831,0,0
2023-11-30,0,0,0,0,0,FLAT,0,A,0,3.6801096039497256,3.6801096039497256,0,0,0,0,0,0,0,0
2023-12-01,0.0048907696570914001,1341.3600000000508,1,0,0,FLAT,0,A,0.0048907696570914001,3.6801096039497256,3.6981081723354938,0,0,0,1341.3600000000508,0.0048907696570914001,0.017998568385767969,0,0
2023-12-04,-0.0021573202986007001,-594.53999999995995,1,0,0,FLAT,0,A,-0.0021573202986007001,3.6981081723354938,3.6901301685088934,0,0,0,-594.53999999995995,-0.0021573202986007001,-0.0079780038266004973,0,0
2023-12-05,0,0,0,0,0,FLAT,0,A,0,3.6901301685088934,3.6901301685088934,0,0,0,0,0,0,0,0
2023-12-06,0.0025490037080467,700.92999999991207,1,0,1,ENTRY,0,A,0.0025490037080467,3.6901301685088934,3.6995363239915973,0,0,0,700.92999999991207,0.0025490037080467,0.0094061554827041642,0,0
2023-12-07,-0.0098423832580826001,-2713.2100000001251,3,1,0,EXIT,0.0087149805233389822,B,0.0087149805233389822,3.6995363239915973,3.7317777110005697,3,-2713.2100000001251,-0.0098423832580826001,0,0,0,0.032241387008971861,-0.036412254377923343
2023-12-08,0.0019368641395862,528.57500000005405,2,0,0,FLAT,0,A,0.0019368641395862,3.7317777110005697,3.7390056574259138,0,0,0,528.57500000005405,0.0019368641395862,0.0072279464253440775,0,0
2023-12-11,-0.0015157398851799999,-414.39999999989232,1,0,0,FLAT,0,A,-0.0015157398851799999,3.7390056574259138,3.73333829742004,0,0,0,-414.39999999989232,-0.0015157398851799999,-0.0056673600058741247,0,0
2023-12-12,0.0074227326433261003,2026.1600000000319,1,0,0,FLAT,0,A,0.0074227326433261003,3.73333829742004,3.761049869468879,0,0,0,2026.1600000000319,0.0074227326433261003,0.027711572048839218,0,0
2023-12-13,0.0243773536668269,6703.2000000000535,1,0,0,FLAT,0,A,0.0243773536668269,3.761049869468879,3.8527343122954947,0,0,0,6703.2000000000535,0.0243773536668269,0.091684442826616017,0,0
2023-12-14,0,0,0,0,0,FLAT,0,A,0,3.8527343122954947,3.8527343122954947,0,0,0,0,0,0,0,0
2023-12-15,0,0,0,0,0,FLAT,0,A,0,3.8527343122954947,3.8527343122954947,0,0,0,0,0,0,0,0
2023-12-18,-0.0078469055287970994,-2210.1849999999222,3,0,0,FLAT,0,A,-0.0078469055287970994,3.8527343122954947,3.8225022701193572,0,0,0,-2210.1849999999222,-0.0078469055287970994,-0.030232042176137806,0,0
2023-12-19,0.0029424611306946998,822.1400000000101,1,0,0,FLAT,0,A,0.0029424611306946998,3.8225022701193572,3.8337498344711758,0,0,0,822.1400000000101,0.0029424611306946998,0.011247564351818461,0,0
2023-12-20,0.020261648472582501,5677.5599999999604,1,0,0,FLAT,0,A,0.020261648472582501,3.8337498344711758,3.9114279259490523,0,0,0,5677.5599999999604,0.020261648472582501,0.077678091477876313,0,0
2023-12-21,0,0,0,0,0,FLAT,0,A,0,3.9114279259490523,3.9114279259490523,0,0,0,0,0,0,0,0
2023-12-22,-0.0051213133509355,-1464.0499999999774,1,0,0,FLAT,0,A,-0.0051213133509355,3.9114279259490523,3.8913962778906677,0,0,0,-1464.0499999999774,-0.0051213133509355,-0.020031648058384834,0,0
2023-12-26,-0.0037104291420517002,-1055.2400000000075,1,0,0,FLAT,0,A,-0.0037104291420517002,3.8913962778906677,3.8769575277379107,0,0,0,-1055.2400000000075,-0.0037104291420517002,-0.01443875015275705,0,0
2023-12-27,0,0,0,0,0,FLAT,0,A,0,3.8769575277379107,3.8769575277379107,0,0,0,0,0,0,0,0
2023-12-28,0,0,0,0,0,FLAT,0,A,0,3.8769575277379107,3.8769575277379107,0,0,0,0,0,0,0,0
2023-12-29,0.0017153069360350999,486.00000000006958,1,0,0,FLAT,0,A,0.0017153069360350999,3.8769575277379107,3.8836076998759532,0,0,0,486.00000000006958,0.0017153069360350999,0.0066501721380423312,0,0
2024-01-02,-0.0021939389456584,-622.65000000004045,1,0,1,ENTRY,0,A,-0.0021939389456584,3.8836076998759532,3.8750873016935365,0,0,0,-622.65000000004045,-0.0021939389456584,-0.0085203981824166931,0,0
2024-01-03,-0.0040857152584781002,-1156.9499999999148,2,1,1,HOLD,-0.0079271842091337245,B,-0.0079271842091337245,3.8750873016935365,3.8443687708265371,2,-1156.9499999999148,-0.0040857152584781002,0,0,0,-0.030718530866999615,-0.015832503316464012
2024-01-04,-0.0017085788481583999,-481.80000000001831,1,1,1,HOLD,-0.0031578048988648972,B,-0.0031578048988648972,3.8443687708265371,3.8322290042889779,1,-481.80000000001831,-0.0017085788481583999,0,0,0,-0.012139766537559262,-0.0065684071663549282
2024-01-05,-0.0015625815953849,-439.86000000001673,2,1,1,HOLD,0.0014982876712328766,B,0.0014982876712328766,3.8322290042889779,3.8379707857594449,2,-439.86000000001673,-0.0015625815953849,0,0,0,0.0057417814704672186,-0.0059881705114021577
2024-01-08,0.032250129999380803,9063.2600000000384,1,1,0,EXIT,0.014223124599273348,B,0.014223124599273348,3.8379707857594449,3.8925587224536731,1,9063.2600000000384,0.032250129999380803,0,0,0,0.054587936694227623,0.12377505677456779
2024-01-09,0,0,0,0,0,FLAT,0,A,0,3.8925587224536731,3.8925587224536731,0,0,0,0,0,0,0,0
2024-01-10,0.0043201450637134001,1253.1899999999046,2,0,0,FLAT,0,A,0.0043201450637134001,3.8925587224536731,3.9093751408036956,0,0,0,1253.1899999999046,0.0043201450637134001,0.016816418350022774,0,0
2024-01-11,0.0025480735099503,742.27999999999611,1,0,0,FLAT,0,A,0.0025480735099503,3.9093751408036956,3.9193365160404361,0,0,0,742.27999999999611,0.0025480735099503,0.0099613752367401203,0,0
2024-01-12,0,0,0,0,0,FLAT,0,A,0,3.9193365160404361,3.9193365160404361,0,0,0,0,0,0,0,0
2024-01-16,-0.021072162162795099,-6153.9299999999948,2,0,0,FLAT,0,A,-0.021072162162795099,3.9193365160404361,3.8367476214038678,0,0,0,-6153.9299999999948,-0.021072162162795099,-0.082588894636568447,0,0
2024-01-17,-0.0048227275917867001,-1378.6000000001363,2,0,1,ENTRY,0,A,-0.0048227275917867001,3.8367476214038678,3.8182440327874012,0,0,0,-1378.6000000001363,-0.0048227275917867001,-0.018503588616466424,0,0
2024-01-18,0.0047059340200965999,1338.5800000000099,1,1,0,EXIT,0.0083813071452759902,B,0.0083813071452759902,3.8182440327874012,3.8502459087818099,1,1338.5800000000099,0.0047059340200965999,0,0,0,0.032001875994408457,0.017968404490925068
2024-01-19,0.021165814323179599,6048.5250000000897,1,0,0,FLAT,0,A,0.021165814323179599,3.8502459087818099,3.9317394987856678,0,0,0,6048.5250000000897,0.021165814323179599,0.081493590003857683,0,0
2024-01-22,-0.0058470199194078001,-1706.1799999999328,1,0,0,FLAT,0,A,-0.0058470199194078001,3.9317394987856678,3.9087505396183455,0,0,0,-1706.1799999999328,-0.0058470199194078001,-0.022988959167322239,0,0
2024-01-23,0,0,0,0,0,FLAT,0,A,0,3.9087505396183455,3.9087505396183455,0,0,0,0,0,0,0,0
2024-01-24,0,0,0,0,0,FLAT,0,A,0,3.9087505396183455,3.9087505396183455,0,0,0,0,0,0,0,0
2024-01-25,0,0,0,0,0,FLAT,0,A,0,3.9087505396183455,3.9087505396183455,0,0,0,0,0,0,0,0
2024-01-26,0,0,0,0,0,FLAT,0,A,0,3.9087505396183455,3.9087505396183455,0,0,0,0,0,0,0,0
2024-01-29,0.0117671723806538,3413.4800000000323,1,0,0,FLAT,0,A,0.0117671723806538,3.9087505396183455,3.9547454810110083,0,0,0,3413.4800000000323,0.0117671723806538,0.045994941392662629,0,0
2024-01-30,0,0,0,0,0,FLAT,0,A,0,3.9547454810110083,3.9547454810110083,0,0,0,0,0,0,0,0
2024-01-31,0.038958457569881297,11433.689999999957,1,0,0,FLAT,0,A,0.038958457569881297,3.9547454810110083,4.1088162650326554,0,0,0,11433.689999999957,0.038958457569881297,0.15407078402164717,0,0
2024-02-01,0.0085220594145119007,2598.3850000000243,2,0,0,FLAT,0,A,0.0085220594145119007,4.1088162650326554,4.1438318413665769,0,0,0,2598.3850000000243,0.0085220594145119007,0.035015576333921168,0,0
2024-02-02,0.0194675342196362,5985.7699999999331,1,0,0,FLAT,0,A,0.0194675342196362,4.1438318413665769,4.2245020295387992,0,0,0,5985.7699999999331,0.0194675342196362,0.080670188172221921,0,0
2024-02-05,0.0033288207946281,1043.4149999999563,1,0,0,FLAT,0,A,0.0033288207946281,4.2245020295387992,4.2385646397416759,0,0,0,1043.4149999999563,0.0033288207946281,0.014062610202877367,0,0
2024-02-06,0,0,0,0,0,FLAT,0,A,0,4.2385646397416759,4.2385646397416759,0,0,0,0,0,0,0,0
2024-02-07,-0.0077387480765575001,-2433.6899999999509,3,0,0,FLAT,0,A,-0.0077387480765575001,4.2385646397416759,4.2057634557885102,0,0,0,-2433.6899999999509,-0.0077387480765575001,-0.03280118395316553,0,0
2024-02-08,0,0,0,0,0,FLAT,0,A,0,4.2057634557885102,4.2057634557885102,0,0,0,0,0,0,0,0
2024-02-09,0.0062402584699777002,1947.0400000000241,3,0,0,FLAT,0,A,0.0062402584699777002,4.2057634557885102,4.232008506816217,0,0,0,1947.0400000000241,0.0062402584699777002,0.026245051027706932,0,0
2024-02-12,-0.0049081638343071001,-1540.7849999999842,1,0,0,FLAT,0,A,-0.0049081638343071001,4.232008506816217,4.2112371157165818,0,0,0,-1540.7849999999842,-0.0049081638343071001,-0.020771391099635349,0,0
2024-02-13,-0.0172529414747782,-5389.299999999972,2,0,0,FLAT,0,A,-0.0172529414747782,4.2112371157165818,4.1385808882227098,0,0,0,-5389.299999999972,-0.0172529414747782,-0.072656227493871933,0,0
2024-02-14,-0.010494952965850001,-3221.4899999999966,1,0,0,FLAT,0,A,-0.010494952965850001,4.1385808882227098,4.0951466764554469,0,0,0,-3221.4899999999966,-0.010494952965850001,-0.043434211767263059,0,0
2024-02-15,-0.00061493262859420002,-186.76999999999359,3,0,0,FLAT,0,A,-0.00061493262859420002,4.0951466764554469,4.0926284371452155,0,0,0,-186.76999999999359,-0.00061493262859420002,-0.0025182393102315499,0,0
2024-02-16,-0.0070464073454073002,-2138.6400000000544,1,0,0,FLAT,0,A,-0.0070464073454073002,4.0926284371452155,4.0637901100636924,0,0,0,-2138.6400000000544,-0.0070464073454073002,-0.028838327081522844,0,0
2024-02-20,-0.0093796984290872992,-2826.660000000054,2,0,0,FLAT,0,A,-0.0093796984290872992,4.0637901100636924,4.0256729843521875,0,0,0,-2826.660000000054,-0.0093796984290872992,-0.038117125711504919,0,0
2024-02-21,0,0,0,0,1,ENTRY,0,A,0,4.0256729843521875,4.0256729843521875,0,0,0,0,0,0,0,0
2024-02-22,0.0033499365568914999,999.99999999999284,3,1,0,EXIT,0.021912791516590539,B,0.021912791516590539,4.0256729843521875,4.1138867171722682,3,999.99999999999284,0.0033499365568914999,0,0,0,0.088213732820080326,0.013485749096371897
2024-02-23,0,0,0,0,0,FLAT,0,A,0,4.1138867171722682,4.1138867171722682,0,0,0,0,0,0,0,0
2024-02-26,0,0,0,0,0,FLAT,0,A,0,4.1138867171722682,4.1138867171722682,0,0,0,0,0,0,0,0
2024-02-27,0,0,0,0,0,FLAT,0,A,0,4.1138867171722682,4.1138867171722682,0,0,0,0,0,0,0,0
2024-02-28,0,0,0,0,0,FLAT,0,A,0,4.1138867171722682,4.1138867171722682,0,0,0,0,0,0,0,0
2024-02-29,0,0,0,0,0,FLAT,0,A,0,4.1138867171722682,4.1138867171722682,0,0,0,0,0,0,0,0
2024-03-01,0.0131100819913049,3926.2000000000098,1,0,0,FLAT,0,A,0.0131100819913049,4.1138867171722682,4.1678201093373364,0,0,0,3926.2000000000098,0.0131100819913049,0.053933392165068587,0,0
2024-03-04,0,0,0,0,0,FLAT,0,A,0,4.1678201093373364,4.1678201093373364,0,0,0,0,0,0,0,0
2024-03-05,0.0047693540386889999,1447,1,0,0,FLAT,0,A,0.0047693540386889999,4.1678201093373364,4.1876979190083334,0,0,0,1447,0.0047693540386889999,0.019877809670997254,0,0
2024-03-06,-0.0033126415706892002,-1009.7999999999512,1,0,0,FLAT,0,A,-0.0033126415706892002,4.1876979190083334,4.1738255767963377,0,0,0,-1009.7999999999512,-0.0033126415706892002,-0.01387234221199566,0,0
2024-03-07,-0.00092366409336779997,-280.61999999992202,2,0,0,FLAT,0,A,-0.00092366409336779997,4.1738255767963377,4.1699703639790711,0,0,0,-280.61999999992202,-0.00092366409336779997,-0.0038552128172669241,0,0
2024-03-08,-0.019139117052226401,-5808.9000000001924,3,0,0,FLAT,0,A,-0.019139117052226401,4.1699703639790711,4.0901608130785609,0,0,0,-5808.9000000001924,-0.019139117052226401,-0.079809550900510576,0,0
2024-03-11,-0.012936585575220099,-3850.8199999999506,2,0,0,FLAT,0,A,-0.012936585575220099,4.0901608130785609,4.0372480977037579,0,0,0,-3850.8199999999506,-0.012936585575220099,-0.052912715374802625,0,0
2024-03-12,0.0045414969480950997,1334.2799999997967,2,0,0,FLAT,0,A,0.0045414969480950997,4.0372480977037579,4.0555832476181823,0,0,0,1334.2799999997967,0.0045414969480950997,0.018335149914424365,0,0
2024-03-13,-0.0025771675654018,-760.54999999996085,1,0,0,FLAT,0,A,-0.0025771675654018,4.0555832476181823,4.0451313300136338,0,0,0,-760.54999999996085,-0.0025771675654018,-0.010451917604548477,0,0
2024-03-14,-0.0239026803446073,-7035.5199999999495,4,0,0,FLAT,0,A,-0.0239026803446073,4.0451313300136338,3.9484418488803619,0,0,0,-7035.5199999999495,-0.0239026803446073,-0.096689481133272068,0,0
2024-03-15,-0.0044913397976621,-1290.149999999971,1,0,1,ENTRY,0,A,-0.0044913397976621,3.9484418488803619,3.9307080548657307,0,0,0,-1290.149999999971,-0.0044913397976621,-0.017733794014630891,0,0
2024-03-18,-0.00068865221141660004,-196.92000000000743,1,1,1,HOLD,0.0064104451970745597,B,0.0064104451970745597,3.9307080548657307,3.9559056434371471,1,-196.92000000000743,-0.00068865221141660004,0,0,0,0.025197588571416307,-0.0027068907944163279
2024-03-19,0.0016289201418196999,465.44999999994161,1,1,0,EXIT,0.0065354376792368168,B,0.0065354376792368168,3.9559056434371471,3.9817592182347719,1,465.44999999994161,0.0016289201418196999,0,0,0,0.025853574797624696,0.0064438543817329887
2024-03-20,0.0073743255850801,2110.4999999998709,1,0,0,FLAT,0,A,0.0073743255850801,3.9817592182347719,4.0111220071114291,0,0,0,2110.4999999998709,0.0073743255850801,0.029362788876657216,0,0
2024-03-21,0,0,0,0,0,FLAT,0,A,0,4.0111220071114291,4.0111220071114291,0,0,0,0,0,0,0,0
2024-03-22,0,0,0,0,0,FLAT,0,A,0,4.0111220071114291,4.0111220071114291,0,0,0,0,0,0,0,0
2024-03-25,0,0,0,0,0,FLAT,0,A,0,4.0111220071114291,4.0111220071114291,0,0,0,0,0,0,0,0
2024-03-26,0,0,0,0,1,ENTRY,0,A,0,4.0111220071114291,4.0111220071114291,0,0,0,0,0,0,0,0
2024-03-27,0,0,0,1,0,EXIT,0.0081191059340828889,B,0.0081191059340828889,4.0111220071114291,4.0436887316016978,0,0,0,0,0,0,0.032566724490268872,0
2024-03-28,0,0,0,0,0,FLAT,0,A,0,4.0436887316016978,4.0436887316016978,0,0,0,0,0,0,0,0
2024-04-01,0.0015708901757476,452.88000000001722,1,0,0,FLAT,0,A,0.0015708901757476,4.0436887316016978,4.0500409225039524,0,0,0,452.88000000001722,0.0015708901757476,0.0063521909022543812,0,0
2024-04-02,-0.0028251183250991001,-815.70999999990511,2,0,1,ENTRY,0,A,-0.0028251183250991001,4.0500409225039524,4.0385990776763849,0,0,0,-815.70999999990511,-0.0028251183250991001,-0.011441844827567181,0,0
2024-04-03,-0.0047527108387295999,-1368.2700000001082,1,1,1,HOLD,0.00094463294262800738,B,0.00094463294262800738,4.0385990776763849,4.042414071407225,1,-1368.2700000001082,-0.0047527108387295999,0,0,0,0.0038149937308402,-0.019194293609755921
2024-04-04,0.028687964858796301,8219.4000000000087,1,1,1,HOLD,-0.011710098033550971,B,-0.011710098033550971,4.042414071407225,3.9950770063388408,1,8219.4000000000087,0.028687964858796301,0,0,0,-0.047337065068384518,0.11596863282523415
2024-04-05,0.014622730218168199,4309.5499999998801,1,1,0,EXIT,0.011127784382125387,B,0.011127784382125387,3.9950770063388408,4.0395333618553666,1,4309.5499999998801,0.014622730218168199,0,0,0,0.044456355516525596,0.058418933264499914
2024-04-08,0,0,0,0,0,FLAT,0,A,0,4.0395333618553666,4.0395333618553666,0,0,0,0,0,0,0,0
2024-04-09,-0.012953414055202801,-3873.2400000000416,2,0,0,FLAT,0,A,-0.012953414055202801,4.0395333618553666,3.9872076136294488,0,0,0,-3873.2400000000416,-0.012953414055202801,-0.052325748225917929,0,0
2024-04-10,0,0,0,0,0,FLAT,0,A,0,3.9872076136294488,3.9872076136294488,0,0,0,0,0,0,0,0
2024-04-11,-0.0010461042953382,-308.72000000015242,2,0,0,FLAT,0,A,-0.0010461042953382,3.9872076136294488,3.9830365786184254,0,0,0,-308.72000000015242,-0.0010461042953382,-0.0041710350110229404,0,0
2024-04-12,0.0011768126387575999,346.90000000008013,2,0,0,FLAT,0,A,0.0011768126387575999,3.9830365786184254,3.9877238664047776,0,0,0,346.90000000008013,0.0011768126387575999,0.0046872877863519923,0,0
2024-04-15,0.0068761783194661004,2029.1700000000319,1,0,0,FLAT,0,A,0.0068761783194661004,3.9877238664047776,4.0151441667989678,0,0,0,2029.1700000000319,0.0068761783194661004,0.027420300394190064,0,0
2024-04-16,0,0,0,0,1,ENTRY,0,A,0,4.0151441667989678,4.0151441667989678,0,0,0,0,0,0,0,0
2024-04-17,-0.0023506360558577001,-698.41999999995608,1,1,1,HOLD,-0.0056170854670318767,B,-0.0056170854670318767,4.0151441667989678,3.9925907588516036,1,-698.41999999995608,-0.0023506360558577001,0,0,0,-0.022553407947364296,-0.009438142647944377
2024-04-18,0,0,0,1,1,HOLD,-0.002754545998922134,B,-0.002754545998922134,3.9925907588516036,3.9815929839514754,0,0,0,0,0,0,-0.010997774900128172,0
2024-04-19,0.010538888704778499,3123.8399999999338,2,1,1,HOLD,-0.0086467444606793294,B,-0.0086467444606793294,3.9815929839514754,3.9471651668728134,2,3123.8399999999338,0.010538888704778499,0,0,0,-0.034427817078662104,0.041961565325591525
2024-04-22,-0.0009876570859806001,-295.81500000000364,1,1,0,EXIT,0.0079751256839427406,B,0.0079751256839427406,3.9471651668728134,3.9786443051739044,1,-295.81500000000364,-0.0009876570859806001,0,0,0,0.03147913830109151,-0.0038984456465977319
2024-04-23,0.0128380275772342,3841.1999999999798,1,0,0,FLAT,0,A,0.0128380275772342,3.9786443051739044,4.0297222504837329,0,0,0,3841.1999999999798,0.0128380275772342,0.051077945309828385,0,0
2024-04-24,0,0,0,0,0,FLAT,0,A,0,4.0297222504837329,4.0297222504837329,0,0,0,0,0,0,0,0
2024-04-25,-0.0079000552330678996,-2394.0000000000086,1,0,0,FLAT,0,A,-0.0079000552330678996,4.0297222504837329,3.9978872221309887,0,0,0,-2394.0000000000086,-0.0079000552330678996,-0.031835028352744169,0,0
2024-04-26,0.0016804272331979999,505.18999999996254,3,0,0,FLAT,0,A,0.0016804272331979999,3.9978872221309887,4.0046053806943123,0,0,0,505.18999999996254,0.0016804272331979999,0.0067181585633232154,0,0
2024-04-29,0,0,0,0,0,FLAT,0,A,0,4.0046053806943123,4.0046053806943123,0,0,0,0,0,0,0,0
2024-04-30,0.017178322340043399,5172.4899999998979,2,0,0,FLAT,0,A,0.017178322340043399,4.0046053806943123,4.0733977827685512,0,0,0,5172.4899999998979,0.017178322340043399,0.068792402074239103,0,0
2024-05-01,-0.034667365265742399,-10617.180000000028,2,0,0,FLAT,0,A,-0.034667365265742399,4.0733977827685512,3.9321838139606484,0,0,0,-10617.180000000028,-0.034667365265742399,-0.14121396880790257,0,0
2024-05-02,0,0,0,0,0,FLAT,0,A,0,3.9321838139606484,3.9321838139606484,0,0,0,0,0,0,0,0
2024-05-03,0,0,0,0,0,FLAT,0,A,0,3.9321838139606484,3.9321838139606484,0,0,0,0,0,0,0,0
2024-05-06,0,0,0,0,0,FLAT,0,A,0,3.9321838139606484,3.9321838139606484,0,0,0,0,0,0,0,0
2024-05-07,0,0,0,0,0,FLAT,0,A,0,3.9321838139606484,3.9321838139606484,0,0,0,0,0,0,0,0
2024-05-08,0,0,0,0,0,FLAT,0,A,0,3.9321838139606484,3.9321838139606484,0,0,0,0,0,0,0,0
2024-05-09,-0.0033760586196139998,-998.04000000015139,2,0,0,FLAT,0,A,-0.0033760586196139998,3.9321838139606484,3.9189085309016201,0,0,0,-998.04000000015139,-0.0033760586196139998,-0.0132752830590285,0,0
2024-05-10,0,0,0,0,0,FLAT,0,A,0,3.9189085309016201,3.9189085309016201,0,0,0,0,0,0,0,0
2024-05-13,0,0,0,0,0,FLAT,0,A,0,3.9189085309016201,3.9189085309016201,0,0,0,0,0,0,0,0
2024-05-14,-0.0027322237806723,-804.9300000001391,2,0,0,FLAT,0,A,-0.0027322237806723,3.9189085309016201,3.9082011958192111,0,0,0,-804.9300000001391,-0.0027322237806723,-0.010707335082408953,0,0
2024-05-15,0.0132191517212417,3883.5199999999168,1,0,0,FLAT,0,A,0.0132191517212417,3.9082011958192111,3.9598643003838832,0,0,0,3883.5199999999168,0.0132191517212417,0.051663104564672394,0,0
2024-05-16,-0.0019969580657618999,-594.39999999996621,1,0,0,FLAT,0,A,-0.0019969580657618999,3.9598643003838832,3.9519566174299086,0,0,0,-594.39999999996621,-0.0019969580657618999,-0.0079076829539741975,0,0
2024-05-17,0,0,0,0,0,FLAT,0,A,0,3.9519566174299086,3.9519566174299086,0,0,0,0,0,0,0,0
2024-05-20,-0.0035206441002561002,-1045.8000000000679,1,0,0,FLAT,0,A,-0.0035206441002561002,3.9519566174299086,3.9380431846802857,0,0,0,-1045.8000000000679,-0.0035206441002561002,-0.013913432749622661,0,0
2024-05-21,0,0,0,0,0,FLAT,0,A,0,3.9380431846802857,3.9380431846802857,0,0,0,0,0,0,0,0
2024-05-22,-0.0133311864259959,-3945.9199999999801,1,0,0,FLAT,0,A,-0.0133311864259959,3.9380431846802857,3.8855443968316901,0,0,0,-3945.9199999999801,-0.0133311864259959,-0.052498787848595491,0,0
2024-05-23,0.0055019338660782001,1606.7299999997899,1,0,0,FLAT,0,A,0.0055019338660782001,3.8855443968316901,3.9069224051367688,0,0,0,1606.7299999997899,0.0055019338660782001,0.021378008305078668,0,0
2024-05-24,-0.0031154408247442999,-914.75999999991075,1,0,0,FLAT,0,A,-0.0031154408247442999,3.9069224051367688,3.8947506195766972,0,0,0,-914.75999999991075,-0.0031154408247442999,-0.012171785560071278,0,0
2024-05-28,0,0,0,0,0,FLAT,0,A,0,3.8947506195766972,3.8947506195766972,0,0,0,0,0,0,0,0
2024-05-29,0,0,0,0,0,FLAT,0,A,0,3.8947506195766972,3.8947506195766972,0,0,0,0,0,0,0,0
2024-05-30,0,0,0,0,1,ENTRY,0,A,0,3.8947506195766972,3.8947506195766972,0,0,0,0,0,0,0,0
2024-05-31,-0.0035002741095575001,-1024.5,1,1,1,HOLD,0.0078108547908490476,B,0.0078108547908490476,3.8947506195766972,3.9251719511127803,1,-1024.5,-0.0035002741095575001,0,0,0,0.030421331536082941,-0.013632694756887345
2024-06-03,-0.014667659994846399,-4277.860000000127,2,1,0,EXIT,0.0010637691620918261,B,0.0010637691620918261,3.9251719511127803,3.9293474279902818,2,-4277.860000000127,-0.014667659994846399,0,0,0,0.0041754768775015801,-0.057573087600230111
2024-06-04,-0.0046054163483992003,-1323.3600000000499,1,0,0,FLAT,0,A,-0.0046054163483992003,3.9293474279902818,3.9112511471068752,0,0,0,-1323.3600000000499,-0.0046054163483992003,-0.018096280883406795,0,0
2024-06-05,0.013194952986423999,3773.9199999999,1,0,0,FLAT,0,A,0.013194952986423999,3.9112511471068752,3.962859922111047,0,0,0,3773.9199999999,0.013194952986423999,0.051608775004172158,0,0
2024-06-06,0,0,0,0,0,FLAT,0,A,0,3.962859922111047,3.962859922111047,0,0,0,0,0,0,0,0
2024-06-07,-0.0060593536089708997,-1755.8400000001202,1,0,0,FLAT,0,A,-0.0060593536089708997,3.962859922111047,3.9388475525401572,0,0,0,-1755.8400000001202,-0.0060593536089708997,-0.024012369570889713,0,0
2024-06-10,0,0,0,0,0,FLAT,0,A,0,3.9388475525401572,3.9388475525401572,0,0,0,0,0,0,0,0
2024-06-11,-0.0041510473031721,-1195.5199999999743,1,0,0,FLAT,0,A,-0.0041510473031721,3.9388475525401572,3.9224972100295794,0,0,0,-1195.5199999999743,-0.0041510473031721,-0.016350342510577844,0,0
2024-06-12,0.00050963083908929995,146.15999999986707,1,0,0,FLAT,0,A,0.00050963083908929995,3.9224972100295794,3.9244962355740522,0,0,0,146.15999999986707,0.00050963083908929995,0.0019990255444728125,0,0
2024-06-13,0,0,0,0,0,FLAT,0,A,0,3.9244962355740522,3.9244962355740522,0,0,0,0,0,0,0,0
2024-06-14,0,0,0,0,0,FLAT,0,A,0,3.9244962355740522,3.9244962355740522,0,0,0,0,0,0,0,0
2024-06-17,0.012471369156771699,3578.3999999999096,1,0,0,FLAT,0,A,0.012471369156771699,3.9244962355740522,3.9734400768822571,0,0,0,3578.3999999999096,0.012471369156771699,0.048943841308204873,0,0
2024-06-18,0,0,0,0,0,FLAT,0,A,0,3.9734400768822571,3.9734400768822571,0,0,0,0,0,0,0,0
2024-06-20,-0.011318008474717501,-3287.809999999904,2,0,0,FLAT,0,A,-0.011318008474717501,3.9734400768822571,3.9284686484183213,0,0,0,-3287.809999999904,-0.011318008474717501,-0.044971428463935544,0,0
2024-06-21,0,0,0,0,0,FLAT,0,A,0,3.9284686484183213,3.9284686484183213,0,0,0,0,0,0,0,0
2024-06-24,-0.0051285594001659,-1472.8000000000957,1,0,1,ENTRY,0,A,-0.0051285594001659,3.9284686484183213,3.9083212636032187,0,0,0,-1472.8000000000957,-0.0051285594001659,-0.020147384815102809,0,0
2024-06-25,0,0,0,1,0,EXIT,0.003685345224713925,B,0.003685345224713925,3.9083212636032187,3.9227247767086864,0,0,0,0,0,0,0.014403513105468016,0
2024-06-26,0,0,0,0,0,FLAT,0,A,0,3.9227247767086864,3.9227247767086864,0,0,0,0,0,0,0,0
2024-06-27,-0.0040987280022438998,-1170.9599999998859,1,0,0,FLAT,0,A,-0.0040987280022438998,3.9227247767086864,3.9066465948212947,0,0,0,-1170.9599999998859,-0.0040987280022438998,-0.016078181887391841,0,0
2024-06-28,0.0053566739442450001,1523.9899999998013,2,0,0,FLAT,0,A,0.0053566739442450001,3.9066465948212947,3.9275732268451473,0,0,0,1523.9899999998013,0.0053566739442450001,0.020926632023852684,0,0
2024-07-01,-0.0074373273630237002,-2127.0599999999808,1,0,0,FLAT,0,A,-0.0074373273630237002,3.9275732268451473,3.8983625790148526,0,0,0,-2127.0599999999808,-0.0074373273630237002,-0.029210647830294704,0,0
2024-07-02,0.0064223387105895998,1823.019999999972,2,0,0,FLAT,0,A,0.0064223387105895998,3.8983625790148526,3.9233991839139732,0,0,0,1823.019999999972,0.0064223387105895998,0.025036604899120997,0,0
2024-07-03,0.0072676317323103999,2076,1,0,0,FLAT,0,A,0.0072676317323103999,3.9233991839139732,3.9519130043215069,0,0,0,2076,0.0072676317323103999,0.028513820407533919,0,0
2024-07-05,0.0075355319782813004,2168.0600000001405,2,0,0,FLAT,0,A,0.0075355319782813004,3.9519130043215069,3.9816927711409571,0,0,0,2168.0600000001405,0.0075355319782813004,0.029779766819450444,0,0
2024-07-08,0,0,0,0,0,FLAT,0,A,0,3.9816927711409571,3.9816927711409571,0,0,0,0,0,0,0,0
2024-07-09,0,0,0,0,0,FLAT,0,A,0,3.9816927711409571,3.9816927711409571,0,0,0,0,0,0,0,0
2024-07-10,0.018112227846598699,5249.8399999999438,2,0,0,FLAT,0,A,0.018112227846598699,3.9816927711409571,4.0538100978270171,0,0,0,5249.8399999999438,0.018112227846598699,0.072117326686059982,0,0
2024-07-11,0.027549810043748901,8129.160000000029,1,0,0,FLAT,0,A,0.027549810043748901,4.0538100978270171,4.1654917959755826,0,0,0,8129.160000000029,0.027549810043748901,0.11168169814856548,0,0
2024-07-12,0.0042189313620881004,1279.120000000069,1,0,0,FLAT,0,A,0.0042189313620881004,4.1654917959755826,4.183065719952145,0,0,0,1279.120000000069,0.0042189313620881004,0.017573923976562073,0,0
2024-07-15,-0.0080133756074176003,-2439.6699999999901,1,0,0,FLAT,0,A,-0.0080133756074176003,4.183065719952145,4.1495452431476556,0,0,0,-2439.6699999999901,-0.0080133756074176003,-0.03352047680448926,0,0
2024-07-16,0,0,0,0,0,FLAT,0,A,0,4.1495452431476556,4.1495452431476556,0,0,0,0,0,0,0,0
2024-07-17,0,0,0,0,0,FLAT,0,A,0,4.1495452431476556,4.1495452431476556,0,0,0,0,0,0,0,0
2024-07-18,0.0075972133334604999,2294.3200000000229,1,0,0,FLAT,0,A,0.0075972133334604999,4.1495452431476556,4.181070223596695,0,0,0,2294.3200000000229,0.0075972133334604999,0.03152498044903896,0,0
2024-07-19,-0.0038823119766287998,-1181.3000000000293,3,0,1,ENTRY,0,A,-0.0038823119766287998,4.181070223596695,4.1648380045924993,0,0,0,-1181.3000000000293,-0.0038823119766287998,-0.016232219004195504,0,0
2024-07-22,0,0,0,1,0,EXIT,0.011344568468665646,B,0.011344568468665646,4.1648380045924993,4.2120862944965003,0,0,0,0,0,0,0.047248289904000415,0
2024-07-23,-0.0022378536993667001,-678.21000000003937,1,0,0,FLAT,0,A,-0.0022378536993667001,4.2120862944965003,4.2026602616003093,0,0,0,-678.21000000003937,-0.0022378536993667001,-0.0094260328961907683,0,0
2024-07-24,0.026609395856387299,8045.9999999999663,1,0,0,FLAT,0,A,0.026609395856387299,4.2026602616003093,4.3144905121511403,0,0,0,8045.9999999999663,0.026609395856387299,0.11183025055083083,0,0
2024-07-25,-0.0066451474692662002,-2062.719999999897,3,0,1,ENTRY,0,A,-0.0066451474692662002,4.3144905121511403,4.2858200864431462,0,0,0,-2062.719999999897,-0.0066451474692662002,-0.028670425707994183,0,0
2024-07-26,-0.0035589392365762999,-1097.3000000000986,2,1,1,HOLD,0.0089255891631100388,B,0.0089255891631100388,4.2858200864431462,4.3240735557617427,2,-1097.3000000000986,-0.0035589392365762999,0,0,0,0.038253469318596273,-0.015252973266549343
2024-07-29,-0.0067810725928372003,-2083.2000000000162,1,1,0,EXIT,0.0019127843887366428,B,0.0019127843887366428,4.3240735557617427,4.3323445761549522,1,-2083.2000000000162,-0.0067810725928372003,0,0,0,0.0082710203932100067,-0.029321856678388054
2024-07-30,0.0016194443602237001,494.12000000006128,1,0,0,FLAT,0,A,0.0016194443602237001,4.3323445761549522,4.3393605671453521,0,0,0,494.12000000006128,0.0016194443602237001,0.0070159909903998738,0,0
2024-07-31,-0.014298702367229099,-4369.7300000001114,2,0,0,FLAT,0,A,-0.014298702367229099,4.3393605671453521,4.2773133419316505,0,0,0,-4369.7300000001114,-0.014298702367229099,-0.062047225213701852,0,0
2024-08-01,0.0024443154581801001,736.27000000003773,2,0,0,FLAT,0,A,0.0024443154581801001,4.2773133419316505,4.287768445052814,0,0,0,736.27000000003773,0.0024443154581801001,0.010455103121163517,0,0
2024-08-02,0.0050862920958773001,1535.7500000000196,3,0,0,FLAT,0,A,0.0050862920958773001,4.287768445052814,4.3095772878038385,0,0,0,1535.7500000000196,0.0050862920958773001,0.021808842751024231,0,0
2024-08-05,0,0,0,0,1,ENTRY,0,A,0,4.3095772878038385,4.3095772878038385,0,0,0,0,0,0,0,0
2024-08-06,0.0019738832032766998,598.98000000006505,1,1,1,HOLD,0.011635786335211323,B,0.011635786335211323,4.3095772878038385,4.3597226083198031,1,598.98000000006505,0.0019738832032766998,0,0,0,0.050145320515964979,0.0085066022216187531
2024-08-07,-0.0075468023884480004,-2294.5700000000465,1,1,1,HOLD,-0.0077508994871009719,B,-0.0077508994871009719,4.3597226083198031,4.3259308365910751,1,-2294.5700000000465,-0.0075468023884480004,0,0,0,-0.033791771728728472,-0.032901964993438636
2024-08-08,0.0020018904320027002,604.06000000012796,2,1,0,EXIT,0.021775609003413892,B,0.021775609003413892,4.3259308365910751,4.420130615064493,2,604.06000000012796,0.0020018904320027002,0,0,0,0.0941997784734184,0.0086600395512771104
2024-08-09,0,0,0,0,0,FLAT,0,A,0,4.420130615064493,4.420130615064493,0,0,0,0,0,0,0,0
2024-08-12,0,0,0,0,0,FLAT,0,A,0,4.420130615064493,4.420130615064493,0,0,0,0,0,0,0,0
2024-08-13,0.0014311186436054999,432.68000000003047,1,0,0,FLAT,0,A,0.0014311186436054999,4.420130615064493,4.4264563463948834,0,0,0,432.68000000003047,0.0014311186436054999,0.0063257313303902414,0,0
2024-08-14,0,0,0,0,0,FLAT,0,A,0,4.4264563463948834,4.4264563463948834,0,0,0,0,0,0,0,0
2024-08-15,0,0,0,0,0,FLAT,0,A,0,4.4264563463948834,4.4264563463948834,0,0,0,0,0,0,0,0
2024-08-16,0,0,0,0,0,FLAT,0,A,0,4.4264563463948834,4.4264563463948834,0,0,0,0,0,0,0,0
2024-08-19,0,0,0,0,0,FLAT,0,A,0,4.4264563463948834,4.4264563463948834,0,0,0,0,0,0,0,0
2024-08-20,0,0,0,0,0,FLAT,0,A,0,4.4264563463948834,4.4264563463948834,0,0,0,0,0,0,0,0
2024-08-21,0,0,0,0,0,FLAT,0,A,0,4.4264563463948834,4.4264563463948834,0,0,0,0,0,0,0,0
2024-08-22,-0.0091160989164724999,-2760.0300000000743,3,0,0,FLAT,0,A,-0.0091160989164724999,4.4264563463948834,4.3861043324917004,0,0,0,-2760.0300000000743,-0.0091160989164724999,-0.040352013903183215,0,0
2024-08-23,-0.0080871257224671995,-2426.0400000000527,1,0,0,FLAT,0,A,-0.0080871257224671995,4.3861043324917004,4.3506333553229819,0,0,0,-2426.0400000000527,-0.0080871257224671995,-0.035470977168718457,0,0
2024-08-26,-0.0061675768609143001,-1835.1999999999464,1,0,0,FLAT,0,A,-0.0061675768609143001,4.3506333553229819,4.3238004897103703,0,0,0,-1835.1999999999464,-0.0061675768609143001,-0.026832865612611966,0,0
2024-08-27,0,0,0,0,0,FLAT,0,A,0,4.3238004897103703,4.3238004897103703,0,0,0,0,0,0,0,0
2024-08-28,0.0039450467366469004,1166.6000000000558,1,0,0,FLAT,0,A,0.0039450467366469004,4.3238004897103703,4.340858084722214,0,0,0,1166.6000000000558,0.0039450467366469004,0.017057595011844166,0,0
2024-08-29,0.0036019734214364999,1069.3199999999872,1,0,0,FLAT,0,A,0.0036019734214364999,4.340858084722214,4.3564937401696113,0,0,0,1069.3199999999872,0.0036019734214364999,0.015635655447397166,0,0
2024-08-30,-0.0031953807361266,-952.00000000008924,1,0,0,FLAT,0,A,-0.0031953807361266,4.3564937401696113,4.3425730839952177,0,0,0,-952.00000000008924,-0.0031953807361266,-0.013920656174394098,0,0
2024-09-03,0.029271746973316901,8692.7800000001062,1,0,0,FLAT,0,A,0.029271746973316901,4.3425730839952177,4.469687784523062,0,0,0,8692.7800000001062,0.029271746973316901,0.12711470052784446,0,0
2024-09-04,-0.0096649982669471998,-2954.1200000000326,1,0,0,FLAT,0,A,-0.0096649982669471998,4.469687784523062,4.4264882598318511,0,0,0,-2954.1200000000326,-0.0096649982669471998,-0.04319952469121046,0,0
2024-09-05,-0.024134583179041099,-7305.2699999999295,3,0,1,ENTRY,0,A,-0.024134583179041099,4.4264882598318511,4.3196568107338909,0,0,0,-7305.2699999999295,-0.024134583179041099,-0.1068314490979607,0,0
2024-09-06,0.032808364537609797,9690.2400000000489,1,1,1,HOLD,-0.015796090148851277,B,-0.015796090148851277,4.3196568107338909,4.251423122339439,1,9690.2400000000489,0.032808364537609797,0,0,0,-0.068233688394451944,0.14172087532392641
2024-09-09,-0.0022141383407078999,-675.40000000008376,1,1,1,HOLD,0.010866345797852648,B,0.010866345797852648,4.251423122339439,4.2976205561197656,1,-675.40000000008376,-0.0022141383407078999,0,0,0,0.046197433780326744,-0.0094132389377438435
2024-09-10,0,0,0,1,0,EXIT,0.0049993590565312138,B,0.0049993590565312138,4.2976205561197656,4.3191059043685369,0,0,0,0,0,0,0.021485348248772063,0
2024-09-11,0.0086150525059562003,2622.0400000000104,2,0,0,FLAT,0,A,0.0086150525059562003,4.3191059043685369,4.3563152285134574,0,0,0,2622.0400000000104,0.0086150525059562003,0.037209324144920383,0,0
2024-09-12,0.0040019077726973998,1228.4300000000358,1,0,0,FLAT,0,A,0.0040019077726973998,4.3563152285134574,4.3737488002867657,0,0,0,1228.4300000000358,0.0040019077726973998,0.017433571773308055,0,0
2024-09-13,-0.0094298609704965008,-2906.1099999998887,2,0,0,FLAT,0,A,-0.0094298609704965008,4.3737488002867657,4.3325049571801859,0,0,0,-2906.1099999998887,-0.0094298609704965008,-0.041243843106580066,0,0
2024-09-16,0,0,0,0,0,FLAT,0,A,0,4.3325049571801859,4.3325049571801859,0,0,0,0,0,0,0,0
2024-09-17,0,0,0,0,0,FLAT,0,A,0,4.3325049571801859,4.3325049571801859,0,0,0,0,0,0,0,0
2024-09-18,-0.0049538436158827999,-1512.2099999999173,1,0,0,FLAT,0,A,-0.0049538436158827999,4.3325049571801859,4.311042405157278,0,0,0,-1512.2099999999173,-0.0049538436158827999,-0.021462552022907647,0,0
2024-09-19,0,0,0,0,0,FLAT,0,A,0,4.311042405157278,4.311042405157278,0,0,0,0,0,0,0,0
2024-09-20,0,0,0,0,0,FLAT,0,A,0,4.311042405157278,4.311042405157278,0,0,0,0,0,0,0,0
2024-09-23,0,0,0,0,0,FLAT,0,A,0,4.311042405157278,4.311042405157278,0,0,0,0,0,0,0,0
2024-09-24,0,0,0,0,0,FLAT,0,A,0,4.311042405157278,4.311042405157278,0,0,0,0,0,0,0,0
2024-09-25,0,0,0,0,0,FLAT,0,A,0,4.311042405157278,4.311042405157278,0,0,0,0,0,0,0,0
2024-09-26,0,0,0,0,0,FLAT,0,A,0,4.311042405157278,4.311042405157278,0,0,0,0,0,0,0,0
2024-09-27,0,0,0,0,0,FLAT,0,A,0,4.311042405157278,4.311042405157278,0,0,0,0,0,0,0,0
2024-09-30,0,0,0,0,0,FLAT,0,A,0,4.311042405157278,4.311042405157278,0,0,0,0,0,0,0,0
2024-10-01,0.0086575096833709994,2629.6299999998919,3,0,0,FLAT,0,A,0.0086575096833709994,4.311042405157278,4.3483652965253503,0,0,0,2629.6299999998919,0.0086575096833709994,0.037322891368072139,0,0
2024-10-02,0,0,0,0,0,FLAT,0,A,0,4.3483652965253503,4.3483652965253503,0,0,0,0,0,0,0,0
2024-10-03,-0.0066898209619403,-2049.2999999999602,1,0,1,ENTRY,0,A,-0.0066898209619403,4.3483652965253503,4.3192755112144816,0,0,0,-2049.2999999999602,-0.0066898209619403,-0.029089785310869035,0,0
2024-10-04,0,0,0,1,0,EXIT,0.0097415752109500237,B,0.0097415752109500237,4.3192755112144816,4.3613520584637921,0,0,0,0,0,0,0.042076547249310488,0
2024-10-07,0.0075925505647644002,2310.1800000001745,1,0,0,FLAT,0,A,0.0075925505647644002,4.3613520584637921,4.3944658444984182,0,0,0,2310.1800000001745,0.0075925505647644002,0.033113786034625642,0,0
2024-10-08,0.00077405390112199996,237.30000000030032,3,0,0,FLAT,0,A,0.00077405390112199996,4.3944658444984182,4.3978673979286995,0,0,0,237.30000000030032,0.00077405390112199996,0.0034015534302813846,0,0
2024-10-09,0.0088769259880723001,2723.200000000033,1,0,0,FLAT,0,A,0.0088769259880723001,4.3978673979286995,4.4369069413254687,0,0,0,2723.200000000033,0.0088769259880723001,0.039039543396769176,0,0
2024-10-10,0,0,0,0,0,FLAT,0,A,0,4.4369069413254687,4.4369069413254687,0,0,0,0,0,0,0,0
2024-10-11,0.0145870686088658,4514.4899999998988,1,0,0,FLAT,0,A,0.0145870686088658,4.4369069413254687,4.5016284072897363,0,0,0,4514.4899999998988,0.0145870686088658,0.064721465964267519,0,0
2024-10-14,0.00050431980728300003,158.35000000005766,2,0,0,FLAT,0,A,0.00050431980728300003,4.5016284072897363,4.5038986676605601,0,0,0,158.35000000005766,0.00050431980728300003,0.0022702603708240382,0,0
2024-10-15,0.0067440418801168996,2118.4400000000478,2,0,0,FLAT,0,A,0.0067440418801168996,4.5038986676605601,4.5342731488990653,0,0,0,2118.4400000000478,0.0067440418801168996,0.030374481238505523,0,0
2024-10-16,-0.0018670881664585,-590.40000000002237,1,0,0,FLAT,0,A,-0.0018670881664585,4.5342731488990653,4.5258072611592652,0,0,0,-590.40000000002237,-0.0018670881664585,-0.0084658877397999644,0,0
2024-10-17,0,0,0,0,0,FLAT,0,A,0,4.5258072611592652,4.5258072611592652,0,0,0,0,0,0,0,0
2024-10-18,0,0,0,0,0,FLAT,0,A,0,4.5258072611592652,4.5258072611592652,0,0,0,0,0,0,0,0
2024-10-21,-0.0095436671518690005,-3012.0999999998949,1,0,0,FLAT,0,A,-0.0095436671518690005,4.5258072611592652,4.4826144630652491,0,0,0,-3012.0999999998949,-0.0095436671518690005,-0.04319279809401589,0,0
2024-10-22,0,0,0,0,0,FLAT,0,A,0,4.4826144630652491,4.4826144630652491,0,0,0,0,0,0,0,0
2024-10-23,-0.0043797162026430001,-1369.049999999793,2,0,1,ENTRY,0,A,-0.0043797162026430001,4.4826144630652491,4.4629818838711603,0,0,0,-1369.049999999793,-0.0043797162026430001,-0.019632579194088725,0,0
2024-10-24,0,0,0,1,1,HOLD,0.0023360847220059182,B,0.0023360847220059182,4.4629818838711603,4.4734077876646614,0,0,0,0,0,0,0.010425903793500609,0
2024-10-25,-0.0050937965716011,-1585.1600000001254,1,1,1,HOLD,-0.0010531040673986602,B,-0.0010531040673986602,4.4734077876646614,4.4686968237283384,1,-1585.1600000001254,-0.0050937965716011,0,0,0,-0.0047109639363224973,-0.022786629252179915
2024-10-28,0,0,0,1,0,EXIT,0.0034737224132865563,B,0.0034737224132865563,4.4686968237283384,4.4842198360431063,0,0,0,0,0,0,0.015523012314767572,0
2024-10-29,0,0,0,0,0,FLAT,0,A,0,4.4842198360431063,4.4842198360431063,0,0,0,0,0,0,0,0
2024-10-30,0,0,0,0,0,FLAT,0,A,0,4.4842198360431063,4.4842198360431063,0,0,0,0,0,0,0,0
2024-10-31,0.034658702704631603,10730.23000000006,1,0,1,ENTRY,0,A,0.034658702704631603,4.4842198360431063,4.6396370782027363,0,0,0,10730.23000000006,0.034658702704631603,0.15541724215962988,0,0
2024-11-01,-0.0085807871401526997,-2748.5300000000434,2,1,1,HOLD,0.0011573668151369551,B,0.0011573668151369551,4.6396370782027363,4.6450068401913276,2,-2748.5300000000434,-0.0085807871401526997,0,0,0,0.0053697619885908288,-0.039811738175617686
2024-11-04,-0.0064430694956404003,-2045.939999999855,1,1,1,HOLD,-0.0027674630421074754,B,-0.0027674630421074754,4.6450068401913276,4.6321519554307615,1,-2045.939999999855,-0.0064430694956404003,0,0,0,-0.012854884760565923,-0.029928101879077747
2024-11-05,0.0144094373893724,4545.9399999999459,1,1,0,EXIT,0.011961218252713669,B,0.011961218252713669,4.6321519554307615,4.687558135949403,1,4545.9399999999459,0.0144094373893724,0,0,0,0.05540618051864174,0.066746703579838487
2024-11-06,0,0,0,0,0,FLAT,0,A,0,4.687558135949403,4.687558135949403,0,0,0,0,0,0,0,0
2024-11-07,-0.0030657073920293001,-981.08000000021082,3,0,0,FLAT,0,A,-0.0030657073920293001,4.687558135949403,4.6731874543214555,0,0,0,-981.08000000021082,-0.0030657073920293001,-0.014370681627947171,0,0
2024-11-08,3.335279006790801e-05,10.639999999990437,2,0,0,FLAT,0,A,3.335279006790801e-05,4.6731874543214555,4.6733433181615682,0,0,0,10.639999999990437,3.335279006790801e-05,0.00015586384011196495,0,0
2024-11-11,0,0,0,0,0,FLAT,0,A,0,4.6733433181615682,4.6733433181615682,0,0,0,0,0,0,0,0
2024-11-12,-0.0036619584639117002,-1168.2000000000239,1,0,0,FLAT,0,A,-0.0036619584639117002,4.6733433181615682,4.6562297290428614,0,0,0,-1168.2000000000239,-0.0036619584639117002,-0.017113589118706946,0,0
2024-11-13,0,0,0,0,0,FLAT,0,A,0,4.6562297290428614,4.6562297290428614,0,0,0,0,0,0,0,0
2024-11-14,0.0045850350707612002,1457.2800000000552,1,0,1,ENTRY,0,A,0.0045850350707612002,4.6562297290428614,4.6775787056480445,0,0,0,1457.2800000000552,0.0045850350707612002,0.021348976605182441,0,0
2024-11-15,0.0092686267601687009,2959.319999999916,1,1,1,HOLD,-0.012709435997707581,B,-0.012709435997707581,4.6775787056480445,4.618129318464371,1,2959.319999999916,0.0092686267601687009,0,0,0,-0.059449387183673694,0.043354731163964738
2024-11-18,-0.0011462434180845001,-369.360000000014,2,1,1,HOLD,0.0033804548248309771,B,0.0033804548248309771,4.618129318464371,4.6337406960006673,2,-369.360000000014,-0.0011462434180845001,0,0,0,0.015611377536296276,-0.0052935003351528434
2024-11-19,-0.0038234092906003999,-1230.570000000037,1,1,1,HOLD,0.0044240258635358173,B,0.0044240258635358173,4.6337406960006673,4.6542404846846921,1,-1230.570000000037,-0.0038234092906003999,0,0,0,0.020499788684025411,-0.017716687227322114
2024-11-20,-0.0072288527486902001,-2317.669999999981,2,1,0,EXIT,-6.7762154836523803e-05,B,-6.7762154836523803e-05,4.6542404846846921,4.6539251033203222,2,-2317.669999999981,-0.0072288527486902001,0,0,0,-0.00031538136436962171,-0.033644819120778144
2024-11-21,-0.0167310203742915,-5325.1800000000403,1,0,0,FLAT,0,A,-0.0167310203742915,4.6539251033203222,4.5760601875962434,0,0,0,-5325.1800000000403,-0.0167310203742915,-0.077864915724078984,0,0
2024-11-22,-0.0101462838847826,-3175.2599999999406,2,0,0,FLAT,0,A,-0.0101462838847826,4.5760601875962434,4.5296301818590408,0,0,0,-3175.2599999999406,-0.0101462838847826,-0.04643000573720301,0,0
2024-11-25,0,0,0,0,0,FLAT,0,A,0,4.5296301818590408,4.5296301818590408,0,0,0,0,0,0,0,0
2024-11-26,0,0,0,0,0,FLAT,0,A,0,4.5296301818590408,4.5296301818590408,0,0,0,0,0,0,0,0
2024-11-27,0.0032440994631957,1004.8799999999484,1,0,0,FLAT,0,A,0.0032440994631957,4.5296301818590408,4.5443247527004846,0,0,0,1004.8799999999484,0.0032440994631957,0.014694570841443955,0,0
2024-11-29,0.0102961297570694,3199.5000000000086,1,0,0,FLAT,0,A,0.0102961297570694,4.5443247527004846,4.591113710012551,0,0,0,3199.5000000000086,0.0102961297570694,0.046788957312066504,0,0
2024-12-02,0,0,0,0,0,FLAT,0,A,0,4.591113710012551,4.591113710012551,0,0,0,0,0,0,0,0
2024-12-03,0,0,0,0,0,FLAT,0,A,0,4.591113710012551,4.591113710012551,0,0,0,0,0,0,0,0
2024-12-04,0,0,0,0,0,FLAT,0,A,0,4.591113710012551,4.591113710012551,0,0,0,0,0,0,0,0
2024-12-05,0,0,0,0,0,FLAT,0,A,0,4.591113710012551,4.591113710012551,0,0,0,0,0,0,0,0
2024-12-06,0.00025878091439249999,81.239999999926113,1,0,0,FLAT,0,A,0.00025878091439249999,4.591113710012551,4.5923018026165083,0,0,0,81.239999999926113,0.00025878091439249999,0.0011880926039569909,0,0
2024-12-09,0.0062057857036104998,1948.6200000001129,1,0,0,FLAT,0,A,0.0062057857036104998,4.5923018026165083,4.6208006434898499,0,0,0,1948.6200000001129,0.0062057857036104998,0.028498840873342254,0,0
2024-12-10,-0.0013268567236784999,-419.20000000009526,1,0,0,FLAT,0,A,-0.0013268567236784999,4.6208006434898499,4.6146695030872573,0,0,0,-419.20000000009526,-0.0013268567236784999,-0.0061311404025924466,0,0
2024-12-11,0.00019749555791070001,62.309999999943329,1,0,0,FLAT,0,A,0.00019749555791070001,4.6146695030872573,4.6155808798153428,0,0,0,62.309999999943329,0.00019749555791070001,0.00091137672808571063,0,0
2024-12-12,0.0050878068083458003,1605.4499999999621,1,0,0,FLAT,0,A,0.0050878068083458003,4.6155808798153428,4.6390640636401379,0,0,0,1605.4499999999621,0.0050878068083458003,0.023483183824795199,0,0
2024-12-13,-0.0074967665716633002,-2377.5199999999904,1,0,0,FLAT,0,A,-0.0074967665716633002,4.6390640636401379,4.6042860832440358,0,0,0,-2377.5199999999904,-0.0074967665716633002,-0.034777980396101894,0,0
2024-12-16,-0.0020396372459554001,-641.97000000012247,2,0,0,FLAT,0,A,-0.0020396372459554001,4.6042860832440358,4.5948950098576171,0,0,0,-641.97000000012247,-0.0020396372459554001,-0.0093910733864186417,0,0
2024-12-17,-0.0045076965776517002,-1415.7600000001323,1,0,0,FLAT,0,A,-0.0045076965776517002,4.5948950098576171,4.574182617347013,0,0,0,-1415.7600000001323,-0.0045076965776517002,-0.020712392510604055,0,0
2024-12-18,0.075824458730408106,23706.200000000041,2,0,0,FLAT,0,A,0.075824458730408106,4.574182617347013,4.9210175384413919,0,0,0,23706.200000000041,0.075824458730408106,0.34683492109437875,0,0
2024-12-19,0,0,0,0,1,ENTRY,0,A,0,4.9210175384413919,4.9210175384413919,0,0,0,0,0,0,0,0
2024-12-20,0.012140706037538199,4083.1999999999239,1,1,1,HOLD,0.0090475060111526069,B,0.0090475060111526069,4.9210175384413919,4.9655404742014273,1,4083.1999999999239,0.012140706037538199,0,0,0,0.044522935760035895,0.059744627339786777
2024-12-23,-0.0043975665627164996,-1496.9199999997636,2,1,0,EXIT,0.0089020771513353119,B,0.0089020771513353119,4.9655404742014273,5.0097440986008461,2,-1496.9199999997636,-0.0043975665627164996,0,0,0,0.044203624399419238,-0.021836294755163629
2024-12-24,0.0142336689065627,4823.5499999999456,1,0,0,FLAT,0,A,0.0142336689065627,5.0097440986008461,5.0810511374069369,0,0,0,4823.5499999999456,0.0142336689065627,0.071307038806090836,0,0
2024-12-26,0,0,0,0,0,FLAT,0,A,0,5.0810511374069369,5.0810511374069369,0,0,0,0,0,0,0,0
2024-12-27,-0.0016688181464626999,-573.57000000002131,2,0,0,FLAT,0,A,-0.0016688181464626999,5.0810511374069369,5.0725717870657272,0,0,0,-573.57000000002131,-0.0016688181464626999,-0.008479350341209637,0,0
2024-12-30,-0.0073593952986626002,-2525.0700000000629,1,0,1,ENTRY,0,A,-0.0073593952986626002,5.0725717870657272,5.0352407261038676,0,0,0,-2525.0700000000629,-0.0073593952986626002,-0.037331060961860056,0,0
2024-12-31,-0.0030990217808332999,-1055.4499999999243,1,1,1,HOLD,-0.0055342409941262346,B,-0.0055342409941262346,5.0352407261038676,5.00737449046217,1,-1055.4499999999243,-0.0030990217808332999,0,0,0,-0.027866235641697972,-0.015604320681934765
2025-01-02,-0.0060920382530822003,-2068.3199999998888,1,1,1,HOLD,-0.0023898941618299761,B,-0.0023898941618299761,5.00737449046217,4.9954073954013181,1,-2068.3199999998888,-0.0060920382530822003,0,0,0,-0.011967095060851892,-0.030505116943403531
2025-01-03,0.0020758906786205,700.48000000000513,2,1,0,EXIT,0.012577002053388091,B,0.012577002053388091,4.9954073954013181,5.0582346444707911,2,700.48000000000513,0.0020758906786205,0,0,0,0.062827249069472429,0.010369919648025507
2025-01-06,0.0039138113173668001,1323.339999999981,1,0,0,FLAT,0,A,0.0039138113173668001,5.0582346444707911,5.0780316204682183,0,0,0,1323.339999999981,0.0039138113173668001,0.019796975997426615,0,0
2025-01-07,0.0097442353790811002,3307.5499999999388,2,0,0,FLAT,0,A,0.0097442353790811002,5.0780316204682183,5.127513155840477,0,0,0,3307.5499999999388,0.0097442353790811002,0.049481535372258946,0,0
2025-01-08,0,0,0,0,0,FLAT,0,A,0,5.127513155840477,5.127513155840477,0,0,0,0,0,0,0,0
2025-01-10,-0.00093280530425810004,-319.69999999995247,2,0,1,ENTRY,0,A,-0.00093280530425810004,5.127513155840477,5.122730184371056,0,0,0,-319.69999999995247,-0.00093280530425810004,-0.0047829714694211864,0,0
2025-01-13,0,0,0,1,1,HOLD,0.00096390519303922754,B,0.00096390519303922754,5.122730184371056,5.1276680105983097,0,0,0,0,0,0,0.0049378262272540604,0
2025-01-14,0,0,0,1,1,HOLD,0.00053307653947345793,B,0.00053307653947345793,5.1276680105983097,5.1304014501169686,0,0,0,0,0,0,0.0027334395186584975,0
2025-01-15,0.00078739404333210002,269.6000000000613,1,1,0,EXIT,0.01906022274164719,B,0.01906022274164719,5.1304014501169686,5.2281880445102678,1,269.6000000000613,0.00078739404333210002,0,0,0,0.097786594393299162,0.0040396475417244695
2025-01-16,0,0,0,0,0,FLAT,0,A,0,5.2281880445102678,5.2281880445102678,0,0,0,0,0,0,0,0
2025-01-17,0,0,0,0,0,FLAT,0,A,0,5.2281880445102678,5.2281880445102678,0,0,0,0,0,0,0,0
2025-01-21,0,0,0,0,0,FLAT,0,A,0,5.2281880445102678,5.2281880445102678,0,0,0,0,0,0,0,0
2025-01-22,0,0,0,0,0,FLAT,0,A,0,5.2281880445102678,5.2281880445102678,0,0,0,0,0,0,0,0
2025-01-23,0,0,0,0,0,FLAT,0,A,0,5.2281880445102678,5.2281880445102678,0,0,0,0,0,0,0,0
2025-01-24,0,0,0,0,0,FLAT,0,A,0,5.2281880445102678,5.2281880445102678,0,0,0,0,0,0,0,0
2025-01-27,0,0,0,0,0,FLAT,0,A,0,5.2281880445102678,5.2281880445102678,0,0,0,0,0,0,0,0
2025-01-28,-0.00088923147080080002,-304.69999999986362,2,0,0,FLAT,0,A,-0.00088923147080080002,5.2281880445102678,5.223538975165825,0,0,0,-304.69999999986362,-0.00088923147080080002,-0.004649069344443024,0,0
2025-01-29,-0.0071956052807885997,-2463.3000000000602,1,0,0,FLAT,0,A,-0.0071956052807885997,5.223538975165825,5.1859524505317172,0,0,0,-2463.3000000000602,-0.0071956052807885997,-0.037586524634108283,0,0
2025-01-30,0,0,0,0,0,FLAT,0,A,0,5.1859524505317172,5.1859524505317172,0,0,0,0,0,0,0,0
2025-01-31,-0.0010100560632017,-343.27999999996587,2,0,0,FLAT,0,A,-0.0010100560632017,5.1859524505317172,5.1807143478155817,0,0,0,-343.27999999996587,-0.0010100560632017,-0.0052381027161352749,0,0
2025-02-03,0,0,0,0,0,FLAT,0,A,0,5.1807143478155817,5.1807143478155817,0,0,0,0,0,0,0,0
2025-02-04,0.0091583013384877003,3109.2599999999265,1,0,0,FLAT,0,A,0.0091583013384877003,5.1807143478155817,5.2281608909615036,0,0,0,3109.2599999999265,0.0091583013384877003,0.047446543145921873,0,0
2025-02-05,0,0,0,0,0,FLAT,0,A,0,5.2281608909615036,5.2281608909615036,0,0,0,0,0,0,0,0
2025-02-06,0,0,0,0,0,FLAT,0,A,0,5.2281608909615036,5.2281608909615036,0,0,0,0,0,0,0,0
2025-02-07,0.018089871432351599,6197.6200000000863,1,0,0,FLAT,0,A,0.018089871432351599,5.2281608909615036,5.3227376493066458,0,0,0,6197.6200000000863,0.018089871432351599,0.094576758345142384,0,0
2025-02-10,0,0,0,0,0,FLAT,0,A,0,5.3227376493066458,5.3227376493066458,0,0,0,0,0,0,0,0
2025-02-11,0,0,0,0,0,FLAT,0,A,0,5.3227376493066458,5.3227376493066458,0,0,0,0,0,0,0,0
2025-02-12,0,0,0,0,0,FLAT,0,A,0,5.3227376493066458,5.3227376493066458,0,0,0,0,0,0,0,0
2025-02-13,0.0058995963367689998,2057.7100000000137,2,0,0,FLAT,0,A,0.0058995963367689998,5.3227376493066458,5.3541396528440774,0,0,0,2057.7100000000137,0.0058995963367689998,0.031402003537431923,0,0
2025-02-14,0,0,0,0,0,FLAT,0,A,0,5.3541396528440774,5.3541396528440774,0,0,0,0,0,0,0,0
2025-02-18,0,0,0,0,0,FLAT,0,A,0,5.3541396528440774,5.3541396528440774,0,0,0,0,0,0,0,0
2025-02-19,0,0,0,0,0,FLAT,0,A,0,5.3541396528440774,5.3541396528440774,0,0,0,0,0,0,0,0
2025-02-20,-0.0093574094728234008,-3282.7900000000282,1,0,0,FLAT,0,A,-0.0093574094728234008,5.3541396528440774,5.3040387757377347,0,0,0,-3282.7900000000282,-0.0093574094728234008,-0.050100877106342562,0,0
2025-02-21,0.047133237374896601,16380.000000000107,1,0,0,FLAT,0,A,0.047133237374896601,5.3040387757377347,5.5540352944002365,0,0,0,16380.000000000107,0.047133237374896601,0.24999651866250261,0,0
2025-02-24,0.0010078279935452001,366.74000000004554,1,0,1,ENTRY,0,A,0.0010078279935452001,5.5540352944002365,5.5596328066470715,0,0,0,366.74000000004554,0.0010078279935452001,0.005597512246834615,0,0
2025-02-25,-0.0176741285148985,-6437.7399999999689,4,1,1,HOLD,-0.0041369376612065793,B,-0.0041369376612065793,5.5596328066470715,5.5366329523067739,4,-6437.7399999999689,-0.0176741285148985,0,0,0,-0.022999854340297908,-0.098261664720326186
2025-02-26,-0.0124242746744907,-4444.91999999986,2,1,1,HOLD,-0.00077364234178173199,B,-0.00077364234178173199,5.5366329523067739,5.5323495786239656,2,-4444.91999999986,-0.0124242746744907,0,0,0,-0.0042833736828085172,-0.068788648571295727
2025-02-27,0.0070279827574238002,2482.9299999999821,2,1,1,HOLD,-0.015249187888172621,B,-0.015249187888172621,5.5323495786239656,5.4479857404364758,2,2482.9299999999821,0.0070279827574238002,0,0,0,-0.084363838187489479,0.038881257446610057
2025-02-28,0.0114151846867039,4060.960000000141,2,1,0,EXIT,0.015006751328900815,B,0.015006751328900815,5.4479857404364758,5.529742307686603,2,4060.960000000141,0.0114151846867039,0,0,0,0.081756567250127768,0.062189763397611668
2025-03-03,0.0201053176903064,7233.6899999997668,2,0,0,FLAT,0,A,0.0201053176903064,5.529742307686603,5.6409195335281694,0,0,0,7233.6899999997668,0.0201053176903064,0.1111772258415672,0,0
2025-03-04,-0.0096501032604888997,-3541.6299999999687,2,0,0,FLAT,0,A,-0.0096501032604888997,5.6409195335281694,5.5864840775455136,0,0,0,-3541.6299999999687,-0.0096501032604888997,-0.054435455982655714,0,0
2025-03-05,0.00065407585323579999,237.71999999991385,2,0,0,FLAT,0,A,0.00065407585323579999,5.5864840775455136,5.5901380618851224,0,0,0,237.71999999991385,0.00065407585323579999,0.0036539843396087928,0,0
2025-03-06,0.0037535745425327999,1365.0399999999945,1,0,0,FLAT,0,A,0.0037535745425327999,5.5901380618851224,5.6111210618034582,0,0,0,1365.0399999999945,0.0037535745425327999,0.020982999918335642,0,0
2025-03-07,-0.016078654102926498,-5869.0400000000172,2,0,0,FLAT,0,A,-0.016078654102926498,5.6111210618034582,5.5209017871210744,0,0,0,-5869.0400000000172,-0.016078654102926498,-0.090219274682383457,0,0
2025-03-10,0.0073466583872849002,2638.4400000000001,2,0,0,FLAT,0,A,0.0073466583872849002,5.5209017871210744,5.5614619665408043,0,0,0,2638.4400000000001,0.0073466583872849002,0.040560179419729232,0,0
2025-03-11,-0.004443649692957,-1607.52,2,0,0,FLAT,0,A,-0.004443649692957,5.5614619665408043,5.5367487777807938,0,0,0,-1607.52,-0.004443649692957,-0.024713188760011079,0,0
2025-03-12,0,0,0,0,0,FLAT,0,A,0,5.5367487777807938,5.5367487777807938,0,0,0,0,0,0,0,0
2025-03-13,-0.0086637433413427993,-3120.1100000000479,3,0,0,FLAT,0,A,-0.0086637433413427993,5.5367487777807938,5.4887798074246072,0,0,0,-3120.1100000000479,-0.0086637433413427993,-0.047968970356186233,0,0
2025-03-14,0.0072836944680339999,2600.2199999999184,1,0,0,FLAT,0,A,0.0072836944680339999,5.4887798074246072,5.5287584025442023,0,0,0,2600.2199999999184,0.0072836944680339999,0.039978595119595332,0,0
2025-03-17,-0.0050952107863555997,-1832.1599999999837,2,0,0,FLAT,0,A,-0.0050952107863555997,5.5287584025442023,5.500588213096405,0,0,0,-1832.1599999999837,-0.0050952107863555997,-0.028170189447797374,0,0
2025-03-18,-0.0013713874740502001,-490.59999999995938,1,0,0,FLAT,0,A,-0.0013713874740502001,5.500588213096405,5.4930447753210565,0,0,0,-490.59999999995938,-0.0013713874740502001,-0.0075434377753485823,0,0
2025-03-19,-0.0024409152734711,-872,1,0,0,FLAT,0,A,-0.0024409152734711,5.4930447753210565,5.4796367184311148,0,0,0,-872,-0.0024409152734711,-0.013408056889941794,0,0
2025-03-20,-0.0010680063001369999,-380.59999999994886,1,0,0,FLAT,0,A,-0.0010680063001369999,5.4796367184311148,5.4737844318933684,0,0,0,-380.59999999994886,-0.0010680063001369999,-0.0058522865377464662,0,0
2025-03-21,0,0,0,0,0,FLAT,0,A,0,5.4737844318933684,5.4737844318933684,0,0,0,0,0,0,0,0
2025-03-24,0,0,0,0,0,FLAT,0,A,0,5.4737844318933684,5.4737844318933684,0,0,0,0,0,0,0,0
2025-03-25,0,0,0,0,0,FLAT,0,A,0,5.4737844318933684,5.4737844318933684,0,0,0,0,0,0,0,0
2025-03-26,0.0049485041059414,1761.5599999999961,1,0,0,FLAT,0,A,0.0049485041059414,5.4737844318933684,5.5008714766296309,0,0,0,1761.5599999999961,0.0049485041059414,0.027087044736262448,0,0
2025-03-27,0,0,0,0,0,FLAT,0,A,0,5.5008714766296309,5.5008714766296309,0,0,0,0,0,0,0,0
2025-03-28,0.0116191592292006,4156.5599999999868,1,0,1,ENTRY,0,A,0.0116191592292006,5.5008714766296309,5.5647869782159578,0,0,0,4156.5599999999868,0.0116191592292006,0.063915501586327514,0,0
2025-03-31,0,0,0,1,1,HOLD,0.0063480074809379944,B,0.0063480074809379944,5.5647869782159578,5.6001122875834985,0,0,0,0,0,0,0.03532530936754124,0
2025-04-01,0,0,0,1,1,HOLD,0.0020907417665874447,B,0.0020907417665874447,5.6001122875834985,5.611820676240729,0,0,0,0,0,0,0.01170838865723038,0
2025-04-02,-0.0059609075055917999,-2157.1500000000296,1,1,0,EXIT,0.0085238417917900076,B,0.0085238417917900076,5.611820676240729,5.6596549478489013,1,-2157.1500000000296,-0.0059609075055917999,0,0,0,0.04783427160817199,-0.033451543989038608
2025-04-03,-0.0052055776735909004,-1872.5399999999347,3,0,0,FLAT,0,A,-0.0052055776735909004,5.6596549478489013,5.6301931744121507,0,0,0,-1872.5399999999347,-0.0052055776735909004,-0.029461773436750511,0,0
2025-04-04,0.0279195135538771,9990.1699999999964,1,0,1,ENTRY,0,A,0.0279195135538771,5.6301931744121507,5.7873854290560969,0,0,0,9990.1699999999964,0.0279195135538771,0.15719225464394637,0,0
2025-04-07,-0.0064991047703405001,-2390.4000000000151,1,1,1,HOLD,-0.0027513311296292631,B,-0.0027513311296292631,5.7873854290560969,5.7714624153659724,1,-2390.4000000000151,-0.0064991047703405001,0,0,0,-0.015923013690124849,-0.037612824249777584
2025-04-08,0.00057264528089450003,209.25000000000159,1,1,1,HOLD,-0.016156563852169424,B,-0.016156563852169424,5.7714624153659724,5.6782154143317163,1,209.25000000000159,0.00057264528089450003,0,0,0,-0.093247001034256302,0.003305000716019297
2025-04-09,0.026529702173861001,9699.6299999999701,2,1,0,EXIT,0.096675274370561656,B,0.096675274370561656,5.6782154143317163,6.2271584474473878,2,9699.6299999999701,0.026529702173861001,0,0,0,0.54894303311567105,0.15064136382124718
2025-04-10,0.0014910568907,559.59999999995557,2,0,0,FLAT,0,A,0.0014910568907,6.2271584474473878,6.2364434949599357,0,0,0,559.59999999995557,0.0014910568907,0.0092850475125471413,0,0
2025-04-11,-0.00090736358192019997,-341.04000000000178,1,0,0,FLAT,0,A,-0.00090736358192019997,6.2364434949599357,6.2307847732519059,0,0,0,-341.04000000000178,-0.00090736358192019997,-0.0056587217080297774,0,0
2025-04-14,0,0,0,0,0,FLAT,0,A,0,6.2307847732519059,6.2307847732519059,0,0,0,0,0,0,0,0
2025-04-15,0,0,0,0,0,FLAT,0,A,0,6.2307847732519059,6.2307847732519059,0,0,0,0,0,0,0,0
2025-04-16,0,0,0,0,0,FLAT,0,A,0,6.2307847732519059,6.2307847732519059,0,0,0,0,0,0,0,0
2025-04-17,0,0,0,0,1,ENTRY,0,A,0,6.2307847732519059,6.2307847732519059,0,0,0,0,0,0,0,0
2025-04-21,0.0069584554299704999,2613,1,1,1,HOLD,-0.0224578203374373,B,-0.0224578203374373,6.2307847732519059,6.0908549282529751,1,2613,0.0069584554299704999,0,0,0,-0.1399298449989313,0.043356638138412236
2025-04-22,-0.0056756694893829,-2146.1100000000142,2,1,0,EXIT,0.024917395529640427,B,0.024917395529640427,6.0908549282529751,6.2426231696139141,2,-2146.1100000000142,-0.0056756694893829,0,0,0,0.15176824136093905,-0.034569679480542882
2025-04-23,-0.0018748690630437999,-704.89999999999156,1,0,0,FLAT,0,A,-0.0018748690630437999,6.2426231696139141,6.2309190685609641,0,0,0,-704.89999999999156,-0.0018748690630437999,-0.011704101052949556,0,0
2025-04-24,0.0032753350511840998,1229.1200000000115,1,0,0,FLAT,0,A,0.0032753350511840998,6.2309190685609641,6.2513274161873129,0,0,0,1229.1200000000115,0.0032753350511840998,0.020408347626349108,0,0
2025-04-25,0,0,0,0,0,FLAT,0,A,0,6.2513274161873129,6.2513274161873129,0,0,0,0,0,0,0,0
2025-04-28,0,0,0,0,0,FLAT,0,A,0,6.2513274161873129,6.2513274161873129,0,0,0,0,0,0,0,0
2025-04-29,0,0,0,0,0,FLAT,0,A,0,6.2513274161873129,6.2513274161873129,0,0,0,0,0,0,0,0
2025-04-30,-0.0043576759535073999,-1640.6299999999626,1,0,0,FLAT,0,A,-0.0043576759535073999,6.2513274161873129,6.2240861570282915,0,0,0,-1640.6299999999626,-0.0043576759535073999,-0.027241259159020998,0,0
2025-05-01,0,0,0,0,0,FLAT,0,A,0,6.2240861570282915,6.2240861570282915,0,0,0,0,0,0,0,0
2025-05-02,0,0,0,0,0,FLAT,0,A,0,6.2240861570282915,6.2240861570282915,0,0,0,0,0,0,0,0
2025-05-05,0,0,0,0,0,FLAT,0,A,0,6.2240861570282915,6.2240861570282915,0,0,0,0,0,0,0,0
2025-05-06,0,0,0,0,0,FLAT,0,A,0,6.2240861570282915,6.2240861570282915,0,0,0,0,0,0,0,0
2025-05-07,0,0,0,0,0,FLAT,0,A,0,6.2240861570282915,6.2240861570282915,0,0,0,0,0,0,0,0
2025-05-08,-0.0059330693224195,-2224.0000000000045,2,0,0,FLAT,0,A,-0.0059330693224195,6.2240861570282915,6.1871582223899306,0,0,0,-2224.0000000000045,-0.0059330693224195,-0.036927934638360436,0,0
2025-05-09,0,0,0,0,0,FLAT,0,A,0,6.1871582223899306,6.1871582223899306,0,0,0,0,0,0,0,0
2025-05-12,0,0,0,0,0,FLAT,0,A,0,6.1871582223899306,6.1871582223899306,0,0,0,0,0,0,0,0
2025-05-13,0.0047605879228393997,1773.8399999999788,1,0,0,FLAT,0,A,0.0047605879228393997,6.1871582223899306,6.2166127331001366,0,0,0,1773.8399999999788,0.0047605879228393997,0.029454510710205991,0,0
2025-05-14,0,0,0,0,0,FLAT,0,A,0,6.2166127331001366,6.2166127331001366,0,0,0,0,0,0,0,0
2025-05-15,0.00085876435306080003,321.5,1,0,0,FLAT,0,A,0.00085876435306080003,6.2166127331001366,6.221951338512107,0,0,0,321.5,0.00085876435306080003,0.005338605411970271,0,0
2025-05-16,0,0,0,0,0,FLAT,0,A,0,6.221951338512107,6.221951338512107,0,0,0,0,0,0,0,0
2025-05-19,0,0,0,0,0,FLAT,0,A,0,6.221951338512107,6.221951338512107,0,0,0,0,0,0,0,0
2025-05-20,-0.0043380137505427,-1625.3999999999885,1,0,0,FLAT,0,A,-0.0043380137505427,6.221951338512107,6.1949604280504342,0,0,0,-1625.3999999999885,-0.0043380137505427,-0.026990910461673078,0,0
2025-05-21,0.0045313378766298996,1690.4299999999075,1,0,1,ENTRY,0,A,0.0045313378766298996,6.1949604280504342,6.223031886882282,0,0,0,1690.4299999999075,0.0045313378766298996,0.02807145883184831,0,0
2025-05-22,-0.011856974701612301,-4443.2199999999884,3,1,1,HOLD,-0.0011138338159946536,B,-0.0011138338159946536,6.223031886882282,6.2161004635286599,3,-4443.2199999999884,-0.011856974701612301,0,0,0,-0.0069314233536225019,-0.073786331650089881
2025-05-23,0,0,0,1,1,HOLD,-0.0059527894050641602,B,-0.0059527894050641602,6.2161004635286599,6.1790973265485523,0,0,0,0,0,0,-0.03700313698010782,0
2025-05-27,0.0091717298657640004,3396,1,1,0,EXIT,0.019518508930882732,B,0.019518508930882732,6.1790973265485523,6.2997040929015835,1,3396,0.0091717298657640004,0,0,0,0.12060676635303154,0.056673011493367849
2025-05-28,0,0,0,0,0,FLAT,0,A,0,6.2997040929015835,6.2997040929015835,0,0,0,0,0,0,0,0
2025-05-29,0,0,0,0,0,FLAT,0,A,0,6.2997040929015835,6.2997040929015835,0,0,0,0,0,0,0,0
2025-05-30,-0.0034298901102922,-1281.5999999999271,1,0,0,FLAT,0,A,-0.0034298901102922,6.2997040929015835,6.2780968001355735,0,0,0,-1281.5999999999271,-0.0034298901102922,-0.021607292766010436,0,0
2025-06-02,-0.0091150883022165993,-3394.1600000000581,1,0,0,FLAT,0,A,-0.0091150883022165993,6.2780968001355735,6.220871393432474,0,0,0,-3394.1600000000581,-0.0091150883022165993,-0.057225406703099231,0,0
2025-06-03,0.0064896835559212001,2394.469999999993,1,0,0,FLAT,0,A,0.0064896835559212001,6.220871393432474,6.2612428802179334,0,0,0,2394.469999999993,0.0064896835559212001,0.040371486785459328,0,0
2025-06-04,0,0,0,0,0,FLAT,0,A,0,6.2612428802179334,6.2612428802179334,0,0,0,0,0,0,0,0
2025-06-05,-0.0059144237187112002,-2196.320000000027,1,0,0,FLAT,0,A,-0.0059144237187112002,6.2612428802179334,6.2242112368185607,0,0,0,-2196.320000000027,-0.0059144237187112002,-0.037031643399372573,0,0
2025-06-06,-0.0039307251704928997,-1451,1,0,0,FLAT,0,A,-0.0039307251704928997,6.2242112368185607,6.1997455730435336,0,0,0,-1451,-0.0039307251704928997,-0.024465663775027457,0,0
2025-06-09,0,0,0,0,0,FLAT,0,A,0,6.1997455730435336,6.1997455730435336,0,0,0,0,0,0,0,0
2025-06-10,0,0,0,0,0,FLAT,0,A,0,6.1997455730435336,6.1997455730435336,0,0,0,0,0,0,0,0
2025-06-11,-0.0016003506335005001,-588.42000000010194,1,0,0,FLAT,0,A,-0.0016003506335005001,6.1997455730435336,6.1898238062881719,0,0,0,-588.42000000010194,-0.0016003506335005001,-0.0099217667553621394,0,0
2025-06-12,-0.0012883165443328,-472.91999999995392,1,0,0,FLAT,0,A,-0.0012883165443328,6.1898238062881719,6.1818493538720256,0,0,0,-472.91999999995392,-0.0012883165443328,-0.0079744524161460759,0,0
2025-06-13,-0.0103835811817402,-3806.6100000000311,1,0,0,FLAT,0,A,-0.0103835811817402,6.1818493538720256,6.117659619252807,0,0,0,-3806.6100000000311,-0.0103835811817402,-0.064189734619218383,0,0
2025-06-16,-0.0076249434592515998,-2766.1799999999571,2,0,0,FLAT,0,A,-0.0076249434592515998,6.117659619252807,6.0710128105530581,0,0,0,-2766.1799999999571,-0.0076249434592515998,-0.046646808699749326,0,0
2025-06-17,-0.0020794880848124002,-748.59999999999104,1,0,0,FLAT,0,A,-0.0020794880848124002,6.0710128105530581,6.0583882117507697,0,0,0,-748.59999999999104,-0.0020794880848124002,-0.012624598802288526,0,0
2025-06-18,-0.0062819075647771996,-2256.6499999998559,1,0,0,FLAT,0,A,-0.0062819075647771996,6.0583882117507697,6.0203299770130156,0,0,0,-2256.6499999998559,-0.0062819075647771996,-0.038058234737754174,0,0
2025-06-20,-0.0030206716236132998,-1078.2600000000939,2,0,1,ENTRY,0,A,-0.0030206716236132998,6.0203299770130156,6.0021445370866635,0,0,0,-1078.2600000000939,-0.0030206716236132998,-0.018185439926351726,0,0
2025-06-23,0.0039219548051253996,1395.6499999999432,3,1,0,EXIT,0.010502575150637896,B,0.010502575150637896,6.0021445370866635,6.0651825111524067,3,1395.6499999999432,0.0039219548051253996,0,0,0,0.063037974065743393,0.023540139608284206
2025-06-24,0.00085562293985879995,305.63999999991506,1,0,0,FLAT,0,A,0.00085562293985879995,6.0651825111524067,6.0703720204433793,0,0,0,305.63999999991506,0.00085562293985879995,0.0051895092909724008,0,0
2025-06-25,0,0,0,0,0,FLAT,0,A,0,6.0703720204433793,6.0703720204433793,0,0,0,0,0,0,0,0
2025-06-26,0.00057067385651249998,204.02000000017404,3,0,0,FLAT,0,A,0.00057067385651249998,6.0703720204433793,6.0738362230547516,0,0,0,204.02000000017404,0.00057067385651249998,0.0034642026113719995,0,0
2025-06-27,-0.0045902212000039,-1641.8200000001375,1,0,0,FLAT,0,A,-0.0045902212000039,6.0738362230547516,6.0459559712583344,0,0,0,-1641.8200000001375,-0.0045902212000039,-0.027880251796417538,0,0
2025-06-30,0,0,0,0,0,FLAT,0,A,0,6.0459559712583344,6.0459559712583344,0,0,0,0,0,0,0,0
2025-07-01,0,0,0,0,0,FLAT,0,A,0,6.0459559712583344,6.0459559712583344,0,0,0,0,0,0,0,0
2025-07-02,0.00018504330263240001,65.879999999940082,1,0,0,FLAT,0,A,0.00018504330263240001,6.0459559712583344,6.0470747349188265,0,0,0,65.879999999940082,0.00018504330263240001,0.0011187636604917219,0,0
2025-07-03,0.0037182746952664002,1324.0000000001128,1,0,0,FLAT,0,A,0.0037182746952664002,6.0470747349188265,6.0695594198860601,0,0,0,1324.0000000001128,0.0037182746952664002,0.022484684967233447,0,0
2025-07-07,-0.0001827687359357,-65.319999999940592,1,0,0,FLAT,0,A,-0.0001827687359357,6.0695594198860601,6.0684500941832011,0,0,0,-65.319999999940592,-0.0001827687359357,-0.0011093257028591957,0,0
2025-07-08,0,0,0,0,0,FLAT,0,A,0,6.0684500941832011,6.0684500941832011,0,0,0,0,0,0,0,0
2025-07-09,-0.0081076409070772008,-2896.9800000000578,1,0,0,FLAT,0,A,-0.0081076409070772008,6.0684500941832011,6.0192492799570454,0,0,0,-2896.9800000000578,-0.0081076409070772008,-0.049200814226156214,0,0
2025-07-10,0.00043149779565039998,152.92499999986092,1,0,0,FLAT,0,A,0.00043149779565039998,6.0192492799570454,6.0218465727528168,0,0,0,152.92499999986092,0.00043149779565039998,0.0025972927957717226,0,0
2025-07-11,0,0,0,0,0,FLAT,0,A,0,6.0218465727528168,6.0218465727528168,0,0,0,0,0,0,0,0
2025-07-14,0,0,0,0,0,FLAT,0,A,0,6.0218465727528168,6.0218465727528168,0,0,0,0,0,0,0,0
2025-07-15,0,0,0,0,0,FLAT,0,A,0,6.0218465727528168,6.0218465727528168,0,0,0,0,0,0,0,0
2025-07-16,-0.0090228649862904992,-3198.9999999999482,1,0,0,FLAT,0,A,-0.0090228649862904992,6.0218465727528168,5.9675122641587119,0,0,0,-3198.9999999999482,-0.0090228649862904992,-0.054334308594104833,0,0
2025-07-17,0.0133551566943953,4692.0500000000711,1,0,0,FLAT,0,A,0.0133551566943953,5.9675122641587119,6.0472093255222772,0,0,0,4692.0500000000711,0.0133551566943953,0.079697061363565275,0,0
2025-07-18,0,0,0,0,0,FLAT,0,A,0,6.0472093255222772,6.0472093255222772,0,0,0,0,0,0,0,0
2025-07-21,-0.0037404806791961,-1331.6299999998153,1,0,0,FLAT,0,A,-0.0037404806791961,6.0472093255222772,6.0245898558771067,0,0,0,-1331.6299999998153,-0.0037404806791961,-0.022619469645170556,0,0
2025-07-22,-0.0092562511937924995,-3282.800000000103,1,0,0,FLAT,0,A,-0.0092562511937924995,6.0245898558771067,5.9688247388315343,0,0,0,-3282.800000000103,-0.0092562511937924995,-0.055765117045572653,0,0
2025-07-23,0,0,0,0,0,FLAT,0,A,0,5.9688247388315343,5.9688247388315343,0,0,0,0,0,0,0,0
2025-07-24,0,0,0,0,0,FLAT,0,A,0,5.9688247388315343,5.9688247388315343,0,0,0,0,0,0,0,0
2025-07-25,0.0011929110561767001,419.13999999986959,1,0,0,FLAT,0,A,0.0011929110561767001,5.9688247388315343,5.9759450158548679,0,0,0,419.13999999986959,0.0011929110561767001,0.0071202770233331414,0,0
2025-07-28,0,0,0,0,0,FLAT,0,A,0,5.9759450158548679,5.9759450158548679,0,0,0,0,0,0,0,0
2025-07-29,-0.00040929584943929999,-143.97500000012087,1,0,0,FLAT,0,A,-0.00040929584943929999,5.9759450158548679,5.9734990863634012,0,0,0,-143.97500000012087,-0.00040929584943929999,-0.0024459294914668693,0,0
2025-07-30,-0.013403632733842,-4712.7600000000093,1,0,1,ENTRY,0,A,-0.013403632733842,5.9734990863634012,5.8934324984738451,0,0,0,-4712.7600000000093,-0.013403632733842,-0.080066587889555757,0,0
2025-07-31,0,0,0,1,1,HOLD,-0.0036266162093976663,B,-0.0036266162093976663,5.8934324984738451,5.8720592806458889,0,0,0,0,0,0,-0.021373217827956235,0
2025-08-01,-0.0195536795694102,-6782.6799999997684,3,1,1,HOLD,-0.01504984965975629,B,-0.01504984965975629,5.8720592806458889,5.7836856712789917,3,-6782.6799999997684,-0.0195536795694102,0,0,0,-0.088373609366897296,-0.11482036558633107
2025-08-04,0.0100539278479934,3418.800000000042,1,1,0,EXIT,0.014042642073298093,B,0.014042642073298093,5.7836856712789917,5.8649038990252258,1,3418.800000000042,0.0100539278479934,0,0,0,0.08121822774623369,0.058148758434512254
2025-08-05,-0.0039403460514326003,-1353.3200000001841,2,0,0,FLAT,0,A,-0.0039403460514326003,5.8649038990252258,5.84179414810467,0,0,0,-1353.3200000001841,-0.0039403460514326003,-0.02310975092055571,0,0
2025-08-06,0.0077112467942814997,2637.8400000000138,1,0,0,FLAT,0,A,0.0077112467942814997,5.84179414810467,5.8868416645020947,0,0,0,2637.8400000000138,0.0077112467942814997,0.045047516397424561,0,0
2025-08-07,-0.0094948652874863003,-3272.9199999999387,2,0,0,FLAT,0,A,-0.0094948652874863003,5.8868416645020947,5.8309468959288857,0,0,0,-3272.9199999999387,-0.0094948652874863003,-0.055894768573209012,0,0
2025-08-08,-0.00086743169543650005,-296.15000000006728,3,0,0,FLAT,0,A,-0.00086743169543650005,5.8309468959288857,5.8258889477769502,0,0,0,-296.15000000006728,-0.00086743169543650005,-0.0050579481519357908,0,0
2025-08-11,0,0,0,0,0,FLAT,0,A,0,5.8258889477769502,5.8258889477769502,0,0,0,0,0,0,0,0
2025-08-12,0.0066791678500666999,2278.1500000000192,1,0,0,FLAT,0,A,0.0066791678500666999,5.8258889477769502,5.8648010379350008,0,0,0,2278.1500000000192,0.0066791678500666999,0.038912090158050722,0,0
2025-08-13,0,0,0,0,0,FLAT,0,A,0,5.8648010379350008,5.8648010379350008,0,0,0,0,0,0,0,0
2025-08-14,0,0,0,0,0,FLAT,0,A,0,5.8648010379350008,5.8648010379350008,0,0,0,0,0,0,0,0
2025-08-15,-0.0020975610293128,-720.19999999997481,1,0,0,FLAT,0,A,-0.0020975610293128,5.8648010379350008,5.8524992598331549,0,0,0,-720.19999999997481,-0.0020975610293128,-0.012301778101845719,0,0
2025-08-18,0,0,0,0,0,FLAT,0,A,0,5.8524992598331549,5.8524992598331549,0,0,0,0,0,0,0,0
2025-08-19,-0.00055250512053010002,-189.29999999998759,2,0,1,ENTRY,0,A,-0.00055250512053010002,5.8524992598331549,5.8492657240241988,0,0,0,-189.29999999998759,-0.00055250512053010002,-0.0032335358089564383,0,0
2025-08-20,-0.014735267273521599,-5045.5400000000636,4,1,1,HOLD,-0.0016891363508398762,B,-0.0016891363508398762,5.8492657240241988,5.8393855166640281,4,-5045.5400000000636,-0.014735267273521599,0,0,0,-0.0098802073601710009,-0.086190493797345405
2025-08-21,0,0,0,1,1,HOLD,-0.0045119849600501333,B,-0.0045119849600501333,5.8393855166640281,5.8130382970369059,0,0,0,0,0,0,-0.026347219627122671,0
2025-08-22,0.0121988387414146,4115.0200000000459,1,1,0,EXIT,0.014651726417172894,B,0.014651726417172894,5.8130382970369059,5.8982093438176388,1,4115.0200000000459,0.0121988387414146,0,0,0,0.085171046780733367,0.070912316783220561
2025-08-25,0,0,0,0,0,FLAT,0,A,0,5.8982093438176388,5.8982093438176388,0,0,0,0,0,0,0,0
2025-08-26,0,0,0,0,0,FLAT,0,A,0,5.8982093438176388,5.8982093438176388,0,0,0,0,0,0,0,0
2025-08-27,0,0,0,0,0,FLAT,0,A,0,5.8982093438176388,5.8982093438176388,0,0,0,0,0,0,0,0
2025-08-28,0,0,0,0,0,FLAT,0,A,0,5.8982093438176388,5.8982093438176388,0,0,0,0,0,0,0,0
2025-08-29,0.0045865622956438997,1566.0000000000082,1,0,0,FLAT,0,A,0.0045865622956438997,5.8982093438176388,5.9252618484058068,0,0,0,1566.0000000000082,0.0045865622956438997,0.027052504588168529,0,0
2025-09-02,0,0,0,0,0,FLAT,0,A,0,5.9252618484058068,5.9252618484058068,0,0,0,0,0,0,0,0
2025-09-03,0,0,0,0,0,FLAT,0,A,0,5.9252618484058068,5.9252618484058068,0,0,0,0,0,0,0,0
2025-09-04,0.01184685346021,4063.2999999999679,1,0,0,FLAT,0,A,0.01184685346021,5.9252618484058068,5.9954575572372439,0,0,0,4063.2999999999679,0.01184685346021,0.070195708831436623,0,0
2025-09-05,-0.0025855792320178999,-897.28999999995381,1,0,0,FLAT,0,A,-0.0025855792320178999,5.9954575572372439,5.9799558266908068,0,0,0,-897.28999999995381,-0.0025855792320178999,-0.015501730546437387,0,0
2025-09-08,0,0,0,0,0,FLAT,0,A,0,5.9799558266908068,5.9799558266908068,0,0,0,0,0,0,0,0
2025-09-09,0,0,0,0,0,FLAT,0,A,0,5.9799558266908068,5.9799558266908068,0,0,0,0,0,0,0,0
2025-09-10,0,0,0,0,0,FLAT,0,A,0,5.9799558266908068,5.9799558266908068,0,0,0,0,0,0,0,0
2025-09-11,0.0107383927569036,3716.8499999999922,1,0,0,FLAT,0,A,0.0107383927569036,5.9799558266908068,6.0441709410267466,0,0,0,3716.8499999999922,0.0107383927569036,0.064215114335940043,0,0
2025-09-12,0,0,0,0,0,FLAT,0,A,0,6.0441709410267466,6.0441709410267466,0,0,0,0,0,0,0,0
2025-09-15,0.0014530409312185999,508.32000000001926,1,0,0,FLAT,0,A,0.0014530409312185999,6.0441709410267466,6.05295336879934,0,0,0,508.32000000001926,0.0014530409312185999,0.0087824277725939044,0,0
2025-09-16,0,0,0,0,0,FLAT,0,A,0,6.05295336879934,6.05295336879934,0,0,0,0,0,0,0,0
2025-09-17,-0.0021867672686177999,-766.08000000002892,1,0,0,FLAT,0,A,-0.0021867672686177999,6.05295336879934,6.0397169684939795,0,0,0,-766.08000000002892,-0.0021867672686177999,-0.013236400305360243,0,0
2025-09-18,-0.0172035956408053,-6013.4200000000083,3,0,0,FLAT,0,A,-0.0172035956408053,6.0397169684939795,5.9358121199830984,0,0,0,-6013.4200000000083,-0.0172035956408053,-0.10390484851088083,0,0
2025-09-19,-0.0071152590211640996,-2443.9999999999054,1,0,0,FLAT,0,A,-0.0071152590211640996,5.9358121199830984,5.8935772792484533,0,0,0,-2443.9999999999054,-0.0071152590211640996,-0.042234840734644938,0,0
2025-09-22,0.0041375417375567004,1411.0199999998788,2,0,0,FLAT,0,A,0.0041375417375567004,5.8935772792484533,5.9179622012248592,0,0,0,1411.0199999998788,0.0041375417375567004,0.024384921976406338,0,0
2025-09-23,0.0107637042382745,3685.6099999999246,1,0,0,FLAT,0,A,0.0107637042382745,5.9179622012248592,5.9816613960521314,0,0,0,3685.6099999999246,0.0107637042382745,0.063699194827272307,0,0
2025-09-24,-0.010936479184684799,-3784.9199999998864,2,0,0,FLAT,0,A,-0.010936479184684799,5.9816613960521314,5.9162430807043744,0,0,0,-3784.9199999998864,-0.010936479184684799,-0.065418315347756759,0,0
2025-09-25,-0.027269334078293499,-9333.4200000000001,2,0,1,ENTRY,0,A,-0.027269334078293499,5.9162430807043744,5.7549110716482543,0,0,0,-9333.4200000000001,-0.027269334078293499,-0.16133200905611991,0,0
2025-09-26,-0.018916535002957501,-6297.4200000002356,2,1,0,EXIT,0.0060422271877422591,B,0.0060422271877422591,5.7549110716482543,5.7896835517884062,2,-6297.4200000002356,-0.018916535002957501,0,0,0,0.034772480140152023,-0.10886297672574187
2025-09-29,0,0,0,0,0,FLAT,0,A,0,5.7896835517884062,5.7896835517884062,0,0,0,0,0,0,0,0
2025-09-30,0,0,0,0,0,FLAT,0,A,0,5.7896835517884062,5.7896835517884062,0,0,0,0,0,0,0,0
2025-10-01,0.0011966429193372,390.80000000008886,1,0,0,FLAT,0,A,0.0011966429193372,5.7896835517884062,5.7966117356158575,0,0,0,390.80000000008886,0.0011966429193372,0.006928183827450648,0,0
2025-10-02,0,0,0,0,0,FLAT,0,A,0,5.7966117356158575,5.7966117356158575,0,0,0,0,0,0,0,0
2025-10-03,-0.0062824235837262996,-2054.0849999999027,1,0,0,FLAT,0,A,-0.0062824235837262996,5.7966117356158575,5.7601949653423192,0,0,0,-2054.0849999999027,-0.0062824235837262996,-0.036416770273537701,0,0
2025-10-06,0,0,0,0,0,FLAT,0,A,0,5.7601949653423192,5.7601949653423192,0,0,0,0,0,0,0,0
2025-10-07,5.9774131654871718e-05,19.419999999982338,1,0,0,FLAT,0,A,5.9774131654871718e-05,5.7601949653423192,5.7605392759945353,0,0,0,19.419999999982338,5.9774131654871718e-05,0.00034431065221610102,0,0
2025-10-08,0.0010007524541786,325.13999999992109,3,0,0,FLAT,0,A,0.0010007524541786,5.7605392759945353,5.7663041498123793,0,0,0,325.13999999992109,0.0010007524541786,0.0057648738178437469,0,0
2025-10-09,-3.9977853130427756e-06,-1.3000000000000114,2,0,0,FLAT,0,A,-3.9977853130427756e-06,5.7663041498123793,5.7662810973663392,0,0,0,-1.3000000000000114,-3.9977853130427756e-06,-2.305244604065754e-05,0,0
2025-10-10,0.084277425246839704,27402.939999999893,1,0,0,FLAT,0,A,0.084277425246839704,5.7662810973663392,6.2522484215018954,0,0,0,27402.939999999893,0.084277425246839704,0.48596732413555649,0,0
2025-10-13,-0.0179669365512856,-6334.0800000000345,3,0,0,FLAT,0,A,-0.0179669365512856,6.2522484215018954,6.1399146708098957,0,0,0,-6334.0800000000345,-0.0179669365512856,-0.11233375069200011,0,0
2025-10-14,0,0,0,0,0,FLAT,0,A,0,6.1399146708098957,6.1399146708098957,0,0,0,0,0,0,0,0
2025-10-15,-0.0031915179226562999,-1104.8400000000099,1,0,0,FLAT,0,A,-0.0031915179226562999,6.1399146708098957,6.1203190230944262,0,0,0,-1104.8400000000099,-0.0031915179226562999,-0.019595647715470139,0,0
2025-10-16,-0.0037567148103942001,-1296.3199999999847,2,0,0,FLAT,0,A,-0.0037567148103942001,6.1203190230944262,6.0973267299760296,0,0,0,-1296.3199999999847,-0.0037567148103942001,-0.022992293118396193,0,0
2025-10-17,-0.0092034061737244002,-3163.7199999999093,2,0,0,FLAT,0,A,-0.0092034061737244002,6.0973267299760296,6.0412105555061535,0,0,0,-3163.7199999999093,-0.0092034061737244002,-0.056116174469876198,0,0
2025-10-20,0.0057564229737389,1960.5000000000639,2,0,0,FLAT,0,A,0.0057564229737389,6.0412105555061535,6.0759863187370629,0,0,0,1960.5000000000639,0.0057564229737389,0.034775763230909564,0,0
2025-10-21,0,0,0,0,0,FLAT,0,A,0,6.0759863187370629,6.0759863187370629,0,0,0,0,0,0,0,0
2025-10-22,-0.013459655288926699,-4610.2199999998757,3,0,0,FLAT,0,A,-0.013459655288926699,6.0759863187370629,5.994205637346627,0,0,0,-4610.2199999998757,-0.013459655288926699,-0.081780681390435581,0,0
2025-10-23,-0.0019704099170320998,-665.7800000000932,4,0,0,FLAT,0,A,-0.0019704099170320998,5.994205637346627,5.9823945951140693,0,0,0,-665.7800000000932,-0.0019704099170320998,-0.011811042232557512,0,0
2025-10-24,0,0,0,0,0,FLAT,0,A,0,5.9823945951140693,5.9823945951140693,0,0,0,0,0,0,0,0
2025-10-27,0,0,0,0,0,FLAT,0,A,0,5.9823945951140693,5.9823945951140693,0,0,0,0,0,0,0,0
2025-10-28,0,0,0,0,0,FLAT,0,A,0,5.9823945951140693,5.9823945951140693,0,0,0,0,0,0,0,0
2025-10-29,0,0,0,0,0,FLAT,0,A,0,5.9823945951140693,5.9823945951140693,0,0,0,0,0,0,0,0
2025-10-30,0,0,0,0,0,FLAT,0,A,0,5.9823945951140693,5.9823945951140693,0,0,0,0,0,0,0,0
2025-10-31,0,0,0,0,0,FLAT,0,A,0,5.9823945951140693,5.9823945951140693,0,0,0,0,0,0,0,0
2025-11-03,-0.0096773774818300993,-3263.159999999993,1,0,0,FLAT,0,A,-0.0096773774818300993,5.9823945951140693,5.9245007043718907,0,0,0,-3263.159999999993,-0.0096773774818300993,-0.057893890742178988,0,0
2025-11-04,0,0,0,0,0,FLAT,0,A,0,5.9245007043718907,5.9245007043718907,0,0,0,0,0,0,0,0
2025-11-05,0.0019218929999189999,641.76000000002432,1,0,0,FLAT,0,A,0.0019218929999189999,5.9245007043718907,5.9358869608036384,0,0,0,641.76000000002432,0.0019218929999189999,0.011386256431747521,0,0
2025-11-06,0.0142504700059999,4767.5400000000063,2,0,0,FLAT,0,A,0.0142504700059999,5.9358869608036384,6.0204761398975775,0,0,0,4767.5400000000063,0.0142504700059999,0.084589179093938149,0,0
2025-11-07,-0.0086351957993722993,-2929.9299999998971,2,0,0,FLAT,0,A,-0.0086351957993722993,6.0204761398975775,5.9684881496241129,0,0,0,-2929.9299999998971,-0.0086351957993722993,-0.051987990273464714,0,0
2025-11-10,0.0070260229145889001,2363.2200000000503,1,0,0,FLAT,0,A,0.0070260229145889001,5.9684881496241129,6.0104228841288236,0,0,0,2363.2200000000503,0.0070260229145889001,0.041934734504711323,0,0
2025-11-11,0,0,0,0,0,FLAT,0,A,0,6.0104228841288236,6.0104228841288236,0,0,0,0,0,0,0,0
2025-11-12,0,0,0,0,0,FLAT,0,A,0,6.0104228841288236,6.0104228841288236,0,0,0,0,0,0,0,0
2025-11-13,0.025145731625717298,8517.0100000000511,1,0,0,FLAT,0,A,0.025145731625717298,6.0104228841288236,6.1615593649301967,0,0,0,8517.0100000000511,0.025145731625717298,0.15113648080137315,0,0
2025-11-14,-0.0035192677591360999,-1221.9400000000571,1,0,1,ENTRY,0,A,-0.0035192677591360999,6.1615593649301967,6.139875187711195,0,0,0,-1221.9400000000571,-0.0035192677591360999,-0.021684177219001944,0,0
2025-11-17,-0.00029018654428129999,-100.40000000005136,1,1,1,HOLD,-0.0092490542432456576,B,-0.0092490542432456576,6.139875187711195,6.0830871490532958,1,-100.40000000005136,-0.00029018654428129999,0,0,0,-0.056788038657898957,-0.0017817091630404098
2025-11-18,-0.028842661451066301,-9975.9600000000537,2,1,1,HOLD,-0.0065543211918040918,B,-0.0065543211918040918,6.0830871490532958,6.0432166420406643,2,-9975.9600000000537,-0.028842661451066301,0,0,0,-0.039870507012631153,-0.17545242321747631
2025-11-19,-0.0089783943214991994,-3015.6800000000694,1,1,1,HOLD,0.0026178406597563743,B,0.0026178406597563743,6.0432166420406643,6.0590368202819143,1,-3015.6800000000694,-0.0089783943214991994,0,0,0,0.015820178241250434,-0.054258381982487364
2025-11-20,0.0238101262400944,7925.3900000000158,1,1,1,HOLD,-0.014805759304536811,B,-0.014805759304536811,6.0590368202819143,5.9693281795034947,1,7925.3900000000158,0.0238101262400944,0,0,0,-0.089708640778420085,0.14426643158429253
2025-11-21,-0.015960679974266302,-5438.9999999999691,2,1,0,EXIT,0.0085635062885855654,B,0.0085635062885855654,5.9693281795034947,6.0204465589073042,2,-5438.9999999999691,-0.015960679974266302,0,0,0,0.0511183794038092,-0.095274536734424944
2025-11-24,0.010771800232193001,3611.9999999999377,1,0,0,FLAT,0,A,0.010771800232193001,6.0204465589073042,6.0852976065484476,0,0,0,3611.9999999999377,0.010771800232193001,0.064851047641143245,0,0
2025-11-25,0.0001714540410596,58.109999999946531,3,0,0,FLAT,0,A,0.0001714540410596,6.0852976065484476,6.0863409554141406,0,0,0,58.109999999946531,0.0001714540410596,0.0010433488656930432,0,0
2025-11-26,0,0,0,0,0,FLAT,0,A,0,6.0863409554141406,6.0863409554141406,0,0,0,0,0,0,0,0
2025-11-28,0,0,0,0,0,FLAT,0,A,0,6.0863409554141406,6.0863409554141406,0,0,0,0,0,0,0,0
2025-12-01,0,0,0,0,0,FLAT,0,A,0,6.0863409554141406,6.0863409554141406,0,0,0,0,0,0,0,0
2025-12-02,0,0,0,0,0,FLAT,0,A,0,6.0863409554141406,6.0863409554141406,0,0,0,0,0,0,0,0
2025-12-03,0,0,0,0,0,FLAT,0,A,0,6.0863409554141406,6.0863409554141406,0,0,0,0,0,0,0,0
2025-12-04,0,0,0,0,0,FLAT,0,A,0,6.0863409554141406,6.0863409554141406,0,0,0,0,0,0,0,0
2025-12-05,-0.0036358042067745999,-1232.3999999999569,1,0,0,FLAT,0,A,-0.0036358042067745999,6.0863409554141406,6.0642122113645813,0,0,0,-1232.3999999999569,-0.0036358042067745999,-0.022128744049559269,0,0
2025-12-08,-0.0020084599186193002,-678.29999999992413,1,0,0,FLAT,0,A,-0.0020084599186193002,6.0642122113645813,6.0520324842000539,0,0,0,-678.29999999992413,-0.0020084599186193002,-0.012179727164527473,0,0
2025-12-09,0,0,0,0,0,FLAT,0,A,0,6.0520324842000539,6.0520324842000539,0,0,0,0,0,0,0,0
2025-12-10,0.00063756023405820003,214.88000000010999,1,0,0,FLAT,0,A,0.00063756023405820003,6.0520324842000539,6.0558910194472091,0,0,0,214.88000000010999,0.00063756023405820003,0.003858535247154416,0,0
2025-12-11,-0.013867263153700101,-4676.6000000000122,1,0,0,FLAT,0,A,-0.013867263153700101,6.0558910194472091,5.9719123850504054,0,0,0,-4676.6000000000122,-0.013867263153700101,-0.083978634396803628,0,0
2025-12-12,0.022651487364075101,7532.8500000000577,2,0,0,FLAT,0,A,0.022651487364075101,5.9719123850504054,6.1071850829797381,0,0,0,7532.8500000000577,0.022651487364075101,0.13527269792933286,0,0
2025-12-15,-0.0040336858554811004,-1371.7000000000216,1,0,0,FLAT,0,A,-0.0040336858554811004,6.1071850829797381,6.0825506168937169,0,0,0,-1371.7000000000216,-0.0040336858554811004,-0.024634466086020539,0,0
2025-12-16,-0.019720010305235899,-6678.7399999999998,2,0,1,ENTRY,0,A,-0.019720010305235899,6.0825506168937169,5.962602656046454,0,0,0,-6678.7399999999998,-0.019720010305235899,-0.11994796084726307,0,0
2025-12-17,0.0198001734774403,6573.1200000000636,1,1,1,HOLD,-0.012474624143105122,B,-0.012474624143105122,5.962602656046454,5.8882214289975945,1,6573.1200000000636,0.0198001734774403,0,0,0,-0.074381227048859813,0.11806056696676609
2025-12-18,-0.00061054754695079999,-206.69000000002563,1,1,1,HOLD,0.0084611946968568448,B,0.0084611946968568448,5.8882214289975945,5.938042816926548,1,-206.69000000002563,-0.00061054754695079999,0,0,0,0.049821387928953277,-0.0035950391493776153
2025-12-19,-0.0055337323630069001,-1872.1299999999344,2,1,0,EXIT,0.0077156902714998962,B,0.0077156902714998962,5.938042816926548,5.983858916120858,2,-1872.1299999999344,-0.0055337323630069001,0,0,0,0.045816099194310005,-0.032859539708947096
2025-12-22,0,0,0,0,0,FLAT,0,A,0,5.983858916120858,5.983858916120858,0,0,0,0,0,0,0,0
2025-12-23,0,0,0,0,0,FLAT,0,A,0,5.983858916120858,5.983858916120858,0,0,0,0,0,0,0,0
2025-12-24,0,0,0,0,0,FLAT,0,A,0,5.983858916120858,5.983858916120858,0,0,0,0,0,0,0,0
2025-12-26,0,0,0,0,0,FLAT,0,A,0,5.983858916120858,5.983858916120858,0,0,0,0,0,0,0,0
2025-12-29,0,0,0,0,0,FLAT,0,A,0,5.983858916120858,5.983858916120858,0,0,0,0,0,0,0,0
2025-12-30,0,0,0,0,1,ENTRY,0,A,0,5.983858916120858,5.983858916120858,0,0,0,0,0,0,0,0
2025-12-31,0.0073274939550656004,2465.0799999999704,2,1,1,HOLD,-0.0069991123786796268,B,-0.0069991123786796268,5.983858916120858,5.9419772151087633,2,2465.0799999999704,0.0073274939550656004,0,0,0,-0.041881701012093951,0.043846690035840984
