date,start_equity,daily_gross_pnl,daily_costs,daily_net_pnl,gross_return,net_return,end_net_equity,trade_count
2019-01-02,100000,0,0,0,0,0,100000,0
2019-01-03,100000,0,0,0,0,0,100000,0
2019-01-04,100000,0,0,0,0,0,100000,0
2019-01-07,100000,0,0,0,0,0,100000,0
2019-01-08,100000,0,0,0,0,0,100000,0
2019-01-09,100000,0,0,0,0,0,100000,0
2019-01-10,100000,0,0,0,0,0,100000,0
2019-01-11,100000,0,0,0,0,0,100000,0
2019-01-14,100000,0,0,0,0,0,100000,0
2019-01-15,100000,0,0,0,0,0,100000,0
2019-01-16,100000,0,0,0,0,0,100000,0
2019-01-17,100000,0,0,0,0,0,100000,0
2019-01-18,100000,0,0,0,0,0,100000,0
2019-01-22,100000,0,0,0,0,0,100000,0
2019-01-23,100000,0,0,0,0,0,100000,0
2019-01-24,100000,0,0,0,0,0,100000,0
2019-01-25,100000,0,0,0,0,0,100000,0
2019-01-28,100000,-657.0000000000249,7.665,-664.66500000002486,-0.0065700000000002493,-0.0066466500000002485,99335.334999999977,1
2019-01-29,99335.334999999977,-514.59000000004812,7.0629999999999997,-521.65300000004822,-0.0051803318527092928,-0.0052514344467660809,98813.681999999913,1
2019-01-30,98813.681999999913,1271.25,7.1189999999999998,1264.1310000000001,0.012865121249099908,0.01279307657010495,100077.81299999992,1
2019-01-31,100077.81299999992,709.0199999999752,6.3630000000000004,702.65699999997514,0.0070846871923547702,0.0070211066662695326,100780.46999999988,1
2019-02-01,100780.46999999988,-590.03999999997154,6.258,-596.29799999997158,-0.0058547057778156044,-0.005916801142125774,100184.17199999992,1
2019-02-04,100184.17199999992,-44.450000000010107,6.2229999999999999,-50.673000000010106,-0.00044368286040244106,-0.00050579846085876869,100133.49899999992,1
2019-02-05,100133.49899999992,0,0,0,0,0,100133.49899999992,0
2019-02-06,100133.49899999992,0,0,0,0,0,100133.49899999992,0
2019-02-07,100133.49899999992,-294.81000000000216,6.657,-301.4670000000022,-0.0029441695630750145,-0.0030106508112734821,99832.031999999905,1
2019-02-08,99832.031999999905,0,0,0,0,0,99832.031999999905,0
2019-02-11,99832.031999999905,0,0,0,0,0,99832.031999999905,0
2019-02-12,99832.031999999905,288.43999999998982,15.596,272.84399999998982,0.002889253020513397,0.002733030616866439,100104.87599999987,2
2019-02-13,100104.87599999987,40.680000000020812,7.1189999999999998,33.561000000020812,0.00040637381140176291,0.00033525839440649082,100138.4369999999,1
2019-02-14,100138.4369999999,0,0,0,0,0,100138.4369999999,0
2019-02-15,100138.4369999999,0,0,0,0,0,100138.4369999999,0
2019-02-19,100138.4369999999,0,0,0,0,0,100138.4369999999,0
2019-02-20,100138.4369999999,0,0,0,0,0,100138.4369999999,0
2019-02-21,100138.4369999999,-908.81999999996265,17.646999999999998,-926.46699999996281,-0.0090756359618431384,-0.0092518619998029697,99211.969999999914,2
2019-02-22,99211.969999999914,211.47999999994909,8.7080000000000002,202.77199999994903,0.0021315976287936754,0.0020438259617256791,99414.741999999882,1
2019-02-25,99414.741999999882,0,0,0,0,0,99414.741999999882,0
2019-02-26,99414.741999999882,0,0,0,0,0,99414.741999999882,0
2019-02-27,99414.741999999882,-455.76000000001727,8.8620000000000001,-464.62200000001729,-0.0045844307477055845,-0.0046735724566887458,98950.119999999835,1
2019-02-28,98950.119999999835,0,0,0,0,0,98950.119999999835,0
2019-03-01,98950.119999999835,0,0,0,0,0,98950.119999999835,0
2019-03-04,98950.119999999835,183.94999999999359,9.9049999999999994,174.04499999999359,0.0018590174524295059,0.0017589165126832983,99124.164999999834,1
2019-03-05,99124.164999999834,-666.40000000001237,9.5199999999999996,-675.92000000001235,-0.006722881347853104,-0.0068189225099652894,98448.244999999835,1
2019-03-06,98448.244999999835,1787.4449999999806,9.891,1777.5539999999803,0.018156189579610928,0.018055720546364066,100225.7989999998,1
2019-03-07,100225.7989999998,-87.983999999955245,40.606999999999999,-128.59099999995519,-0.00087785780585251732,-0.0012830129695444528,100097.20799999984,4
2019-03-08,100097.20799999984,0,0,0,0,0,100097.20799999984,0
2019-03-11,100097.20799999984,3158.8200000000097,10.143000000000001,3148.6770000000097,0.031557523562495519,0.031456192064817777,103245.88499999986,1
2019-03-12,103245.88499999986,-603.90000000002283,17.619,-621.51900000002297,-0.0058491435276091016,-0.0060197943966485814,102624.36599999983,2
2019-03-13,102624.36599999983,74.16000000000281,8.652000000000001,65.508000000002824,0.00072263540220071057,0.00063832793861063101,102689.87399999984,1
2019-03-14,102689.87399999984,0,0,0,0,0,102689.87399999984,0
2019-03-15,102689.87399999984,0,0,0,0,0,102689.87399999984,0
2019-03-18,102689.87399999984,-1118.7000000000423,8.7010000000000005,-1127.4010000000424,-0.010893966039923705,-0.010978696886900886,101562.47299999979,1
2019-03-19,101562.47299999979,0,0,0,0,0,101562.47299999979,0
2019-03-20,101562.47299999979,-1758.8599999999972,25.683,-1784.5429999999972,-0.017318010757772714,-0.017570889594230348,99777.929999999804,3
2019-03-21,99777.929999999804,2929.8600000000438,8.3369999999999997,2921.5230000000429,0.029363808208889976,0.029280252657076056,102699.45299999983,1
2019-03-22,102699.45299999983,1859.130000000016,16.142000000000003,1842.9880000000157,0.018102628063656961,0.017945450985021497,104542.44099999985,2
2019-03-25,104542.44099999985,-381.78000000001447,6.3630000000000004,-388.14300000001452,-0.0036519139628661918,-0.0037127791955806266,104154.29799999982,1
2019-03-26,104154.29799999982,-549.37500000000807,12.516000000000002,-561.89100000000803,-0.00527462630490783,-0.0053947941735444181,103592.4069999998,2
2019-03-27,103592.4069999998,-1812.4699999999757,18.725000000000001,-1831.1949999999756,-0.017496166490271619,-0.017676922981430282,101761.21199999982,3
2019-03-28,101761.21199999982,0,0,0,0,0,101761.21199999982,0
2019-03-29,101761.21199999982,0,0,0,0,0,101761.21199999982,0
2019-04-01,101761.21199999982,156.95999999996877,6.867,150.09299999996875,0.0015424344592119151,0.0014749529516213801,101911.3049999998,1
2019-04-02,101911.3049999998,0,0,0,0,0,101911.3049999998,0
2019-04-03,101911.3049999998,0,0,0,0,0,101911.3049999998,0
2019-04-04,101911.3049999998,0,0,0,0,0,101911.3049999998,0
2019-04-05,101911.3049999998,0,0,0,0,0,101911.3049999998,0
2019-04-08,101911.3049999998,0,0,0,0,0,101911.3049999998,0
2019-04-09,101911.3049999998,0,0,0,0,0,101911.3049999998,0
2019-04-10,101911.3049999998,0,0,0,0,0,101911.3049999998,0
2019-04-11,101911.3049999998,0,0,0,0,0,101911.3049999998,0
2019-04-12,101911.3049999998,0,0,0,0,0,101911.3049999998,0
2019-04-15,101911.3049999998,-506.88000000001921,9.8559999999999999,-516.7360000000192,-0.0049737367213580491,-0.0050704482687177858,101394.56899999976,1
2019-04-16,101394.56899999976,0,0,0,0,0,101394.56899999976,0
2019-04-17,101394.56899999976,475.65999999996501,9.7929999999999993,465.866999999965,0.0046911782819449247,0.0045945951996695811,101860.43599999974,1
2019-04-18,101860.43599999974,-493.149999999952,9.8629999999999995,-503.012999999952,-0.0048414283245356744,-0.004938256891026397,101357.42299999978,1
2019-04-22,101357.42299999978,0,0,0,0,0,101357.42299999978,0
2019-04-23,101357.42299999978,1989.1300000000092,9.7370000000000001,1979.3930000000091,0.01962490699867156,0.019528841020356381,103336.8159999998,1
2019-04-24,103336.8159999998,0,0,0,0,0,103336.8159999998,0
2019-04-25,103336.8159999998,-1107.5999999999613,9.9399999999999995,-1117.5399999999613,-0.010718348434501441,-0.010814538740964918,102219.27599999982,1
2019-04-26,102219.27599999982,88.859999999990691,19.515999999999998,69.343999999990615,0.00086930766365426852,0.00067838476962007381,102288.61999999982,2
2019-04-29,102288.61999999982,-69.500000000015802,9.7300000000000004,-79.230000000015792,-0.00067944997204983238,-0.00077457296813678717,102209.3899999998,1
2019-04-30,102209.3899999998,-516.93000000000632,19.544,-536.4740000000063,-0.0050575588015935461,-0.0052487741096978215,101672.91599999978,2
2019-05-01,101672.91599999978,1816.9700000000032,9.7089999999999996,1807.2610000000036,0.017870737571842703,0.017775245081000798,103480.17699999978,1
2019-05-02,103480.17699999978,-1394.3699999999394,39.613,-1433.9829999999392,-0.013474754686590287,-0.013857562303937133,102046.19399999984,4
2019-05-03,102046.19399999984,527.73999999991463,19.460000000000001,508.27999999991471,0.0051715794515561787,0.004980881501566981,102554.47399999975,2
2019-05-06,102554.47399999975,0,0,0,0,0,102554.47399999975,0
2019-05-07,102554.47399999975,355.56,19.866,335.69400000000002,0.0034670354800903258,0.0032733237947278715,102890.16799999976,2
2019-05-08,102890.16799999976,-504.15999999997757,7.6720000000000006,-511.8319999999776,-0.0048999822801336929,-0.0049745472278748615,102378.33599999978,1
2019-05-09,102378.33599999978,-199.98000000000761,7.7770000000000001,-207.75700000000759,-0.0019533429416161642,-0.0020293062782345676,102170.57899999977,1
2019-05-10,102170.57899999977,-1188.3870000000184,15.379,-1203.7660000000183,-0.01163140124712439,-0.01178192403118339,100966.81299999976,2
2019-05-13,100966.81299999976,-1405.5800000000736,22.666,-1428.2460000000738,-0.013921207951766061,-0.014145697557078256,99538.566999999675,3
2019-05-14,99538.566999999675,634.13999999997782,5.6909999999999998,628.44899999997779,0.0063707969595340856,0.0063136231406664698,100167.01599999964,1
2019-05-15,100167.01599999964,-15.479999999986102,10.731000000000002,-26.2109999999861,-0.00015454189031633087,-0.00026167296428183701,100140.80499999967,2
2019-05-16,100140.80499999967,0,5.1589999999999998,-5.1589999999999998,0,-5.1517460839265438e-05,100135.64599999966,1
2019-05-17,100135.64599999966,0,0,0,0,0,100135.64599999966,0
2019-05-20,100135.64599999966,0,0,0,0,0,100135.64599999966,0
2019-05-21,100135.64599999966,0,0,0,0,0,100135.64599999966,0
2019-05-22,100135.64599999966,0,0,0,0,0,100135.64599999966,0
2019-05-23,100135.64599999966,-434.06000000000313,9.7860000000000014,-443.84600000000313,-0.0043347201255385581,-0.0044324475621798521,99691.799999999639,2
2019-05-24,99691.799999999639,0,0,0,0,0,99691.799999999639,0
2019-05-28,99691.799999999639,-313.6500000000317,4.8789999999999996,-318.52900000003171,-0.0031461965778532722,-0.0031951374135087626,99373.270999999644,1
2019-05-29,99373.270999999644,-1417.5399999999968,15.812999999999999,-1433.3529999999969,-0.014264801648725057,-0.014423928945641751,97939.917999999641,3
2019-05-30,97939.917999999641,43.980000000001667,5.1310000000000002,38.849000000001674,0.00044905081501091134,0.00039666155325964044,97978.766999999643,1
2019-05-31,97978.766999999643,0,0,0,0,0,97978.766999999643,0
2019-06-03,97978.766999999643,-733.5099999999901,10.122,-743.63199999999006,-0.0074864179501257936,-0.007589726047481214,97235.134999999646,2
2019-06-04,97235.134999999646,1394.9099999999589,12.620999999999999,1382.2889999999588,0.014345740354039351,0.014215941593539864,98617.423999999606,2
2019-06-05,98617.423999999606,0,0,0,0,0,98617.423999999606,0
2019-06-06,98617.423999999606,-141.19999999999197,4.9420000000000002,-146.14199999999198,-0.0014317956632084866,-0.0014819085114207867,98471.281999999599,1
2019-06-07,98471.281999999599,356,4.984,351.01600000000002,0.0036152672410622363,0.0035646534996873654,98822.297999999617,1
2019-06-10,98822.297999999617,-356.71999999998752,4.8020000000000005,-361.52199999998754,-0.0036097116462520322,-0.0036583039184131193,98460.775999999634,1
2019-06-11,98460.775999999634,0,0,0,0,0,98460.775999999634,0
2019-06-12,98460.775999999634,0,0,0,0,0,98460.775999999634,0
2019-06-13,98460.775999999634,0,0,0,0,0,98460.775999999634,0
2019-06-14,98460.775999999634,-101.00999999999648,5.4390000000000001,-106.44899999999646,-0.0010258907567415156,-0.0010811310282583682,98354.326999999641,1
2019-06-17,98354.326999999641,0,0,0,0,0,98354.326999999641,0
2019-06-18,98354.326999999641,-644.54500000001281,17.003,-661.54800000001296,-0.0065532958199186822,-0.0067261707764012801,97692.778999999602,3
2019-06-19,97692.778999999602,0,0,0,0,0,97692.778999999602,0
2019-06-20,97692.778999999602,0,0,0,0,0,97692.778999999602,0
2019-06-21,97692.778999999602,0,0,0,0,0,97692.778999999602,0
2019-06-24,97692.778999999602,0,0,0,0,0,97692.778999999602,0
2019-06-25,97692.778999999602,2959.4399999999646,9.0860000000000003,2950.3539999999643,0.030293334167512797,0.030200328316998499,100643.13299999957,1
2019-06-26,100643.13299999957,0,0,0,0,0,100643.13299999957,0
2019-06-27,100643.13299999957,-94.239999999981237,8.2460000000000004,-102.48599999998126,-0.00093637784507346017,-0.0010183109065174045,100540.64699999958,1
2019-06-28,100540.64699999958,0,0,0,0,0,100540.64699999958,0
2019-07-01,100540.64699999958,0,0,0,0,0,100540.64699999958,0
2019-07-02,100540.64699999958,0,0,0,0,0,100540.64699999958,0
2019-07-03,100540.64699999958,1265.6400000000026,8.3580000000000005,1257.2820000000024,0.0125883415092804,0.012505210952143641,101797.92899999957,1
2019-07-05,101797.92899999957,-506.10999999994112,8.2390000000000008,-514.34899999994116,-0.0049717121455382781,-0.0050526469944191434,101283.57999999962,1
2019-07-08,101283.57999999962,0,0,0,0,0,101283.57999999962,0
2019-07-09,101283.57999999962,0,0,0,0,0,101283.57999999962,0
2019-07-10,101283.57999999962,-1484.6400000000003,16.631999999999998,-1501.2720000000004,-0.014658249639280186,-0.014822461844259513,99782.307999999597,2
2019-07-11,99782.307999999597,0,0,0,0,0,99782.307999999597,0
2019-07-12,99782.307999999597,0,0,0,0,0,99782.307999999597,0
2019-07-15,99782.307999999597,0,0,0,0,0,99782.307999999597,0
2019-07-16,99782.307999999597,-173.15999999999394,18.634,-191.79399999999401,-0.0017353777785937227,-0.0019221243108547338,99590.513999999617,2
2019-07-17,99590.513999999617,1665,9.3239999999999998,1655.6759999999999,0.01671845975210055,0.016624836377488787,101246.18999999962,1
2019-07-18,101246.18999999962,-54.200000000027728,9.4849999999999994,-63.685000000027728,-0.00053532878619953924,-0.0006290113237844107,101182.5049999996,1
2019-07-19,101182.5049999996,1154.3000000000309,9.5060000000000002,1144.794000000031,0.011408098662906551,0.011314149615094384,102327.29899999964,1
2019-07-22,102327.29899999964,-480.55000000003122,9.6110000000000007,-490.16100000003121,-0.0046962052619021338,-0.0047901293671401704,101837.1379999996,1
2019-07-23,101837.1379999996,0,0,0,0,0,101837.1379999996,0
2019-07-24,101837.1379999996,662.97000000001231,9.4710000000000001,653.4990000000123,0.0065101004704198866,0.0064170990351281754,102490.63699999959,1
2019-07-25,102490.63699999959,49.94000000002768,19.054000000000002,30.886000000027821,0.00048726402198112867,0.00030135435688655095,102521.52299999964,2
2019-07-26,102521.52299999964,680,9.5199999999999996,670.48000000000002,0.0066327535926285685,0.0065398950423317687,103192.00299999963,1
2019-07-29,103192.00299999963,-527.83499999998753,9.5969999999999995,-537.43199999998751,-0.0051150766014299524,-0.0052080779941832255,102654.57099999966,1
2019-07-30,102654.57099999966,0,0,0,0,0,102654.57099999966,0
2019-07-31,102654.57099999966,-110.47999999997802,9.6669999999999998,-120.14699999997802,-0.0010762306921527965,-0.0011704008777161849,102534.42399999969,1
2019-08-01,102534.42399999969,1851.4900000000112,17.338999999999999,1834.1510000000112,0.01805725265497192,0.017888148471970903,104368.57499999971,2
2019-08-02,104368.57499999971,-914.80000000003417,17.485999999999997,-932.28600000003428,-0.008765090449879543,-0.0089326313020948785,103436.28899999968,2
2019-08-05,103436.28899999968,3909.7799999999752,8.5259999999999998,3901.2539999999753,0.037798919874242463,0.037716492323114831,107337.54299999964,1
2019-08-06,107337.54299999964,-290.08000000000362,5.4880000000000004,-295.56800000000362,-0.0027025027021533796,-0.0027536311316535781,107041.97499999964,1
2019-08-07,107041.97499999964,-1094.3999999999869,5.04,-1099.4399999999869,-0.010224026602648078,-0.010271110935686589,105942.53499999964,1
2019-08-08,105942.53499999964,1960.000000000008,4.9000000000000004,1955.1000000000081,0.018500595629508156,0.018454344140434384,107897.63499999965,1
2019-08-09,107897.63499999965,-661.87500000001614,4.375,-666.25000000001614,-0.0061342864465937395,-0.0061748341379309971,107231.38499999965,1
2019-08-12,107231.38499999965,162.49999999999432,4.375,158.12499999999432,0.0015154145402485929,0.0014746149180111293,107389.50999999965,1
2019-08-13,107389.50999999965,-165.77999999998883,4.298,-170.07799999998883,-0.0015437261982105084,-0.0015837487292752279,107219.43199999964,1
2019-08-14,107219.43199999964,1455.7600000000109,4.109,1451.6510000000108,0.013577389591095911,0.013539066314024269,108671.08299999963,1
2019-08-15,108671.08299999963,0,0,0,0,0,108671.08299999963,0
2019-08-16,108671.08299999963,501.11999999998932,3.6539999999999999,497.46599999998932,0.0046113463321239834,0.0045777219317855791,109168.54899999964,1
2019-08-19,109168.54899999964,0,0,0,0,0,109168.54899999964,0
2019-08-20,109168.54899999964,-118.5,3.3180000000000001,-121.818,-0.0010854774665915948,-0.0011158708356561596,109046.73099999964,1
2019-08-21,109046.73099999964,0,0,0,0,0,109046.73099999964,0
2019-08-22,109046.73099999964,-251.74999999998704,3.3250000000000002,-255.07499999998703,-0.0023086432549728419,-0.0023391347696611639,108791.65599999964,1
2019-08-23,108791.65599999964,1547.2199999999905,3.3740000000000001,1543.8459999999905,0.014221862750209405,0.014190849342342906,110335.50199999964,1
2019-08-26,110335.50199999964,0,0,0,0,0,110335.50199999964,0
2019-08-27,110335.50199999964,0,0,0,0,0,110335.50199999964,0
2019-08-28,110335.50199999964,-239.279999999956,7.1330000000000009,-246.41299999995601,-0.0021686582800879155,-0.0022333065562157575,110089.08899999969,2
2019-08-29,110089.08899999969,0,0,0,0,0,110089.08899999969,0
2019-08-30,110089.08899999969,0,0,0,0,0,110089.08899999969,0
2019-09-03,110089.08899999969,0,0,0,0,0,110089.08899999969,0
2019-09-04,110089.08899999969,0,0,0,0,0,110089.08899999969,0
2019-09-05,110089.08899999969,-221.6400000000275,9.4149999999999991,-231.05500000002746,-0.0020132785366225362,-0.0020988001817330701,109858.03399999964,2
2019-09-06,109858.03399999964,0,0,0,0,0,109858.03399999964,0
2019-09-09,109858.03399999964,0,0,0,0,0,109858.03399999964,0
2019-09-10,109858.03399999964,-225.55999999995518,9.8629999999999995,-235.42299999995518,-0.0020531953084100881,-0.002142974814203902,109622.61099999968,2
2019-09-11,109622.61099999968,-143.59999999999184,5.0259999999999998,-148.62599999999185,-0.0013099487294641454,-0.0013557969349953932,109473.98499999968,1
2019-09-12,109473.98499999968,0,0,0,0,0,109473.98499999968,0
2019-09-13,109473.98499999968,0,0,0,0,0,109473.98499999968,0
2019-09-16,109473.98499999968,0,0,0,0,0,109473.98499999968,0
2019-09-17,109473.98499999968,0,0,0,0,0,109473.98499999968,0
2019-09-18,109473.98499999968,-1875.4199999999887,8.6940000000000008,-1884.1139999999889,-0.017131193315014469,-0.017210609442964868,107589.87099999968,1
2019-09-19,107589.87099999968,-340.47999999996682,8.5120000000000005,-348.99199999996682,-0.0031646101704124901,-0.0032437254246728102,107240.87899999972,1
2019-09-20,107240.87899999972,459.68999999997777,9.7509999999999994,449.93899999997785,0.0042865183900626077,0.0041955922423946093,107690.81799999972,1
2019-09-23,107690.81799999972,-800.77000000001908,16.744,-817.514000000019,-0.0074358242872667301,-0.0075913064380291094,106873.3039999997,2
2019-09-24,106873.3039999997,2101.5600000000318,8.8620000000000001,2092.6980000000322,0.019664031346874406,0.019581110732761083,108966.00199999972,1
2019-09-25,108966.00199999972,-663.76499999993257,36.364999999999995,-700.12999999993235,-0.0060914871410986914,-0.0064252150868115195,108265.8719999998,4
2019-09-26,108265.8719999998,-11.490000000076407,20.481999999999999,-31.972000000076378,-0.00010612762625766713,-0.00029531004932077247,108233.89999999972,2
2019-09-27,108233.89999999972,804.65000000001669,10.241,794.4090000000167,0.0074343620621636916,0.0073397429086452465,109028.30899999972,1
2019-09-30,109028.30899999972,380.59999999998672,20.552,360.0479999999867,0.0034908364945840601,0.003302334992648447,109388.35699999973,2
2019-10-01,109388.35699999973,4169.5499999999502,10.241,4159.3089999999502,0.038116945115099964,0.038023324548150592,113547.66599999968,1
2019-10-02,113547.66599999968,1926.4499999999516,9.9890000000000008,1916.4609999999516,0.016966002630119735,0.016878030764630222,115464.12699999964,1
2019-10-03,115464.12699999964,-1667.9200000000294,24.752000000000002,-1692.6720000000294,-0.014445352364722202,-0.014659721975813618,113771.45499999959,3
2019-10-04,113771.45499999959,1958.5800000000145,7.3710000000000004,1951.2090000000144,0.017215038693141626,0.017150250913113674,115722.6639999996,1
2019-10-07,115722.6639999996,0,0,0,0,0,115722.6639999996,0
2019-10-08,115722.6639999996,-1048.1400000000574,13.103999999999999,-1061.2440000000574,-0.0090573442035525639,-0.0091705804491336376,114661.41999999952,2
2019-10-09,114661.41999999952,0,0,0,0,0,114661.41999999952,0
2019-10-10,114661.41999999952,-637.68999999998255,16.744,-654.43399999998257,-0.0055615044711637548,-0.0057075344086963626,114006.98599999955,3
2019-10-11,114006.98599999955,218.42000000002304,10.913,207.50700000002306,0.001915847507801179,0.0018201253035495901,114214.49299999957,2
2019-10-14,114214.49299999957,0,0,0,0,0,114214.49299999957,0
2019-10-15,114214.49299999957,384.30499999999648,5.327,378.97799999999648,0.0033647656256723738,0.0033181253100689938,114593.47099999955,1
2019-10-16,114593.47099999955,0,0,0,0,0,114593.47099999955,0
2019-10-17,114593.47099999955,0,0,0,0,0,114593.47099999955,0
2019-10-18,114593.47099999955,0,0,0,0,0,114593.47099999955,0
2019-10-21,114593.47099999955,0,0,0,0,0,114593.47099999955,0
2019-10-22,114593.47099999955,0,0,0,0,0,114593.47099999955,0
2019-10-23,114593.47099999955,0,0,0,0,0,114593.47099999955,0
2019-10-24,114593.47099999955,0,0,0,0,0,114593.47099999955,0
2019-10-25,114593.47099999955,276.11999999999034,7.4340000000000002,268.68599999999037,0.0024095613614844723,0.00234468855559835,114862.15699999956,1
2019-10-28,114862.15699999956,0,0,0,0,0,114862.15699999956,0
2019-10-29,114862.15699999956,0,0,0,0,0,114862.15699999956,0
2019-10-30,114862.15699999956,0,0,0,0,0,114862.15699999956,0
2019-10-31,114862.15699999956,-196.94999999999311,10.605,-207.55499999999316,-0.0017146639515048796,-0.0018069920104320692,114654.60199999956,1
2019-11-01,114654.60199999956,689.51999999996929,20.993000000000002,668.52699999996935,0.0060138885659379981,0.0058307908129145297,115323.12899999954,2
2019-11-04,115323.12899999954,0,0,0,0,0,115323.12899999954,0
2019-11-05,115323.12899999954,0,0,0,0,0,115323.12899999954,0
2019-11-06,115323.12899999954,0,0,0,0,0,115323.12899999954,0
2019-11-07,115323.12899999954,-104.43999999998982,10.444000000000001,-114.8839999999898,-0.00090562926019801496,-0.00099619218621782514,115208.24499999954,1
2019-11-08,115208.24499999954,-1170.0000000000443,10.5,-1180.5000000000443,-0.010155523157218904,-0.010246662467604199,114027.7449999995,1
2019-11-11,114027.7449999995,0,0,0,0,0,114027.7449999995,0
2019-11-12,114027.7449999995,-250.41000000002344,10.311,-260.72100000002342,-0.0021960444802273738,-0.0022864698411779044,113767.02399999948,1
2019-11-13,113767.02399999948,0,0,0,0,0,113767.02399999948,0
2019-11-14,113767.02399999948,0,0,0,0,0,113767.02399999948,0
2019-11-15,113767.02399999948,0,0,0,0,0,113767.02399999948,0
2019-11-18,113767.02399999948,0,0,0,0,0,113767.02399999948,0
2019-11-19,113767.02399999948,-701.28000000002658,10.227,-711.50700000002666,-0.0061641763609816304,-0.0062540705995792764,113055.51699999944,1
2019-11-20,113055.51699999944,-1453.1999999999998,20.356000000000002,-1473.5559999999998,-0.012853861877435022,-0.013033915010091964,111581.96099999946,2
2019-11-21,111581.96099999946,0,10.066000000000001,-10.066000000000001,0,-9.021171441860615e-05,111571.89499999948,1
2019-11-22,111571.89499999948,0,0,0,0,0,111571.89499999948,0
2019-11-25,111571.89499999948,913.28000000006159,9.9890000000000008,903.29100000006156,0.0081855739745216819,0.0080960442591753567,112475.18599999952,1
2019-11-26,112475.18599999952,-85.920000000003256,10.023999999999999,-95.944000000003257,-0.00076390182631041505,-0.00085302370604662672,112379.24199999952,1
2019-11-27,112379.24199999952,228.00000000003564,9.9749999999999996,218.02500000003559,0.0020288444373030797,0.0019400824931710833,112597.26699999956,1
2019-11-29,112597.26699999956,0,0,0,0,0,112597.26699999956,0
2019-12-02,112597.26699999956,1342.8499999999278,20.195,1322.6549999999279,0.011926133162716401,0.011746777122040921,113919.92199999948,2
2019-12-03,113919.92199999948,-725.20000000001346,10.359999999999999,-735.56000000001336,-0.0063658751451744914,-0.0064568162186769817,113184.36199999948,1
2019-12-04,113184.36199999948,-232.31999999995375,10.164,-242.48399999995377,-0.0020525803732493967,-0.0021423807645790756,112941.87799999952,1
2019-12-05,112941.87799999952,0,0,0,0,0,112941.87799999952,0
2019-12-06,112941.87799999952,-312.24000000003878,19.879999999999999,-332.12000000003883,-0.0027646078277540251,-0.0029406275677480789,112609.75799999948,2
2019-12-09,112609.75799999948,0,0,0,0,0,112609.75799999948,0
2019-12-10,112609.75799999948,0,0,0,0,0,112609.75799999948,0
2019-12-11,112609.75799999948,0,0,0,0,0,112609.75799999948,0
2019-12-12,112609.75799999948,182.33100000002673,37.799999999999997,144.53100000002661,0.0016191403235235402,0.0012834678145745352,112754.28899999952,4
2019-12-13,112754.28899999952,0,0,0,0,0,112754.28899999952,0
2019-12-16,112754.28899999952,-592.84999999996273,17.667999999999999,-610.51799999996274,-0.0052578931165976773,-0.0054145878211334852,112143.77099999956,2
2019-12-17,112143.77099999956,0,0,0,0,0,112143.77099999956,0
2019-12-18,112143.77099999956,0,0,0,0,0,112143.77099999956,0
2019-12-19,112143.77099999956,435.22000000004067,17.927,417.29300000004071,0.0038809110494424375,0.0037210537534005553,112561.06399999962,2
2019-12-20,112561.06399999962,0,0,0,0,0,112561.06399999962,0
2019-12-23,112561.06399999962,0,0,0,0,0,112561.06399999962,0
2019-12-24,112561.06399999962,0,0,0,0,0,112561.06399999962,0
2019-12-26,112561.06399999962,-529.99999999999363,19.515999999999998,-549.51599999999371,-0.0047085553491213929,-0.0048819367947694203,112011.54799999962,2
2019-12-27,112011.54799999962,0,0,0,0,0,112011.54799999962,0
2019-12-30,112011.54799999962,610.12999999991769,29.189999999999998,580.93999999991763,0.0054470276582546627,0.0051864295277833285,112592.48799999956,3
2019-12-31,112592.48799999956,0,0,0,0,0,112592.48799999956,0
2020-01-02,112592.48799999956,0,0,0,0,0,112592.48799999956,0
2020-01-03,112592.48799999956,0,0,0,0,0,112592.48799999956,0
2020-01-06,112592.48799999956,0,0,0,0,0,112592.48799999956,0
2020-01-07,112592.48799999956,0,0,0,0,0,112592.48799999956,0
2020-01-08,112592.48799999956,-10.669999999993934,19.404,-30.07399999999393,-9.4766535401491215e-05,-0.00026710485338945567,112562.41399999955,2
2020-01-09,112562.41399999955,0,0,0,0,0,112562.41399999955,0
2020-01-10,112562.41399999955,0,0,0,0,0,112562.41399999955,0
2020-01-13,112562.41399999955,123.74999999996561,19.25,104.49999999996561,0.0010993900681622384,0.00092837383533695382,112666.91399999952,2
2020-01-14,112666.91399999952,0,0,0,0,0,112666.91399999952,0
2020-01-15,112666.91399999952,-1282.4099999999971,19.088999999999999,-1301.4989999999971,-0.011382312290900259,-0.011551740913042161,111365.41499999951,2
2020-01-16,111365.41499999951,0,0,0,0,0,111365.41499999951,0
2020-01-17,111365.41499999951,0,0,0,0,0,111365.41499999951,0
2020-01-21,111365.41499999951,0,0,0,0,0,111365.41499999951,0
2020-01-22,111365.41499999951,0,0,0,0,0,111365.41499999951,0
2020-01-23,111365.41499999951,-499.50000000000608,9.4499999999999993,-508.95000000000618,-0.0044852344868468209,-0.004570090274435815,110856.46499999952,1
2020-01-24,110856.46499999952,3133.2599999999666,9.3729999999999993,3123.886999999967,0.028264116125297521,0.028179565350563728,113980.35199999948,1
2020-01-27,113980.35199999948,0,0,0,0,0,113980.35199999948,0
2020-01-28,113980.35199999948,635.99999999996385,7.4199999999999999,628.57999999996377,0.0055799090706437435,0.0055148101314862292,114608.93199999943,1
2020-01-29,114608.93199999943,0,0,0,0,0,114608.93199999943,0
2020-01-30,114608.93199999943,0,0,0,0,0,114608.93199999943,0
2020-01-31,114608.93199999943,4220.8799999999737,7.2240000000000002,4213.6559999999736,0.036828543171486795,0.036765511435007475,118822.58799999942,1
2020-02-03,118822.58799999942,-1061.2999999999743,18.228000000000002,-1079.5279999999743,-0.0089318034379118165,-0.0090852086137021316,117743.05999999944,3
2020-02-04,117743.05999999944,46.694999999957531,5.9430000000000005,40.751999999957533,0.00039658388358479685,0.00034610957112850407,117783.81199999939,1
2020-02-05,117783.81199999939,0,0,0,0,0,117783.81199999939,0
2020-02-06,117783.81199999939,0,0,0,0,0,117783.81199999939,0
2020-02-07,117783.81199999939,0,0,0,0,0,117783.81199999939,0
2020-02-10,117783.81199999939,474.82000000001801,10.094000000000001,464.72600000001808,0.0040312840273841744,0.0039455846445182168,118248.53799999942,2
2020-02-11,118248.53799999942,0,0,0,0,0,118248.53799999942,0
2020-02-12,118248.53799999942,0,0,0,0,0,118248.53799999942,0
2020-02-13,118248.53799999942,0,0,0,0,0,118248.53799999942,0
2020-02-14,118248.53799999942,0,0,0,0,0,118248.53799999942,0
2020-02-18,118248.53799999942,-610.5999999999824,6.0200000000000005,-616.61999999998238,-0.0051637002057478747,-0.0052146099260862357,117631.91799999944,1
2020-02-19,117631.91799999944,-233.16999999993521,12.089,-245.25899999993521,-0.0019822001032061411,-0.0020849698293615888,117386.6589999995,2
2020-02-20,117386.6589999995,-783.30000000002974,12.173,-795.47300000002974,-0.0066728196089134205,-0.0067765196384031437,116591.18599999948,2
2020-02-21,116591.18599999948,109.76999999999612,11.9,97.869999999996139,0.00094149483992723613,0.00083942880553592261,116689.05599999947,2
2020-02-24,116689.05599999947,-283.4999999999809,7.3499999999999996,-290.84999999998092,-0.002429533751648331,-0.0024925216637281069,116398.2059999995,1
2020-02-25,116398.2059999995,4929.6000000000213,4.3680000000000003,4925.2320000000209,0.042351168195840089,0.04231364184427415,121323.43799999951,1
2020-02-26,121323.43799999951,-486.69999999999584,8.2250000000000014,-494.92499999999586,-0.0040115909013392599,-0.0040793848918128902,120828.51299999953,2
2020-02-27,120828.51299999953,1085.5500000000075,8.8829999999999991,1076.6670000000076,0.0089842204712062609,0.0089107030556604787,121905.17999999951,2
2020-02-28,121905.17999999951,-1080.5399999999963,3.6539999999999999,-1084.1939999999963,-0.0088637742875241291,-0.0088937484034722781,120820.98599999952,1
2020-03-02,120820.98599999952,4895.4499999999834,3.4790000000000001,4891.9709999999841,0.040518209311749889,0.04048941464523393,125712.95699999951,1
2020-03-03,125712.95699999951,-2609.1899999999873,8.0150000000000006,-2617.2049999999876,-0.020755139822222123,-0.020818896177901516,123095.75199999954,3
2020-03-04,123095.75199999954,1445.4000000000133,2.5550000000000002,1442.8450000000134,0.011742078638099701,0.011721322438486901,124538.59699999956,1
2020-03-05,124538.59699999956,-241.24000000000296,2.282,-243.52200000000292,-0.0019370701598638038,-0.0019553937965111636,124295.07499999956,1
2020-03-06,124295.07499999956,0,0,0,0,0,124295.07499999956,0
2020-03-09,124295.07499999956,0,0,0,0,0,124295.07499999956,0
2020-03-10,124295.07499999956,0,0,0,0,0,124295.07499999956,0
2020-03-11,124295.07499999956,370.16999999998819,3.4649999999999999,366.7049999999881,0.0029781550073483564,0.0029502777966060956,124661.77999999956,2
2020-03-12,124661.77999999956,-562.96999999999798,3.6539999999999999,-566.6239999999982,-0.0045159791557604903,-0.0045452904651289289,124095.15599999957,2
2020-03-13,124095.15599999957,0,0,0,0,0,124095.15599999957,0
2020-03-16,124095.15599999957,0,0,0,0,0,124095.15599999957,0
2020-03-17,124095.15599999957,58.099999999999,2.3239999999999998,55.77599999999893,0.00046818910481887947,0.00044946154062612342,124150.93199999956,2
2020-03-18,124150.93199999956,-1854.1800000000017,2.359,-1856.5390000000016,-0.014934885869402963,-0.01495388693497692,122294.39299999956,2
2020-03-19,122294.39299999956,0,0,0,0,0,122294.39299999956,0
2020-03-20,122294.39299999956,702.53000000000486,2.282,700.24800000000482,0.005744580620306995,0.0057259207296609859,122994.64099999957,2
2020-03-23,122994.64099999957,-538.82999999999538,2.4710000000000001,-541.30099999999538,-0.0043809225801959718,-0.0044010128864069558,122453.33999999956,2
2020-03-24,122453.33999999956,33.670000000003711,3.444,30.226000000003609,0.00027496187527431944,0.000246836876805514,122483.56599999958,3
2020-03-25,122483.56599999958,-586.07999999999902,1.008,-587.08799999999906,-0.0047849684585440713,-0.0047931981340255973,121896.47799999958,1
2020-03-26,121896.47799999958,1138.8399999999974,0.99399999999999999,1137.8459999999973,0.009342681746719551,0.0093345272863421137,123034.32399999956,1
2020-03-27,123034.32399999956,0,0,0,0,0,123034.32399999956,0
2020-03-30,123034.32399999956,0,0,0,0,0,123034.32399999956,0
2020-03-31,123034.32399999956,0,0,0,0,0,123034.32399999956,0
2020-04-01,123034.32399999956,0,0,0,0,0,123034.32399999956,0
2020-04-02,123034.32399999956,-558.43000000000302,2.2330000000000001,-560.66300000000319,-0.0045388147132015373,-0.0045569641200288568,122473.66099999956,2
2020-04-03,122473.66099999956,-40.709999999998189,1.2390000000000001,-41.948999999998193,-0.00033239800025246517,-0.00034251446112971463,122431.71199999956,1
2020-04-06,122431.71199999956,-115.1400000000101,1.4139999999999999,-116.55400000001008,-0.00094044261996442972,-0.00095199191529732503,122315.15799999956,1
2020-04-07,122315.15799999956,0,0,0,0,0,122315.15799999956,0
2020-04-08,122315.15799999956,311.59999999999627,1.4350000000000001,310.16499999999633,0.0025475174548684914,0.0025357854665894919,122625.32299999955,1
2020-04-09,122625.32299999955,-291.05999999999415,1.3859999999999999,-292.44599999999411,-0.0023735717295521024,-0.002384874452073779,122332.87699999956,1
2020-04-13,122332.87699999956,146.51000000001602,3.0800000000000001,143.43000000001601,0.0011976338952611779,0.0011724566896274052,122476.30699999958,2
2020-04-14,122476.30699999958,37.399999999991003,1.54,35.85999999999099,0.00030536518381462247,0.00029279132330460545,122512.16699999956,1
2020-04-15,122512.16699999956,0,0,0,0,0,122512.16699999956,0
2020-04-16,122512.16699999956,0,0,0,0,0,122512.16699999956,0
2020-04-17,122512.16699999956,0,0,0,0,0,122512.16699999956,0
2020-04-20,122512.16699999956,0,0,0,0,0,122512.16699999956,0
2020-04-21,122512.16699999956,-471.24000000000626,4.2839999999999998,-475.52400000000631,-0.0038464751015301847,-0.0038814430569986407,122036.64299999956,2
2020-04-22,122036.64299999956,0,0,0,0,0,122036.64299999956,0
2020-04-23,122036.64299999956,174.94499999998686,2.2469999999999999,172.69799999998685,0.0014335448411178231,0.001415132338571354,122209.34099999956,1
2020-04-24,122209.34099999956,0,0,0,0,0,122209.34099999956,0
2020-04-27,122209.34099999956,-166.25999999999704,2.282,-168.54199999999702,-0.0013604524714685895,-0.0013791253485279625,122040.79899999956,1
2020-04-28,122040.79899999956,0,0,0,0,0,122040.79899999956,0
2020-04-29,122040.79899999956,-571.20000000001392,5.7119999999999997,-576.9120000000139,-0.0046804020022846293,-0.0047272060223074739,121463.88699999957,2
2020-04-30,121463.88699999957,-510.50999999999902,3.0030000000000001,-513.51299999999901,-0.0042029776307092896,-0.0042277010285369909,120950.37399999956,1
2020-05-01,120950.37399999956,-234.9000000000089,3.0449999999999999,-237.94500000000889,-0.0019421188395829991,-0.001967294454170185,120712.42899999954,1
2020-05-04,120712.42899999954,0,0,0,0,0,120712.42899999954,0
2020-05-05,120712.42899999954,-636.47499999998536,9.0579999999999998,-645.53299999998535,-0.005272655063547663,-0.0053476929041001058,120066.89599999956,3
2020-05-06,120066.89599999956,0,0,0,0,0,120066.89599999956,0
2020-05-07,120066.89599999956,-232.95999999999185,3.1360000000000001,-236.09599999999188,-0.0019402517076812973,-0.0019663704806693158,119830.79999999957,1
2020-05-08,119830.79999999957,0,0,0,0,0,119830.79999999957,0
2020-05-11,119830.79999999957,0,0,0,0,0,119830.79999999957,0
2020-05-12,119830.79999999957,1364.4599999999855,12.229000000000001,1352.2309999999854,0.01138655504261,0.011284502815636633,121183.03099999954,3
2020-05-13,121183.03099999954,781.43000000000256,8.0779999999999994,773.35200000000214,0.0064483450657378391,0.006381685567841632,121956.38299999954,2
2020-05-14,121956.38299999954,-1805.5399999999984,3.9620000000000002,-1809.5019999999984,-0.014804801155836224,-0.014837288180316115,120146.88099999954,1
2020-05-15,120146.88099999954,0,0,0,0,0,120146.88099999954,0
2020-05-18,120146.88099999954,-168.18000000000126,7.6229999999999993,-175.80300000000125,-0.0013997866494761682,-0.0014632339894033698,119971.07799999956,2
2020-05-19,119971.07799999956,0,0,0,0,0,119971.07799999956,0
2020-05-20,119971.07799999956,476.15999999997439,3.5840000000000001,472.57599999997439,0.0039689565846859872,0.003939082717919532,120443.65399999951,1
2020-05-21,120443.65399999951,-156.62999999997248,7.0630000000000006,-163.69299999997253,-0.0013004421137868592,-0.0013590836425468559,120279.96099999956,2
2020-05-22,120279.96099999956,-74.359999999997399,4.0039999999999996,-78.36399999999739,-0.00061822434411994587,-0.00065151334726486719,120201.59699999956,1
2020-05-26,120201.59699999956,0,0,0,0,0,120201.59699999956,0
2020-05-27,120201.59699999956,-864.90000000000634,3.9060000000000001,-868.80600000000629,-0.0071954118879136815,-0.007227907296439743,119332.79099999958,1
2020-05-28,119332.79099999958,0,0,0,0,0,119332.79099999958,0
2020-05-29,119332.79099999958,-142.999999999995,3.8500000000000001,-146.84999999999502,-0.0011983294683855631,-0.0012305921848420988,119185.94099999958,1
2020-06-01,119185.94099999958,0,0,0,0,0,119185.94099999958,0
2020-06-02,119185.94099999958,0,0,0,0,0,119185.94099999958,0
2020-06-03,119185.94099999958,-162.76000000002989,4.3819999999999997,-167.1420000000299,-0.0013655973064812272,-0.0014023633878095612,119018.79899999956,1
2020-06-04,119018.79899999956,0,0,0,0,0,119018.79899999956,0
2020-06-05,119018.79899999956,132.42999999999842,4.8789999999999996,127.5509999999984,0.0011126813672518985,0.0010716878431952491,119146.34999999955,1
2020-06-08,119146.34999999955,787.49999999999432,4.375,783.12499999999432,0.006609518461958736,0.0065727989149478539,119929.47499999955,1
2020-06-09,119929.47499999955,-553.5200000000068,5.2359999999999998,-558.75600000000691,-0.0046153791634626004,-0.0046590381555494092,119370.71899999956,1
2020-06-10,119370.71899999956,-2289.5100000000075,10.738,-2300.2480000000073,-0.019179829184073321,-0.019269784242482577,117070.47099999954,2
2020-06-11,117070.47099999954,6293.0000000000036,5.4249999999999998,6287.5750000000044,0.053753947910571136,0.053707608300303404,123358.04599999957,1
2020-06-12,123358.04599999957,0,0,0,0,0,123358.04599999957,0
2020-06-15,123358.04599999957,-785.15000000000839,2.8700000000000001,-788.02000000000828,-0.0063648057460314435,-0.0063880713545025761,122570.02599999956,1
2020-06-16,122570.02599999956,0,0,0,0,0,122570.02599999956,0
2020-06-17,122570.02599999956,-642.39000000000544,2.7930000000000001,-645.18300000000534,-0.0052410040281790247,-0.0052637910022145839,121924.84299999954,1
2020-06-18,121924.84299999954,0,0,0,0,0,121924.84299999954,0
2020-06-19,121924.84299999954,-510.72000000001185,5.5860000000000003,-516.30600000001186,-0.0041888099868212566,-0.004234625096052113,121408.53699999952,2
2020-06-22,121408.53699999952,0,0,0,0,0,121408.53699999952,0
2020-06-23,121408.53699999952,0,0,0,0,0,121408.53699999952,0
2020-06-24,121408.53699999952,1443.600000000009,2.8069999999999999,1440.7930000000092,0.011890432383680026,0.011867312098489539,122849.32999999954,1
2020-06-25,122849.32999999954,0,0,0,0,0,122849.32999999954,0
2020-06-26,122849.32999999954,2061.3600000000083,2.863,2058.497000000008,0.016779578692045095,0.016756273721639472,124907.82699999954,1
2020-06-29,124907.82699999954,0,0,0,0,0,124907.82699999954,0
2020-06-30,124907.82699999954,152.07499999999641,2.7650000000000001,149.30999999999642,0.0012174977633707211,0.0011953614404003441,125057.13699999952,1
2020-07-01,125057.13699999952,-259.07999999998094,2.6670000000000003,-261.74699999998097,-0.0020716930373992325,-0.0020930192892548148,124795.38999999956,1
2020-07-02,124795.38999999956,-845.25000000001569,4.0250000000000004,-849.27500000001578,-0.0067730867302070903,-0.0068053395241604578,123946.11499999954,1
2020-07-06,123946.11499999954,0,0,0,0,0,123946.11499999954,0
2020-07-07,123946.11499999954,0,0,0,0,0,123946.11499999954,0
2020-07-08,123946.11499999954,-299.87999999999465,4.1159999999999997,-303.99599999999464,-0.0024194384793746523,-0.0024526464585033244,123642.11899999954,1
2020-07-09,123642.11899999954,-1708.1249999999841,8.2110000000000003,-1716.3359999999843,-0.013815073809920635,-0.013881483218513836,121925.78299999956,2
2020-07-10,121925.78299999956,-350.62000000001854,7.9870000000000001,-358.6070000000185,-0.002875683808403509,-0.0029411908718274937,121567.17599999956,2
2020-07-13,121567.17599999956,-535.81000000002564,7.8959999999999999,-543.70600000002571,-0.0044075219778077889,-0.0044724737210316348,121023.46999999956,2
2020-07-14,121023.46999999956,835.88999999997327,3.927,831.96299999997336,0.0069068421191358694,0.0068743938675694585,121855.43299999952,1
2020-07-15,121855.43299999952,0,0,0,0,0,121855.43299999952,0
2020-07-16,121855.43299999952,0,0,0,0,0,121855.43299999952,0
2020-07-17,121855.43299999952,0,0,0,0,0,121855.43299999952,0
2020-07-20,121855.43299999952,864.63999999999214,12.019000000000002,852.62099999999236,0.0070956212514545454,0.0069969879800106712,122708.05399999952,2
2020-07-21,122708.05399999952,0,0,0,0,0,122708.05399999952,0
2020-07-22,122708.05399999952,-423.4499999999893,6.5869999999999997,-430.03699999998929,-0.0034508737299345561,-0.0035045539879557616,122278.01699999954,1
2020-07-23,122278.01699999954,1902.8399999999829,6.5940000000000003,1896.2459999999828,0.015561587002183639,0.015507660710591913,124174.26299999953,1
2020-07-24,124174.26299999953,0,0,0,0,0,124174.26299999953,0
2020-07-27,124174.26299999953,-41.039999999962674,6.3840000000000003,-47.423999999962682,-0.00033050327023050524,-0.00038191489004418621,124126.83899999956,1
2020-07-28,124126.83899999956,0,0,0,0,0,124126.83899999956,0
2020-07-29,124126.83899999956,2156.040000000045,6.6779999999999999,2149.3620000000456,0.017369652021832705,0.017315852214685443,126276.20099999959,1
2020-07-30,126276.20099999959,-1176.7600000000086,6.6429999999999998,-1183.4030000000089,-0.0093189373031582756,-0.0093715442072890096,125092.79799999956,1
2020-07-31,125092.79799999956,-218.9599999999632,13.327999999999999,-232.28799999996318,-0.0017503805454888296,-0.0018569254482577325,124860.50999999962,2
2020-08-03,124860.50999999962,0,0,0,0,0,124860.50999999962,0
2020-08-04,124860.50999999962,-41.839999999961947,7.3220000000000001,-49.161999999961949,-0.00033509393802701973,-0.00039373537718180151,124811.34799999966,1
2020-08-05,124811.34799999966,0,0,0,0,0,124811.34799999966,0
2020-08-06,124811.34799999966,682.28999999999508,7.5810000000000004,674.70899999999517,0.0054665702352641602,0.0054058305659834471,125486.05699999964,1
2020-08-07,125486.05699999964,0,0,0,0,0,125486.05699999964,0
2020-08-10,125486.05699999964,-1279.4800000000275,7.7210000000000001,-1287.2010000000275,-0.010196192553886933,-0.010257721302056939,124198.85599999962,1
2020-08-11,124198.85599999962,0,0,0,0,0,124198.85599999962,0
2020-08-12,124198.85599999962,1175.0800000000254,7.0910000000000002,1167.9890000000255,0.0094612787737757345,0.0094041848501408825,125366.84499999964,1
2020-08-13,125366.84499999964,0,0,0,0,0,125366.84499999964,0
2020-08-14,125366.84499999964,0,0,0,0,0,125366.84499999964,0
2020-08-17,125366.84499999964,0,0,0,0,0,125366.84499999964,0
2020-08-18,125366.84499999964,-1000.8000000000144,8.7569999999999997,-1009.5570000000145,-0.007982971893406245,-0.0080528228974735497,124357.28799999964,1
2020-08-19,124357.28799999964,0,0,0,0,0,124357.28799999964,0
2020-08-20,124357.28799999964,-568.65000000001521,9.3659999999999997,-578.0160000000152,-0.004572711492389709,-0.0046480267404996551,123779.27199999962,1
2020-08-21,123779.27199999962,0,9.6319999999999997,-9.6319999999999997,0,-7.7815936742623831e-05,123769.63999999961,1
2020-08-24,123769.63999999961,0,0,0,0,0,123769.63999999961,0
2020-08-25,123769.63999999961,0,0,0,0,0,123769.63999999961,0
2020-08-26,123769.63999999961,2708.1599999999794,9.1140000000000008,2699.0459999999798,0.021880648598476882,0.021807011800308931,126468.68599999958,1
2020-08-27,126468.68599999958,-1394.0739999999873,17.584000000000003,-1411.6579999999872,-0.011023076494998865,-0.01116211486533506,125057.0279999996,2
2020-08-28,125057.0279999996,0,0,0,0,0,125057.0279999996,0
2020-08-31,125057.0279999996,-800.15000000004193,8.6170000000000009,-808.76700000004189,-0.0063982809506719163,-0.0064671855147560714,124248.26099999956,1
2020-09-01,124248.26099999956,1965.9999999999852,18.998000000000001,1947.0019999999845,0.015823159086306989,0.015670255537821906,126195.26299999956,2
2020-09-02,126195.26299999956,2951.5199999999768,9.9329999999999998,2941.5869999999773,0.023388516572131451,0.023309805218282936,129136.84999999954,1
2020-09-03,129136.84999999954,9771.0400000000045,9.6880000000000006,9761.3520000000044,0.075664227522973027,0.075589206334210873,138898.20199999955,1
2020-09-04,138898.20199999955,-212.34000000000606,9.8490000000000002,-222.18900000000622,-0.0015287454908884043,-0.0015996535361919727,138676.01299999957,2
2020-09-08,138676.01299999957,-724.88000000001421,4.8789999999999996,-729.75900000001411,-0.0052271476827071492,-0.0052623304074945997,137946.25399999955,1
2020-09-09,137946.25399999955,705.15999999998292,4.0460000000000003,701.11399999998287,0.005111845951249863,0.0050825156875951493,138647.36799999955,1
2020-09-10,138647.36799999955,2040,3.8079999999999998,2036.192,0.014713586196602063,0.014686120835701739,140683.55999999953,1
2020-09-11,140683.55999999953,-593.38500000000977,3.7589999999999999,-597.14400000000978,-0.0042178702330251793,-0.0042445897729628951,140086.4159999995,1
2020-09-14,140086.4159999995,-78.749999999988063,3.6749999999999998,-82.424999999988074,-0.00056215300704094207,-0.00058838681403619011,140003.99099999951,1
2020-09-15,140003.99099999951,0,0,0,0,0,140003.99099999951,0
2020-09-16,140003.99099999951,0,0,0,0,0,140003.99099999951,0
2020-09-17,140003.99099999951,0,0,0,0,0,140003.99099999951,0
2020-09-18,140003.99099999951,1203.51,7.476,1196.0340000000001,0.0085962549453322667,0.0085428564675703016,141200.0249999995,2
2020-09-21,141200.0249999995,-651.36000000000377,3.8639999999999999,-655.2240000000038,-0.0046130303447184662,-0.0046403957789667967,140544.80099999948,1
2020-09-22,140544.80099999948,0,0,0,0,0,140544.80099999948,0
2020-09-23,140544.80099999948,1499.420000000001,7.4830000000000005,1491.9370000000008,0.010668626582636852,0.010615383773605444,142036.73799999946,2
2020-09-24,142036.73799999946,-910.79999999998745,3.8639999999999999,-914.6639999999876,-0.006412425495155985,-0.0064396297245293754,141122.07399999947,1
2020-09-25,141122.07399999947,1447.6799999999955,4.3680000000000003,1443.3119999999958,0.01025835263730606,0.010227400711245225,142565.38599999945,1
2020-09-28,142565.38599999945,0,0,0,0,0,142565.38599999945,0
2020-09-29,142565.38599999945,-314.66999999999439,4.319,-318.98899999999435,-0.0022071977555617574,-0.002237492626716527,142246.39699999944,1
2020-09-30,142246.39699999944,-769.08000000001653,4.641,-773.7210000000166,-0.0054066747293431937,-0.0054393012147788853,141472.67599999942,1
2020-10-01,141472.67599999942,0,0,0,0,0,141472.67599999942,0
2020-10-02,141472.67599999942,0,0,0,0,0,141472.67599999942,0
2020-10-05,141472.67599999942,935.31999999998254,9.7720000000000002,925.54799999998261,0.0066113119963885202,0.0065422385874710281,142398.22399999941,2
2020-10-06,142398.22399999941,1087.3000000000163,4.585,1082.7150000000163,0.0076356289387430904,0.0076034305034592339,143480.9389999994,1
2020-10-07,143480.9389999994,-464.20000000000584,8.7850000000000001,-472.98500000000581,-0.003235272944512914,-0.003296500589531323,143007.95399999942,2
2020-10-08,143007.95399999942,0,0,0,0,0,143007.95399999942,0
2020-10-09,143007.95399999942,0,0,0,0,0,143007.95399999942,0
2020-10-12,143007.95399999942,452.97999999998689,4.4660000000000002,448.51399999998688,0.0031675161229143154,0.0031362870907165677,143456.46799999938,1
2020-10-13,143456.46799999938,-645.98300000002746,4.4030000000000005,-650.38600000002748,-0.0045029897153192862,-0.0045336819529115287,142806.08199999935,1
2020-10-14,142806.08199999935,-260.83500000002061,10.556000000000001,-271.3910000000206,-0.001826497837816332,-0.0019004162581816495,142534.69099999935,2
2020-10-15,142534.69099999935,0,0,0,0,0,142534.69099999935,0
2020-10-16,142534.69099999935,-616.23000000002685,5.1660000000000004,-621.39600000002679,-0.0043233685475210356,-0.0043596123557038445,141913.29499999931,1
2020-10-19,141913.29499999931,2159.1200000000072,5.516,2153.6040000000075,0.015214360289499428,0.015175491485840124,144066.89899999931,1
2020-10-20,144066.89899999931,-720.91999999997165,10.311,-731.23099999997169,-0.0050040641188506124,-0.0050756350353593381,143335.66799999934,2
2020-10-21,143335.66799999934,-941.06999999998641,5.1870000000000003,-946.25699999998642,-0.0065654977098930515,-0.0066016854925460061,142389.41099999935,1
2020-10-22,142389.41099999935,0,0,0,0,0,142389.41099999935,0
2020-10-23,142389.41099999935,0,0,0,0,0,142389.41099999935,0
2020-10-26,142389.41099999935,-8.5000000000405862,5.9500000000000002,-14.450000000040584,-5.9695450246933212e-05,-0.00010148226541958692,142374.96099999931,1
2020-10-27,142374.96099999931,0,0,0,0,0,142374.96099999931,0
2020-10-28,142374.96099999931,1727.7199999999957,6.4329999999999998,1721.2869999999955,0.012134998934257858,0.012089815427587747,144096.24799999929,1
2020-10-29,144096.24799999929,1544.7900000000254,4.8929999999999998,1539.8970000000254,0.010720542841615369,0.010686586371076317,145636.14499999932,1
2020-10-30,145636.14499999932,-1652.7099999999891,9.8840000000000003,-1662.5939999999891,-0.011348213041480855,-0.011416080808785463,143973.55099999931,2
2020-11-02,143973.55099999931,220.68999999997231,5.327,215.36299999997232,0.0015328509887206532,0.0014958511372687707,144188.91399999929,1
2020-11-03,144188.91399999929,-567.42000000004157,14.728,-582.14800000004163,-0.0039352539960183369,-0.0040373977710938614,143606.76599999928,3
2020-11-04,143606.76599999928,1024.649999999986,4.3470000000000004,1020.302999999986,0.0071351094975566206,0.0071048393360518347,144627.06899999926,1
2020-11-05,144627.06899999926,-242.96999999999628,3.8220000000000001,-246.79199999999628,-0.001679975966324793,-0.001706402554559116,144380.27699999927,1
2020-11-06,144380.27699999927,-641.0800000000047,3.6190000000000002,-644.69900000000462,-0.0044402186595057435,-0.0044652844100029525,143735.57799999928,1
2020-11-09,143735.57799999928,0,0,0,0,0,143735.57799999928,0
2020-11-10,143735.57799999928,0,0,0,0,0,143735.57799999928,0
2020-11-11,143735.57799999928,0,0,0,0,0,143735.57799999928,0
2020-11-12,143735.57799999928,-1130.3699999999787,7.2869999999999999,-1137.6569999999788,-0.0078642324727701343,-0.0079149297329849985,142597.9209999993,2
2020-11-13,142597.9209999993,0,0,0,0,0,142597.9209999993,0
2020-11-16,142597.9209999993,0,0,0,0,0,142597.9209999993,0
2020-11-17,142597.9209999993,0,0,0,0,0,142597.9209999993,0
2020-11-18,142597.9209999993,0,0,0,0,0,142597.9209999993,0
2020-11-19,142597.9209999993,0,0,0,0,0,142597.9209999993,0
2020-11-20,142597.9209999993,0,0,0,0,0,142597.9209999993,0
2020-11-23,142597.9209999993,0,0,0,0,0,142597.9209999993,0
2020-11-24,142597.9209999993,681.69000000000506,5.1310000000000002,676.55900000000497,0.0047805044787434759,0.0047445221869679872,143274.47999999931,1
2020-11-25,143274.47999999931,71.010000000025101,11.045999999999999,59.964000000025131,0.00049562210939467684,0.00041852533682219903,143334.44399999935,2
2020-11-27,143334.44399999935,0,0,0,0,0,143334.44399999935,0
2020-11-30,143334.44399999935,-435.34000000000401,12.313000000000001,-447.65300000000411,-0.0030372322789350339,-0.0031231362644418264,142886.79099999936,2
2020-12-01,142886.79099999936,-1073.5049999999819,18.613,-1092.1179999999817,-0.0075129757795455478,-0.0076432397449529583,141794.67299999937,3
2020-12-02,141794.67299999937,0,0,0,0,0,141794.67299999937,0
2020-12-03,141794.67299999937,-25.829999999976508,6.0270000000000001,-31.856999999976509,-0.0001821648123549509,-0.00022466993523781144,141762.81599999938,1
2020-12-04,141762.81599999938,1573.1999999999812,6.4400000000000004,1566.7599999999811,0.011097409351687737,0.011051981360189599,143329.57599999936,1
2020-12-07,143329.57599999936,0,0,0,0,0,143329.57599999936,0
2020-12-08,143329.57599999936,-506.57200000001922,14.42,-520.99200000001917,-0.0035343159042068293,-0.003634923192684401,142808.58399999936,2
2020-12-09,142808.58399999936,1510.8800000000169,7.4480000000000004,1503.4320000000171,0.01057975618608489,0.010527602458407009,144312.01599999939,1
2020-12-10,144312.01599999939,0,0,0,0,0,144312.01599999939,0
2020-12-11,144312.01599999939,0,0,0,0,0,144312.01599999939,0
2020-12-14,144312.01599999939,-1891.849999999992,8.4350000000000005,-1900.2849999999919,-0.013109441974672434,-0.013167891715960783,142411.73099999939,1
2020-12-15,142411.73099999939,-629.63999999995758,8.1620000000000008,-637.80199999995762,-0.0044212649869410005,-0.004478577681216166,141773.92899999942,1
2020-12-16,141773.92899999942,0,0,0,0,0,141773.92899999942,0
2020-12-17,141773.92899999942,0,0,0,0,0,141773.92899999942,0
2020-12-18,141773.92899999942,257.66999999997489,8.5890000000000004,249.08099999997489,0.0018174709681635186,0.0017568886025580621,142023.0099999994,1
2020-12-21,142023.0099999994,-2293.0799999999972,8.2740000000000009,-2301.3539999999971,-0.016145834396834757,-0.01620409256218416,139721.65599999941,1
2020-12-22,139721.65599999941,0,0,0,0,0,139721.65599999941,0
2020-12-23,139721.65599999941,0,0,0,0,0,139721.65599999941,0
2020-12-24,139721.65599999941,0,0,0,0,0,139721.65599999941,0
2020-12-28,139721.65599999941,0,0,0,0,0,139721.65599999941,0
2020-12-29,139721.65599999941,0,0,0,0,0,139721.65599999941,0
2020-12-30,139721.65599999941,0,0,0,0,0,139721.65599999941,0
2020-12-31,139721.65599999941,0,0,0,0,0,139721.65599999941,0
2021-01-04,139721.65599999941,4773.5999999999549,9.282,4764.3179999999556,0.034165068870927032,0.034098636792566903,144485.97399999935,1
2021-01-05,144485.97399999935,-1412.1800000000001,23.618000000000002,-1435.7980000000002,-0.0097738206754934328,-0.00993728290885873,143050.17599999937,3
2021-01-06,143050.17599999937,1071.6200000000306,15.631,1055.9890000000305,0.0074912176270236488,0.0073819482752683586,144106.1649999994,2
2021-01-07,144106.1649999994,1479.1699999999971,8.7010000000000005,1470.4689999999971,0.010264446354533155,0.010204067258330018,145576.63399999938,1
2021-01-08,145576.63399999938,0,0,0,0,0,145576.63399999938,0
2021-01-11,145576.63399999938,0,0,0,0,0,145576.63399999938,0
2021-01-12,145576.63399999938,0,0,0,0,0,145576.63399999938,0
2021-01-13,145576.63399999938,0,0,0,0,0,145576.63399999938,0
2021-01-14,145576.63399999938,0,0,0,0,0,145576.63399999938,0
2021-01-15,145576.63399999938,-2180.0999999999872,7.8259999999999996,-2187.9259999999872,-0.014975617584343903,-0.015029376211569754,143388.7079999994,1
2021-01-19,143388.7079999994,0,0,0,0,0,143388.7079999994,0
2021-01-20,143388.7079999994,685.41000000001623,7.1610000000000005,678.24900000001617,0.0047800835195475717,0.0047301423484478224,144066.95699999941,1
2021-01-21,144066.95699999941,0,0,0,0,0,144066.95699999941,0
2021-01-22,144066.95699999941,0,0,0,0,0,144066.95699999941,0
2021-01-25,144066.95699999941,-2129.2599999999829,6.5659999999999998,-2135.8259999999827,-0.014779655545858385,-0.014825231576176009,141931.13099999944,1
2021-01-26,141931.13099999944,0,0,0,0,0,141931.13099999944,0
2021-01-27,141931.13099999944,1328.4800000000218,22.82,1305.6600000000221,0.0093600325075971318,0.0091992503040085501,143236.79099999947,3
2021-01-28,143236.79099999947,116.25000000002645,5.4249999999999998,110.82500000002642,0.000811593161145497,0.00077371881362538219,143347.61599999951,1
2021-01-29,143347.61599999951,-8.3599999999923966,5.8520000000000003,-14.211999999992395,-5.831977003365319e-05,-9.9143609057247544e-05,143333.40399999951,1
2021-02-01,143333.40399999951,-36.750000000008363,5.1450000000000005,-41.895000000008352,-0.0002563952224284612,-0.00029229055356843752,143291.5089999995,1
2021-02-02,143291.5089999995,331.5,4.641,326.85900000000004,0.0023134657616035097,0.0022810772409410608,143618.36799999949,1
2021-02-03,143618.36799999949,0,0,0,0,0,143618.36799999949,0
2021-02-04,143618.36799999949,547.02999999996177,13.083,533.94699999996169,0.0038089139127382627,0.0037178183225140366,144152.31499999948,3
2021-02-05,144152.31499999948,0,0,0,0,0,144152.31499999948,0
2021-02-08,144152.31499999948,0,0,0,0,0,144152.31499999948,0
2021-02-09,144152.31499999948,0,0,0,0,0,144152.31499999948,0
2021-02-10,144152.31499999948,-385.1999999999781,4.4939999999999998,-389.69399999997808,-0.0026721735270084251,-0.0027033488848235247,143762.62099999949,1
2021-02-11,143762.62099999949,0,0,0,0,0,143762.62099999949,0
2021-02-12,143762.62099999949,0,0,0,0,0,143762.62099999949,0
2021-02-16,143762.62099999949,0,0,0,0,0,143762.62099999949,0
2021-02-17,143762.62099999949,0,0,0,0,0,143762.62099999949,0
2021-02-18,143762.62099999949,-645.99999999999227,5.9500000000000002,-651.94999999999231,-0.0044935185203669493,-0.0045349061909492772,143110.67099999948,1
2021-02-19,143110.67099999948,0,0,0,0,0,143110.67099999948,0
2021-02-22,143110.67099999948,0,0,0,0,0,143110.67099999948,0
2021-02-23,143110.67099999948,-7002.9899999998852,26.145,-7029.1349999998856,-0.048934086822917007,-0.049116777602139193,136081.53599999961,3
2021-02-24,136081.53599999961,4651.3199999999906,9.8070000000000004,4641.5129999999899,0.034180390203708486,0.034108323115929581,140723.04899999959,1
2021-02-25,140723.04899999959,9299.5999999999967,9.3800000000000008,9290.2199999999957,0.066084412369433687,0.06601775662208699,150013.26899999959,1
2021-02-26,150013.26899999959,-395.24000000002411,6.7480000000000002,-401.98800000002416,-0.0026347002677478163,-0.0026796829552459471,149611.28099999955,1
2021-03-01,149611.28099999955,2786.4300000000067,6.657,2779.7730000000065,0.018624464554915583,0.018579969247105203,152391.05399999957,1
2021-03-02,152391.05399999957,-323.79000000000514,5.2709999999999999,-329.06100000000509,-0.002124731022596681,-0.0021593196671505798,152061.99299999955,1
2021-03-03,152061.99299999955,-431.30999999999494,15.603,-446.9129999999949,-0.0028364089638098864,-0.0029390184304633978,151615.07999999955,3
2021-03-04,151615.07999999955,389.33999999997377,5.0469999999999997,384.29299999997374,0.0025679503648316179,0.0025346621193615758,151999.37299999953,1
2021-03-05,151999.37299999953,-303.84000000000498,9.7789999999999999,-313.61900000000492,-0.0019989556141129998,-0.0020632914058139299,151685.75399999949,2
2021-03-08,151685.75399999949,-2412.7000000000207,8.6660000000000004,-2421.3660000000209,-0.01590591032035895,-0.015963041591895499,149264.38799999945,2
2021-03-09,149264.38799999945,1023.1200000000042,4.2629999999999999,1018.8570000000044,0.0068544145975395548,0.0068258545367164743,150283.24499999947,1
2021-03-10,150283.24499999947,0,0,0,0,0,150283.24499999947,0
2021-03-11,150283.24499999947,345.87000000000774,3.9689999999999999,341.90100000000768,0.002301454164101986,0.0022750440343499963,150625.14599999948,1
2021-03-12,150625.14599999948,0,0,0,0,0,150625.14599999948,0
2021-03-15,150625.14599999948,0,0,0,0,0,150625.14599999948,0
2021-03-16,150625.14599999948,0,0,0,0,0,150625.14599999948,0
2021-03-17,150625.14599999948,0,0,0,0,0,150625.14599999948,0
2021-03-18,150625.14599999948,0,0,0,0,0,150625.14599999948,0
2021-03-19,150625.14599999948,-200.26000000000147,4.5220000000000002,-204.78200000000143,-0.0013295256822522992,-0.0013595472299160602,150420.36399999948,1
2021-03-22,150420.36399999948,209.71400000002916,10.443999999999999,199.27000000002914,0.0013941862286680139,0.0013247541403372076,150619.6339999995,2
2021-03-23,150619.6339999995,-52.919999999994843,5.2919999999999998,-58.211999999994845,-0.00035134861634303946,-0.00038648347797734685,150561.4219999995,1
2021-03-24,150561.4219999995,0,0,0,0,0,150561.4219999995,0
2021-03-25,150561.4219999995,186.7799999999749,5.9430000000000005,180.83699999997489,0.0012405568273656151,0.0012010845646767039,150742.25899999947,1
2021-03-26,150742.25899999947,1372.7950000000483,20.265000000000001,1352.5300000000484,0.0091069021328654305,0.0089724673689549339,152094.78899999952,3
2021-03-29,152094.78899999952,-473.82000000002643,6.258,-480.07800000002646,-0.0031152941078081767,-0.0031564395016848864,151614.71099999952,1
2021-03-30,151614.71099999952,0,0,0,0,0,151614.71099999952,0
2021-03-31,151614.71099999952,9.5899999999912779,6.7130000000000001,2.876999999991277,6.3252437291466448e-05,1.897573118739966e-05,151617.58799999952,1
2021-04-01,151617.58799999952,752.25,7.0209999999999999,745.22900000000004,0.0049614956280665959,0.0049151883355379742,152362.81699999952,1
2021-04-05,152362.81699999952,1907.4000000000192,6.5449999999999999,1900.8550000000191,0.012518802405707852,0.012475845730786306,154263.67199999955,1
2021-04-06,154263.67199999955,-121.65999999998814,6.0830000000000002,-127.74299999998814,-0.00078864970879202528,-0.0008280821942316303,154135.92899999957,1
2021-04-07,154135.92899999957,0,0,0,0,0,154135.92899999957,0
2021-04-08,154135.92899999957,0,0,0,0,0,154135.92899999957,0
2021-04-09,154135.92899999957,148.27999999997695,21.497,126.78299999997694,0.00096200802085526324,0.00082254021383928783,154262.71199999953,3
2021-04-12,154262.71199999953,0,0,0,0,0,154262.71199999953,0
2021-04-13,154262.71199999953,96.299999999973238,7.4900000000000002,88.809999999973229,0.00062425973685704115,0.00057570620176814662,154351.5219999995,1
2021-04-14,154351.5219999995,-1024.3200000000274,16.841999999999999,-1041.1620000000275,-0.0066362805285459427,-0.0067453950988577288,153310.35999999949,2
2021-04-15,153310.35999999949,479.30999999998318,8.6029999999999998,470.70699999998328,0.0031264031993662057,0.0030702882701468112,153781.06699999949,1
2021-04-16,153781.06699999949,0,0,0,0,0,153781.06699999949,0
2021-04-19,153781.06699999949,-864.31199999995999,19.551000000000002,-883.86299999996004,-0.0056204057941668653,-0.0057475410805932501,152897.2039999995,2
2021-04-20,152897.2039999995,110.83999999997332,9.1280000000000001,101.71199999997332,0.00072493150365243882,0.00066523126217516478,152998.91599999947,1
2021-04-21,152998.91599999947,3113.951999999937,8.3580000000000005,3105.5939999999368,0.020352771649702065,0.020298143811685224,156104.5099999994,1
2021-04-22,156104.5099999994,1727.6799999999548,16.393999999999998,1711.285999999955,0.011067457307927627,0.010962437920595387,157815.79599999936,2
2021-04-23,157815.79599999936,2797.200000000043,7.7699999999999996,2789.4300000000426,0.017724461498138337,0.017675226882865731,160605.22599999938,1
2021-04-26,160605.22599999938,0,0,0,0,0,160605.22599999938,0
2021-04-27,160605.22599999938,-652.85999999995602,8.463000000000001,-661.32299999995598,-0.0040649984826767625,-0.0041176929074522054,159943.90299999944,1
2021-04-28,159943.90299999944,0,0,0,0,0,159943.90299999944,0
2021-04-29,159943.90299999944,0,0,0,0,0,159943.90299999944,0
2021-04-30,159943.90299999944,0,0,0,0,0,159943.90299999944,0
2021-05-03,159943.90299999944,0,0,0,0,0,159943.90299999944,0
2021-05-04,159943.90299999944,-2077.0879999999192,16.261000000000003,-2093.3489999999192,-0.012986353096559902,-0.013088019991608723,157850.55399999951,2
2021-05-05,157850.55399999951,0,0,0,0,0,157850.55399999951,0
2021-05-06,157850.55399999951,-999.16999999992242,17.059000000000001,-1016.2289999999225,-0.0063298479142488507,-0.0064379184883945713,156834.3249999996,2
2021-05-07,156834.3249999996,308.33999999997923,15.988,292.35199999997911,0.0019660237004876326,0.0018640817308327106,157126.67699999959,2
2021-05-10,157126.67699999959,1741.1399999999689,7.9660000000000002,1733.1739999999691,0.011081122780951917,0.011030424833588084,158859.85099999956,1
2021-05-11,158859.85099999956,-248.15999999996663,7.8959999999999999,-256.05599999996667,-0.0015621316426890474,-0.0016118358313200695,158603.79499999958,1
2021-05-12,158603.79499999958,4462.9199999999773,7.8890000000000002,4455.0309999999781,0.028138797057157359,0.028089056759329056,163058.82599999954,1
2021-05-13,163058.82599999954,-551.30000000007306,25.759999999999998,-577.06000000007316,-0.0033809884047618166,-0.0035389682003479825,162481.76599999942,4
2021-05-14,162481.76599999942,1607.4000000000101,6.2510000000000003,1601.1490000000099,0.0098928023714366566,0.0098543303622144005,164082.91499999943,1
2021-05-17,164082.91499999943,-16.199999999985266,5.6699999999999999,-21.869999999985268,-9.8730571674603189e-05,-0.00013328627176074575,164061.04499999946,1
2021-05-18,164061.04499999946,0,0,0,0,0,164061.04499999946,0
2021-05-19,164061.04499999946,0,0,0,0,0,164061.04499999946,0
2021-05-20,164061.04499999946,1791.540000000022,5.649,1785.8910000000219,0.010919959701585638,0.010885527396220278,165846.93599999949,1
2021-05-21,165846.93599999949,-829.24999999999477,5.4249999999999998,-834.67499999999472,-0.0050000923743324221,-0.0050328032590243165,165012.2609999995,1
2021-05-24,165012.2609999995,138.59000000000526,10.786999999999999,127.80300000000528,0.00083987698344431311,0.00077450608352070077,165140.06399999952,2
2021-05-25,165140.06399999952,0,0,0,0,0,165140.06399999952,0
2021-05-26,165140.06399999952,0,0,0,0,0,165140.06399999952,0
2021-05-27,165140.06399999952,0,0,0,0,0,165140.06399999952,0
2021-05-28,165140.06399999952,0,0,0,0,0,165140.06399999952,0
2021-06-01,165140.06399999952,0,0,0,0,0,165140.06399999952,0
2021-06-02,165140.06399999952,0,0,0,0,0,165140.06399999952,0
2021-06-03,165140.06399999952,0,0,0,0,0,165140.06399999952,0
2021-06-04,165140.06399999952,7.5660000000349896,17.108000000000001,-9.5419999999650145,4.5815653795768251e-05,-5.7781254099338624e-05,165130.52199999956,2
2021-06-07,165130.52199999956,-255.78000000000969,9.9469999999999992,-265.7270000000097,-0.0015489565278550405,-0.001609193726160512,164864.79499999955,1
2021-06-08,164864.79499999955,0,0,0,0,0,164864.79499999955,0
2021-06-09,164864.79499999955,0,0,0,0,0,164864.79499999955,0
2021-06-10,164864.79499999955,-854.70000000001767,10.878,-865.5780000000176,-0.0051842480985708319,-0.0052502294380071864,163999.21699999951,1
2021-06-11,163999.21699999951,0,0,0,0,0,163999.21699999951,0
2021-06-14,163999.21699999951,-123.91999999997536,10.843,-134.76299999997536,-0.00075561336369048477,-0.0008217295330134153,163864.45399999953,1
2021-06-15,163864.45399999953,-971.41999999999302,21.581,-993.00099999999304,-0.0059281923338907645,-0.0060598926476146918,162871.45299999954,2
2021-06-16,162871.45299999954,669.0300000000035,10.766,658.26400000000342,0.0041077180050699573,0.0040416167957929693,163529.71699999954,1
2021-06-17,163529.71699999954,-2962.1000000000531,10.913,-2973.0130000000527,-0.018113527341333695,-0.018180261389433339,160556.70399999947,1
2021-06-18,160556.70399999947,-2261.4100000000421,21.545999999999999,-2282.956000000042,-0.014084805826607212,-0.014219001406506511,158273.74799999944,2
2021-06-21,158273.74799999944,3700.7700000000032,9.2189999999999994,3691.5510000000031,0.023382083553110881,0.02332383636988249,161965.29899999945,1
2021-06-22,161965.29899999945,1360.28000000001,7.6790000000000003,1352.6010000000099,0.0083985891323549167,0.0083511777420916221,163317.89999999944,1
2021-06-23,163317.89999999944,0,0,0,0,0,163317.89999999944,0
2021-06-24,163317.89999999944,0,0,0,0,0,163317.89999999944,0
2021-06-25,163317.89999999944,0,0,0,0,0,163317.89999999944,0
2021-06-28,163317.89999999944,0,0,0,0,0,163317.89999999944,0
2021-06-29,163317.89999999944,0,0,0,0,0,163317.89999999944,0
2021-06-30,163317.89999999944,0,0,0,0,0,163317.89999999944,0
2021-07-01,163317.89999999944,338.40000000001282,7.8959999999999999,330.50400000001287,0.0020720325206239733,0.002023685095142749,163648.40399999946,1
2021-07-02,163648.40399999946,507.37999999997743,7.7210000000000001,499.65899999997742,0.0031004274261054151,0.0030532470087516351,164148.06299999941,1
2021-07-06,164148.06299999941,1525.1600000000167,15.092000000000001,1510.068000000017,0.0092913676355719302,0.0091994262521393408,165658.13099999944,2
2021-07-07,165658.13099999944,0,0,0,0,0,165658.13099999944,0
2021-07-08,165658.13099999944,0,0,0,0,0,165658.13099999944,0
2021-07-09,165658.13099999944,1828.7600000000048,7.3360000000000003,1821.424000000005,0.011039361539096508,0.010995077567306437,167479.55499999944,1
2021-07-12,167479.55499999944,-84.040000000003147,19.515999999999998,-103.55600000000314,-0.00050179259193758557,-0.00061832024810433417,167375.99899999946,2
2021-07-13,167375.99899999946,0,0,0,0,0,167375.99899999946,0
2021-07-14,167375.99899999946,0,0,0,0,0,167375.99899999946,0
2021-07-15,167375.99899999946,-955.11699999995596,10.801,-965.91799999995578,-0.0057064155297436589,-0.005770946884684219,166410.08099999951,1
2021-07-16,166410.08099999951,3254.1800000000071,21.482999999999997,3232.6970000000074,0.01955518548182196,0.019426088735573759,169642.7779999995,2
2021-07-19,169642.7779999995,-1235.8700000000608,10.423,-1246.2930000000606,-0.0072851318197587195,-0.0073465726905277652,168396.48499999943,1
2021-07-20,168396.48499999943,3337.9199999999946,8.1129999999999995,3329.8069999999943,0.019821791410907452,0.019773613445672609,171726.29199999943,1
2021-07-21,171726.29199999943,-585.79999999998392,7.0700000000000003,-592.86999999998386,-0.0034112423507053065,-0.0034524125170069231,171133.42199999944,1
2021-07-22,171133.42199999944,0,0,0,0,0,171133.42199999944,0
2021-07-23,171133.42199999944,-409.09999999996023,13.594000000000001,-422.69399999996011,-0.0023905324583526504,-0.0024699675554899002,170710.72799999951,2
2021-07-26,170710.72799999951,0,0,0,0,0,170710.72799999951,0
2021-07-27,170710.72799999951,248.99400000002299,6.6779999999999999,242.316000000023,0.0014585726563126349,0.0014194538494383534,170953.04399999953,1
2021-07-28,170953.04399999953,0,0,0,0,0,170953.04399999953,0
2021-07-29,170953.04399999953,-333.54000000003123,6.867,-340.40700000003119,-0.0019510620705884135,-0.0019912309955711122,170612.63699999949,1
2021-07-30,170612.63699999949,0,0,0,0,0,170612.63699999949,0
2021-08-02,170612.63699999949,0,0,0,0,0,170612.63699999949,0
2021-08-03,170612.63699999949,645.11999999999534,7.1680000000000001,637.95199999999545,0.0037811970516580039,0.0037391837510840262,171250.58899999948,1
2021-08-04,171250.58899999948,0,0,0,0,0,171250.58899999948,0
2021-08-05,171250.58899999948,0,0,0,0,0,171250.58899999948,0
2021-08-06,171250.58899999948,0,0,0,0,0,171250.58899999948,0
2021-08-09,171250.58899999948,0,0,0,0,0,171250.58899999948,0
2021-08-10,171250.58899999948,0,0,0,0,0,171250.58899999948,0
2021-08-11,171250.58899999948,0,0,0,0,0,171250.58899999948,0
2021-08-12,171250.58899999948,323.18999999996851,10.773,312.41699999996848,0.001887234384927981,0.0018243265720970421,171563.00599999947,1
2021-08-13,171563.00599999947,0,0,0,0,0,171563.00599999947,0
2021-08-16,171563.00599999947,-804.95999999997184,10.836,-815.79599999997185,-0.0046919205880548301,-0.0047550810575094169,170747.2099999995,1
2021-08-17,170747.2099999995,-2043.7500000001498,21.462,-2065.2120000001501,-0.011969448871229907,-0.012095143457981867,168681.99799999932,2
2021-08-18,168681.99799999932,3506.7600000000243,10.696,3496.0640000000244,0.02078917751495947,0.020725768258922559,172178.06199999934,1
2021-08-19,172178.06199999934,-2528.7000000000103,20.978999999999999,-2549.6790000000101,-0.014686540030866535,-0.014808384821987484,169628.38299999933,2
2021-08-20,169628.38299999933,2328.6399999999721,10.724,2317.915999999972,0.01372789128102448,0.013664670729072393,171946.2989999993,1
2021-08-23,171946.2989999993,1538.6599999999903,10.066000000000001,1528.5939999999905,0.0089484915287417529,0.0088899499953761542,173474.89299999928,1
2021-08-24,173474.89299999928,0,0,0,0,0,173474.89299999928,0
2021-08-25,173474.89299999928,0,0,0,0,0,173474.89299999928,0
2021-08-26,173474.89299999928,1876.5499999999681,21.699999999999999,1854.8499999999683,0.010817415520757668,0.010692325372986257,175329.74299999926,2
2021-08-27,175329.74299999926,3158.3499999999667,10.282999999999999,3148.0669999999664,0.018013771913188627,0.017955122423238705,178477.80999999924,1
2021-08-30,178477.80999999924,165.36000000000627,9.6460000000000008,155.71400000000625,0.00092650173150380418,0.00087245579716608418,178633.52399999925,1
2021-08-31,178633.52399999925,-471.61499999995959,9.5690000000000008,-481.18399999995961,-0.0026401259373910217,-0.0026936937100337428,178152.33999999927,1
2021-09-01,178152.33999999927,0,0,0,0,0,178152.33999999927,0
2021-09-02,178152.33999999927,0,0,0,0,0,178152.33999999927,0
2021-09-03,178152.33999999927,0,0,0,0,0,178152.33999999927,0
2021-09-07,178152.33999999927,-162.12000000000614,9.4570000000000007,-171.57700000000614,-0.00091000769341568458,-0.00096309147553159751,177980.76299999928,1
2021-09-08,177980.76299999928,-2019.2400000000223,9.9540000000000006,-2029.1940000000227,-0.011345271061682269,-0.011401198454239861,175951.56899999923,1
2021-09-09,175951.56899999923,-2039.2400000000034,21.791,-2061.0310000000031,-0.011589780140011212,-0.011713626719634492,173890.53799999919,2
2021-09-10,173890.53799999919,266.09299999997393,21.658000000000001,244.4349999999738,0.0015302327720670757,0.0014056831545369935,174134.97299999918,2
2021-09-13,174134.97299999918,0,0,0,0,0,174134.97299999918,0
2021-09-14,174134.97299999918,149.61999999994669,32.746000000000002,116.87399999994659,0.00085921855571165131,0.00067116902473087436,174251.84699999911,3
2021-09-15,174251.84699999911,2842.8399999999888,10.933999999999999,2831.905999999989,0.016314547300035238,0.016251799041188949,177083.75299999909,1
2021-09-16,177083.75299999909,-85.840000000010662,21.832999999999998,-107.67300000001066,-0.00048474238062941381,-0.0006080343237361319,176976.07999999911,2
2021-09-17,176976.07999999911,3540.8999999999528,11.164999999999999,3529.7349999999528,0.020007788623185519,0.019944701001400701,180505.81499999907,1
2021-09-20,180505.81499999907,-1949.2800000000143,11.004,-1960.2840000000144,-0.010798987279163412,-0.010859949304126433,178545.53099999906,1
2021-09-21,178545.53099999906,0,0,0,0,0,178545.53099999906,0
2021-09-22,178545.53099999906,-1446.3520000000249,17.773,-1464.1250000000248,-0.0081007460220330722,-0.0082002892584302906,177081.40599999903,2
2021-09-23,177081.40599999903,795.07999999997219,7.7839999999999998,787.29599999997208,0.0044899123965617066,0.0044459552122597017,177868.701999999,1
2021-09-24,177868.701999999,0,0,0,0,0,177868.701999999,0
2021-09-27,177868.701999999,0,0,0,0,0,177868.701999999,0
2021-09-28,177868.701999999,2555.52000000003,14.154,2541.36600000003,0.014367451784744257,0.01428787623356044,180410.06799999904,2
2021-09-29,180410.06799999904,-632.90999999996643,6.069,-638.97899999996639,-0.0035081744994407398,-0.0035418145288874333,179771.08899999908,1
2021-09-30,179771.08899999908,-1887.8799999999685,6.1040000000000001,-1893.9839999999681,-0.010501577369873852,-0.010535531661600926,177877.10499999911,1
2021-10-01,177877.10499999911,33.279999999969732,5.8239999999999998,27.45599999996973,0.00018709546683914099,0.00015435376014226153,177904.56099999906,1
2021-10-04,177904.56099999906,701.31999999998925,5.516,695.80399999998917,0.0039421136594693209,0.0039111082711364153,178600.36499999903,1
2021-10-05,178600.36499999903,943.64000000000681,5.327,938.31300000000681,0.0052835278360154076,0.005253701469199192,179538.67799999905,1
2021-10-06,179538.67799999905,0,0,0,0,0,179538.67799999905,0
2021-10-07,179538.67799999905,145.79999999999171,5.1029999999999998,140.6969999999917,0.0008120812831204677,0.00078365843821124963,179679.37499999904,1
2021-10-08,179679.37499999904,0,0,0,0,0,179679.37499999904,0
2021-10-11,179679.37499999904,220.58999999998517,5.7190000000000003,214.87099999998517,0.00122768681714296,0.0011958578996614738,179894.24599999902,1
2021-10-12,179894.24599999902,0,0,0,0,0,179894.24599999902,0
2021-10-13,179894.24599999902,0,0,0,0,0,179894.24599999902,0
2021-10-14,179894.24599999902,1167.3250000000401,6.1669999999999998,1161.1580000000399,0.0064889512919720982,0.0064546700398635665,181055.40399999905,1
2021-10-15,181055.40399999905,0,0,0,0,0,181055.40399999905,0
2021-10-18,181055.40399999905,0,0,0,0,0,181055.40399999905,0
2021-10-19,181055.40399999905,0,0,0,0,0,181055.40399999905,0
2021-10-20,181055.40399999905,0,0,0,0,0,181055.40399999905,0
2021-10-21,181055.40399999905,0,0,0,0,0,181055.40399999905,0
2021-10-22,181055.40399999905,0,0,0,0,0,181055.40399999905,0
2021-10-25,181055.40399999905,0,0,0,0,0,181055.40399999905,0
2021-10-26,181055.40399999905,0,0,0,0,0,181055.40399999905,0
2021-10-27,181055.40399999905,0,0,0,0,0,181055.40399999905,0
2021-10-28,181055.40399999905,2026.6399999999519,9.2119999999999997,2017.4279999999519,0.011193479759377756,0.011142600305926039,183072.83199999901,1
2021-10-29,183072.83199999901,0,0,0,0,0,183072.83199999901,0
2021-11-01,183072.83199999901,0,0,0,0,0,183072.83199999901,0
2021-11-02,183072.83199999901,-1266.5999999999167,53.914000000000001,-1320.5139999999167,-0.0069185579649520225,-0.0072130527810916473,181752.31799999907,5
2021-11-03,181752.31799999907,1053.6299999999965,10.689,1042.9409999999966,0.005797064992590641,0.0057382541883179835,182795.25899999903,1
2021-11-04,182795.25899999903,123.87200000001212,10.976000000000001,112.89600000001212,0.00067765433675723926,0.00061760901577875566,182908.15499999907,1
2021-11-05,182908.15499999907,-466.50000000001768,10.885,-477.38500000001767,-0.0025504603662970635,-0.002609971108177326,182430.76999999903,1
2021-11-08,182430.76999999903,0,0,0,0,0,182430.76999999903,0
2021-11-09,182430.76999999903,-78.050000000017747,10.927,-88.977000000017739,-0.00042783352830237008,-0.00048773022226468818,182341.79299999904,1
2021-11-10,182341.79299999904,879.76000000000363,10.997,868.76300000000356,0.0048247852866073783,0.0047644754705247856,183210.55599999905,1
2021-11-11,183210.55599999905,0,0,0,0,0,183210.55599999905,0
2021-11-12,183210.55599999905,392.25,10.983000000000001,381.26700000000005,0.0021409792566755926,0.0020810318374886762,183591.82299999901,1
2021-11-15,183591.82299999901,0,0,0,0,0,183591.82299999901,0
2021-11-16,183591.82299999901,434.97999999995739,21.888999999999999,413.09099999995726,0.0023692776338952726,0.0022500511910051651,184004.91399999891,2
2021-11-17,184004.91399999891,-644.9300000000394,11.010999999999999,-655.94100000003937,-0.003504960742516057,-0.0035648015356809616,183348.97299999889,1
2021-11-18,183348.97299999889,-612.30000000006783,10.99,-623.29000000006783,-0.0033395332953409644,-0.0033994736365393855,182725.68299999883,1
2021-11-19,182725.68299999883,0,0,0,0,0,182725.68299999883,0
2021-11-22,182725.68299999883,-1497.6799999999544,10.808,-1508.4879999999544,-0.0081963300145385908,-0.0082554787878393876,181217.19499999887,1
2021-11-23,181217.19499999887,-4468.0800000000672,32.319000000000003,-4500.3990000000676,-0.02465593841688199,-0.024834282420054542,176716.79599999881,3
2021-11-24,176716.79599999881,0,0,0,0,0,176716.79599999881,0
2021-11-26,176716.79599999881,367.92000000001394,21.532,346.38800000001396,0.0020819752752874515,0.0019601306035449866,177063.18399999884,2
2021-11-29,177063.18399999884,-1125.280000000022,7.5739999999999998,-1132.8540000000221,-0.0063552454811838773,-0.0063980211719226144,175930.32999999882,1
2021-11-30,175930.32999999882,1924.5600000000177,6.8040000000000003,1917.7560000000176,0.010939330358784813,0.010900655958526483,177848.08599999885,1
2021-12-01,177848.08599999885,1995.8600000000115,11.669,1984.1910000000123,0.011222274272887167,0.011156662096436761,179832.27699999887,2
2021-12-02,179832.27699999887,2080.7899999999927,5.8029999999999999,2074.9869999999928,0.011570725982633282,0.011538457025709605,181907.26399999889,1
2021-12-03,181907.26399999889,1681.4200000000135,5.2780000000000005,1676.1420000000139,0.0092432812358720518,0.0092142664517235774,183583.40599999888,1
2021-12-06,183583.40599999888,130.05000000001218,10.702999999999999,119.3470000000122,0.0007083973591818694,0.00065009688293947941,183702.75299999889,2
2021-12-07,183702.75299999889,219.48000000000161,4.9560000000000004,214.52400000000159,0.0011947561831041418,0.0011677778176792098,183917.2769999989,1
2021-12-08,183917.2769999989,0,0,0,0,0,183917.2769999989,0
2021-12-09,183917.2769999989,0,0,0,0,0,183917.2769999989,0
2021-12-10,183917.2769999989,0,0,0,0,0,183917.2769999989,0
2021-12-13,183917.2769999989,-261.59000000004158,12.817,-274.40700000004176,-0.0014223242333021445,-0.0014920131728572918,183642.86999999889,3
2021-12-14,183642.86999999889,0,0,0,0,0,183642.86999999889,0
2021-12-15,183642.86999999889,653.22799999998824,8.3650000000000002,644.86299999998823,0.0035570561492531249,0.0035115057829361528,184287.73299999884,2
2021-12-16,184287.73299999884,-295.35999999998967,3.976,-299.33599999998967,-0.0016027111256504062,-0.0016242860831110855,183988.39699999883,1
2021-12-17,183988.39699999883,-2054,4.4240000000000004,-2058.424,-0.011163747461748978,-0.011187792456281974,181929.97299999883,1
2021-12-20,181929.97299999883,-288.41999999998723,4.3890000000000002,-292.80899999998718,-0.0015853352542408671,-0.0016094599211532289,181637.16399999883,1
2021-12-21,181637.16399999883,1243.4100000000162,4.5570000000000004,1238.8530000000164,0.0068455704362353088,0.0068204819581967509,182876.01699999889,1
2021-12-22,182876.01699999889,589.93999999999858,8.7989999999999995,581.1409999999986,0.0032259014040097022,0.0031777868390473647,183457.15799999889,2
2021-12-23,183457.15799999889,70.999999999972232,13.496,57.503999999972223,0.00038701133700093983,0.00031344647778732391,183514.66199999879,3
2021-12-27,183514.66199999879,2621.4300000000057,4.5990000000000002,2616.8310000000056,0.01428458070560064,0.014259520037696077,186131.49299999879,1
2021-12-28,186131.49299999879,0,0,0,0,0,186131.49299999879,0
2021-12-29,186131.49299999879,0,0,0,0,0,186131.49299999879,0
2021-12-30,186131.49299999879,0,0,0,0,0,186131.49299999879,0
2021-12-31,186131.49299999879,0,0,0,0,0,186131.49299999879,0
2022-01-03,186131.49299999879,0,0,0,0,0,186131.49299999879,0
2022-01-04,186131.49299999879,0,0,0,0,0,186131.49299999879,0
2022-01-05,186131.49299999879,4311.4200000000055,5.5579999999999998,4305.8620000000046,0.023163302085585449,0.023133441475162039,190437.35499999879,1
2022-01-06,190437.35499999879,-1353.439999999993,5.383,-1358.8229999999928,-0.0071070090214181017,-0.0071352755345714686,189078.53199999884,1
2022-01-07,189078.53199999884,-1794.3600000000231,5.5090000000000003,-1799.8690000000231,-0.0094900250230419286,-0.0095191610647793381,187278.66299999881,1
2022-01-10,187278.66299999881,-1823.640000000029,17.829000000000001,-1841.4690000000292,-0.0097375748565656974,-0.0098327752371878095,185437.1939999988,3
2022-01-11,185437.1939999988,-2076.3000000000093,24.492999999999999,-2100.7930000000097,-0.011196782884883507,-0.011328865340790388,183336.40099999879,4
2022-01-12,183336.40099999879,-510.38999999997372,6.7410000000000005,-517.13099999997371,-0.0027838988723247441,-0.0028206673479969596,182819.26999999885,1
2022-01-13,182819.26999999885,2869.0100000000025,7.1470000000000002,2861.8630000000026,0.015693148758333959,0.015654055505199316,185681.13299999884,1
2022-01-14,185681.13299999884,0,0,0,0,0,185681.13299999884,0
2022-01-18,185681.13299999884,-45.199999999958948,15.82,-61.019999999958941,-0.00024342807085283796,-0.00032862789565140863,185620.11299999891,2
2022-01-19,185620.11299999891,-3483.2400000000393,13.608000000000001,-3496.84800000004,-0.018765423335347607,-0.018838734356335946,182123.26499999888,2
2022-01-20,182123.26499999888,-2187.0600000000559,13.257999999999999,-2200.3180000000557,-0.012008679945420863,-0.012081476795400463,179922.94699999882,2
2022-01-21,179922.94699999882,2860.98000000003,13.111000000000001,2847.8690000000306,0.015901140169741933,0.015828270087194878,182770.81599999889,2
2022-01-24,182770.81599999889,-3249.080000000039,12.488,-3261.5680000000384,-0.017776798676655572,-0.017845124683363335,179509.24799999883,2
2022-01-25,179509.24799999883,-5112.009999999992,18.585000000000001,-5130.5949999999912,-0.028477697149062901,-0.028581229419444867,174378.65299999886,3
2022-01-26,174378.65299999886,-3544.7999999999902,5.9080000000000004,-3550.7079999999905,-0.020328176293459576,-0.020362056587282011,170827.94499999887,1
2022-01-27,170827.94499999887,-2278.25,12.733000000000001,-2290.9830000000002,-0.013336518214277032,-0.013411055199428965,168536.96199999886,2
2022-01-28,168536.96199999886,-1189.5499999998938,24.948,-1214.4979999998936,-0.0070580956597514899,-0.0072061225358975075,167322.46399999899,4
2022-01-31,167322.46399999899,3548.8799999999901,4.452,3544.4279999999899,0.021209823924180388,0.021183216618182309,170866.89199999897,1
2022-02-01,170866.89199999897,0,0,0,0,0,170866.89199999897,0
2022-02-02,170866.89199999897,0,0,0,0,0,170866.89199999897,0
2022-02-03,170866.89199999897,0,0,0,0,0,170866.89199999897,0
2022-02-04,170866.89199999897,-245.63999999998907,3.738,-249.37799999998907,-0.0014376102773613424,-0.001459486955495103,170617.51399999898,1
2022-02-07,170617.51399999898,0,0,0,0,0,170617.51399999898,0
2022-02-08,170617.51399999898,-188.70000000001767,3.8849999999999998,-192.58500000001769,-0.0011059825898062188,-0.0011287528195963448,170424.92899999896,1
2022-02-09,170424.92899999896,0,0,0,0,0,170424.92899999896,0
2022-02-10,170424.92899999896,0,0,0,0,0,170424.92899999896,0
2022-02-11,170424.92899999896,2690.2799999999897,3.948,2686.3319999999894,0.015785718766530957,0.015762553141506697,173111.26099999895,1
2022-02-14,173111.26099999895,-1962.4200000000135,7.5039999999999996,-1969.9240000000134,-0.011336177604298229,-0.011379525448665211,171141.33699999892,2
2022-02-15,171141.33699999892,-611.03999999999269,3.7519999999999998,-614.79199999999264,-0.003570382297527549,-0.0035923056976000867,170526.54499999894,1
2022-02-16,170526.54499999894,0,0,0,0,0,170526.54499999894,0
2022-02-17,170526.54499999894,1679.4899999999893,7.3570000000000002,1672.1329999999898,0.0098488478729220705,0.0098057050296773453,172198.67799999891,2
2022-02-18,172198.67799999891,-703.04999999998017,7.6299999999999999,-710.67999999998028,-0.0040827839572611857,-0.0041270932405182851,171487.99799999892,2
2022-02-22,171487.99799999892,-995.40999999999883,4.1230000000000002,-999.53299999999876,-0.0058045461583848285,-0.0058285886572657115,170488.46499999892,1
2022-02-23,170488.46499999892,1786.3200000000002,8.3159999999999989,1778.0040000000001,0.010477659001739569,0.010428881508200637,172266.46899999894,2
2022-02-24,172266.46899999894,0,0,0,0,0,172266.46899999894,0
2022-02-25,172266.46899999894,3349.5200000000027,4.1719999999999997,3345.3480000000031,0.019443830360277619,0.019419612066234573,175611.81699999893,1
2022-02-28,175611.81699999893,0,0,0,0,0,175611.81699999893,0
2022-03-01,175611.81699999893,-137.75,3.8570000000000002,-141.60700000000003,-0.00078440051673744047,-0.000806363731206089,175470.20999999892,1
2022-03-02,175470.20999999892,322.00000000001228,7.532,314.46800000001235,0.0018350693260127419,0.0017921446609086198,175784.67799999894,2
2022-03-03,175784.67799999894,-358.36000000000359,3.6890000000000001,-362.04900000000362,-0.0020386304658475737,-0.002059616367701887,175422.62899999894,1
2022-03-04,175422.62899999894,271.46000000000504,3.8780000000000001,267.582000000005,0.0015474628418663517,0.0015253562298396897,175690.21099999893,1
2022-03-07,175690.21099999893,4821.5999999999931,4.1159999999999997,4817.4839999999931,0.027443760085187799,0.027420332485115079,180507.69499999893,1
2022-03-08,180507.69499999893,41.335000000027037,7.5670000000000002,33.768000000027058,0.00022899300774976536,0.0001870723572201576,180541.46299999891,2
2022-03-09,180541.46299999891,0,0,0,0,0,180541.46299999891,0
2022-03-10,180541.46299999891,0,0,0,0,0,180541.46299999891,0
2022-03-11,180541.46299999891,0,0,0,0,0,180541.46299999891,0
2022-03-14,180541.46299999891,-957.90000000000703,3.605,-961.50500000000704,-0.0053057064237925933,-0.0053256741361401997,179579.95799999894,1
2022-03-15,179579.95799999894,-971.0399999999978,7.1820000000000004,-978.22199999999793,-0.0054072849265284018,-0.0054472782536234008,178601.73599999893,2
2022-03-16,178601.73599999893,573.29999999997995,3.4300000000000002,569.86999999997988,0.0032099352046610755,0.0031907304641203673,179171.60599999892,1
2022-03-17,179171.60599999892,-382.93999999999681,3.2690000000000001,-386.20899999999682,-0.0021372806135364947,-0.0021555256919447334,178785.39699999895,1
2022-03-18,178785.39699999895,0,0,0,0,0,178785.39699999895,0
2022-03-21,178785.39699999895,0,0,0,0,0,178785.39699999895,0
2022-03-22,178785.39699999895,390.26000000001011,3.4580000000000002,386.80200000001008,0.0021828404699071277,0.0021634988454902297,179172.19899999895,1
2022-03-23,179172.19899999895,0,0,0,0,0,179172.19899999895,0
2022-03-24,179172.19899999895,0,0,0,0,0,179172.19899999895,0
2022-03-25,179172.19899999895,0,0,0,0,0,179172.19899999895,0
2022-03-28,179172.19899999895,0,0,0,0,0,179172.19899999895,0
2022-03-29,179172.19899999895,0,0,0,0,0,179172.19899999895,0
2022-03-30,179172.19899999895,0,0,0,0,0,179172.19899999895,0
2022-03-31,179172.19899999895,0,0,0,0,0,179172.19899999895,0
2022-04-01,179172.19899999895,0,0,0,0,0,179172.19899999895,0
2022-04-04,179172.19899999895,544.15000000001089,9.5830000000000002,534.56700000001092,0.0030370225014652755,0.0029835376413503418,179706.76599999898,2
2022-04-05,179706.76599999898,826.80000000001019,10.458,816.34200000000999,0.0046008284407055376,0.0045426336368437825,180523.10799999899,2
2022-04-06,180523.10799999899,-3305.6350000000102,16.478000000000002,-3322.1130000000103,-0.018311423045076471,-0.018402702218045287,177200.99499999895,3
2022-04-07,177200.99499999895,-551.88000000001375,5.2919999999999998,-557.17200000001367,-0.0031144294646879215,-0.0031442938568150645,176643.82299999893,1
2022-04-08,176643.82299999893,-929.2799999999844,5.3760000000000003,-934.65599999998437,-0.0052607557072629147,-0.0052911898311892294,175709.16699999894,1
2022-04-11,175709.16699999894,885.80999999998244,10.766,875.04399999998259,0.0050413419807515663,0.0049800702771528585,176584.2109999989,2
2022-04-12,176584.2109999989,-2114.4630000000316,15.504999999999999,-2129.9680000000312,-0.011974247233236751,-0.012062052365486088,174454.24299999888,3
2022-04-13,174454.24299999888,2795.900000000026,5.3620000000000001,2790.5380000000259,0.01602655201685203,0.015995816163669026,177244.78099999888,1
2022-04-14,177244.78099999888,1551.2399999999982,11.207000000000001,1540.0329999999979,0.0087519643244108151,0.008688735382284726,178784.81399999888,2
2022-04-18,178784.81399999888,0,0,0,0,0,178784.81399999888,0
2022-04-19,178784.81399999888,3016.2299999999832,5.6909999999999998,3010.5389999999834,0.016870728181645239,0.016838896619038361,181795.35299999887,1
2022-04-20,181795.35299999887,0,0,0,0,0,181795.35299999887,0
2022-04-21,181795.35299999887,2583.75,5.5650000000000004,2578.1850000000004,0.01421240948881689,0.014181798145302517,184373.53799999889,1
2022-04-22,184373.53799999889,7315.1100000000206,5.7469999999999999,7309.3630000000212,0.039675487487798082,0.039644317071141008,191682.90099999891,1
2022-04-25,191682.90099999891,-2246.5999999999931,10.416,-2257.0159999999928,-0.011720398576396784,-0.0117747383215992,189425.88499999893,2
2022-04-26,189425.88499999893,5766.8399999999783,5.2290000000000001,5761.610999999979,0.030443780162357489,0.030416175698479705,195187.49599999891,1
2022-04-27,195187.49599999891,-4873.3899999999903,14.231000000000002,-4887.620999999991,-0.024967736662803532,-0.02504064604630216,190299.87499999889,3
2022-04-28,190299.87499999889,1384.1600000000089,4.5920000000000005,1379.5680000000089,0.0072735728281482946,0.0072494424917515943,191679.44299999889,1
2022-04-29,191679.44299999889,4627.2099999999928,8.141,4619.0689999999922,0.024140356042249244,0.024097884090783898,196298.51199999891,2
2022-05-02,196298.51199999891,-4715.7099999999937,7.3639999999999999,-4723.0739999999951,-0.024023157139367514,-0.024060671432904298,191575.43799999889,2
2022-05-03,191575.43799999889,-1041.4000000000058,3.556,-1044.9560000000058,-0.0054359786978538018,-0.0054545405763342788,190530.48199999891,1
2022-05-04,190530.48199999891,2455.180000000013,3.4580000000000002,2451.7220000000138,0.012886022090680625,0.012867872763792346,192982.20399999889,1
2022-05-05,192982.20399999889,3350.6999999999789,3.2130000000000001,3347.4869999999792,0.017362740867028329,0.01734609166345721,196329.69099999889,1
2022-05-06,196329.69099999889,-1335,3.1150000000000002,-1338.1149999999998,-0.0067997865895892823,-0.0068156527582983227,194991.57599999887,1
2022-05-09,194991.57599999887,-1434.5999999999694,9.4079999999999995,-1444.0079999999693,-0.0073572409097302635,-0.0074054891479003061,193547.56799999895,3
2022-05-10,193547.56799999895,0,0,0,0,0,193547.56799999895,0
2022-05-11,193547.56799999895,-218,3.052,-221.05199999999999,-0.0011263380999961786,-0.0011421068333961251,193326.51599999896,1
2022-05-12,193326.51599999896,0,0,0,0,0,193326.51599999896,0
2022-05-13,193326.51599999896,-380.55199999999536,6.3000000000000007,-386.85199999999531,-0.0019684418251244822,-0.0020010291811186284,192939.66399999897,2
2022-05-16,192939.66399999897,0,0,0,0,0,192939.66399999897,0
2022-05-17,192939.66399999897,0,0,0,0,0,192939.66399999897,0
2022-05-18,192939.66399999897,4097.9000000000124,3.0099999999999998,4094.8900000000122,0.021239282348911079,0.02122368161686046,197034.55399999896,1
2022-05-19,197034.55399999896,0,0,0,0,0,197034.55399999896,0
2022-05-20,197034.55399999896,-2572.229999999975,3.3530000000000002,-2575.5829999999751,-0.01305471526583093,-0.013071732585544303,194458.970999999,1
2022-05-23,194458.970999999,0,0,0,0,0,194458.970999999,0
2022-05-24,194458.970999999,976.32000000001119,3.1640000000000001,973.1560000000112,0.0050206991993185868,0.0050044284148763503,195432.12699999905,1
2022-05-25,195432.12699999905,-538.45999999998764,3.4580000000000002,-541.91799999998773,-0.0027552276499553745,-0.0027729217724780245,194890.20899999904,1
2022-05-26,194890.20899999904,1325,3.71,1321.29,0.0067986996719779109,0.0067796633128963729,196211.49899999905,1
2022-05-27,196211.49899999905,1391.8599999999774,6.9719999999999995,1384.8879999999776,0.0070936719157320346,0.0070581388300793944,197596.38699999897,2
2022-05-31,197596.38699999897,-484.11999999998312,3.7240000000000002,-487.84399999998311,-0.0024500447976307667,-0.002468891296074081,197108.54299999899,1
2022-06-01,197108.54299999899,-768.49999999999397,3.71,-772.20999999999401,-0.0038988670318566452,-0.0039176891485621602,196336.33299999899,1
2022-06-02,196336.33299999899,1806.3200000000024,3.7519999999999998,1802.5680000000025,0.0092001310832265145,0.0091810210186619497,198138.90099999899,1
2022-06-03,198138.90099999899,0,0,0,0,0,198138.90099999899,0
2022-06-06,198138.90099999899,0,0,0,0,0,198138.90099999899,0
2022-06-07,198138.90099999899,0,0,0,0,0,198138.90099999899,0
2022-06-08,198138.90099999899,0,0,0,0,0,198138.90099999899,0
2022-06-09,198138.90099999899,2083.979999999995,5.173,2078.8069999999952,0.010517773084852255,0.01049166513747851,200217.70799999899,1
2022-06-10,200217.70799999899,110.97000000001094,9.5690000000000008,101.40100000001098,0.00055424668031866338,0.00050645370488414283,200319.10899999901,2
2022-06-13,200319.10899999901,-229.14000000000283,8.6799999999999997,-237.82000000000286,-0.0011438748961288758,-0.0011872057597860225,200081.288999999,2
2022-06-14,200081.288999999,0,0,0,0,0,200081.288999999,0
2022-06-15,200081.288999999,-1559.3300000000229,3.8570000000000002,-1563.1870000000226,-0.0077934823780550048,-0.0078127595429477188,198518.10199999897,1
2022-06-16,198518.10199999897,-1226.3400000000306,11.746,-1238.0860000000307,-0.0061774719163899573,-0.0062366403241153152,197280.01599999896,3
2022-06-17,197280.01599999896,-2120.0999999999963,3.8849999999999998,-2123.9849999999965,-0.010746653629630724,-0.010766346450418008,195156.03099999891,1
2022-06-21,195156.03099999891,251.16000000000952,4.1859999999999999,246.97400000000957,0.0012869702192294069,0.0012655207155755845,195403.00499999896,1
2022-06-22,195403.00499999896,0,0,0,0,0,195403.00499999896,0
2022-06-23,195403.00499999896,0,0,0,0,0,195403.00499999896,0
2022-06-24,195403.00499999896,2637.5500000000038,3.7450000000000001,2633.8050000000039,0.01349800122060568,0.01347883570163119,198036.80999999892,1
2022-06-27,198036.80999999892,0,0,0,0,0,198036.80999999892,0
2022-06-28,198036.80999999892,2569.5599999999968,3.3809999999999998,2566.1789999999964,0.012975163556714586,0.012958090973087328,200602.98899999892,1
2022-06-29,200602.98899999892,0,0,0,0,0,200602.98899999892,0
2022-06-30,200602.98899999892,-368.64999999998048,3.5350000000000001,-372.1849999999805,-0.001837709407211188,-0.0018553312782392415,200230.80399999896,1
2022-07-01,200230.80399999896,0,0,0,0,0,200230.80399999896,0
2022-07-05,200230.80399999896,-1324.3500000000038,7.6299999999999999,-1331.9800000000039,-0.0066141171764960332,-0.0066522232013811961,198898.823999999,2
2022-07-06,198898.823999999,0,0,0,0,0,198898.823999999,0
2022-07-07,198898.823999999,54.919999999984483,13.013000000000002,41.906999999984478,0.00027612028515555605,0.00021069506172638149,198940.73099999895,3
2022-07-08,198940.73099999895,0,0,0,0,0,198940.73099999895,0
2022-07-11,198940.73099999895,0,0,0,0,0,198940.73099999895,0
2022-07-12,198940.73099999895,0,0,0,0,0,198940.73099999895,0
2022-07-13,198940.73099999895,0,0,0,0,0,198940.73099999895,0
2022-07-14,198940.73099999895,-946.19999999998879,5.8100000000000005,-952.00999999998862,-0.0047561904253784698,-0.0047853951034290392,197988.720999999,1
2022-07-15,197988.720999999,-366.74999999999073,5.7050000000000001,-372.45499999999078,-0.0018523782473446686,-0.0018811930200811422,197616.26599999901,1
2022-07-18,197616.26599999901,0,0,0,0,0,197616.26599999901,0
2022-07-19,197616.26599999901,3897.6000000000022,6.7199999999999998,3890.8800000000019,0.019723072796042112,0.019689067498117899,201507.14599999905,1
2022-07-20,201507.14599999905,-1610.6999999999939,6.1950000000000003,-1616.8949999999941,-0.0079932649137912041,-0.0080240082403827094,199890.25099999903,1
2022-07-21,199890.25099999903,-2476.349999999994,12.242999999999999,-2488.5929999999939,-0.012388548153856718,-0.012449796763725141,197401.65799999901,2
2022-07-22,197401.65799999901,1277.6120000000064,6.202,1271.4100000000062,0.0064721442207948069,0.0064407260449657047,198673.06799999901,1
2022-07-25,198673.06799999901,0,0,0,0,0,198673.06799999901,0
2022-07-26,198673.06799999901,-256.29999999996824,18.312000000000001,-274.61199999996808,-0.001290059103531685,-0.0013822306302732964,198398.45599999905,3
2022-07-27,198398.45599999905,1288.4299999999869,11.445,1276.9849999999869,0.006494153361757982,0.0064364664208878377,199675.44099999903,2
2022-07-28,199675.44099999903,-985.42000000000178,15.407,-1000.827000000002,-0.0049351086696736357,-0.0050122688848850813,198674.61399999907,3
2022-07-29,198674.61399999907,382.45000000000789,9.9050000000000011,372.54500000000814,0.0019250068858823084,0.0018751514977148006,199047.15899999911,2
2022-08-01,199047.15899999911,0,0,0,0,0,199047.15899999911,0
2022-08-02,199047.15899999911,0,0,0,0,0,199047.15899999911,0
2022-08-03,199047.15899999911,1944.0400000000036,5.194,1938.8460000000036,0.0097667307072692878,0.0097406363885857439,200986.0049999991,1
2022-08-04,200986.0049999991,0,0,0,0,0,200986.0049999991,0
2022-08-05,200986.0049999991,0,0,0,0,0,200986.0049999991,0
2022-08-08,200986.0049999991,-328.86000000001246,5.4809999999999999,-334.34100000001246,-0.0016362333287833345,-0.0016635038842630558,200651.66399999909,1
2022-08-09,200651.66399999909,-634.1999999999897,6.3420000000000005,-640.5419999999898,-0.0031607014233382713,-0.0031923084375716552,200011.1219999991,1
2022-08-10,200011.1219999991,0,0,0,0,0,200011.1219999991,0
2022-08-11,200011.1219999991,0,0,0,0,0,200011.1219999991,0
2022-08-12,200011.1219999991,2268.1599999999753,11.690000000000001,2256.4699999999757,0.011340169373181086,0.011281722623404841,202267.59199999907,2
2022-08-15,202267.59199999907,0,0,0,0,0,202267.59199999907,0
2022-08-16,202267.59199999907,0,0,0,0,0,202267.59199999907,0
2022-08-17,202267.59199999907,0,0,0,0,0,202267.59199999907,0
2022-08-18,202267.59199999907,0,0,0,0,0,202267.59199999907,0
2022-08-19,202267.59199999907,10.510000000051889,15.211,-4.7009999999480669,5.1960869737609458e-05,-2.3241488927935071e-05,202262.89099999916,2
2022-08-22,202262.89099999916,2489.9200000000183,7.0280000000000005,2482.892000000018,0.012310315489359977,0.012275568631123879,204745.78299999915,1
2022-08-23,204745.78299999915,0,0,0,0,0,204745.78299999915,0
2022-08-24,204745.78299999915,-1262.2799999999766,6.5940000000000003,-1268.8739999999766,-0.0061651086606261474,-0.0061973144521368815,203476.9089999992,1
2022-08-25,203476.9089999992,-881.59999999998945,6.4960000000000004,-888.09599999998954,-0.0043326783581128262,-0.0043646033565410266,202588.81299999921,1
2022-08-26,202588.81299999921,7182.6299999999983,6.1390000000000002,7176.4909999999991,0.035454228166093386,0.035423925406977072,209765.30399999919,1
2022-08-29,209765.30399999919,0,0,0,0,0,209765.30399999919,0
2022-08-30,209765.30399999919,1467.8000000000079,5.0120000000000005,1462.788000000008,0.0069973440412243468,0.0069734506713274831,211228.09199999919,1
2022-08-31,211228.09199999919,0,0,0,0,0,211228.09199999919,0
2022-09-01,211228.09199999919,-968.65999999999804,5.6980000000000004,-974.35799999999824,-0.0045858483633890975,-0.0046128239419972695,210253.73399999921,1
2022-09-02,210253.73399999921,662.65999999999985,12.382999999999999,650.27699999999982,0.0031517157264850399,0.0030928202207338787,210904.01099999915,2
2022-09-06,210904.01099999915,-1614.2399999999834,6.3840000000000003,-1620.6239999999834,-0.0076539084882553034,-0.0076841781828416245,209283.3869999992,1
2022-09-07,209283.3869999992,4442.5999999999685,6.4119999999999999,4436.1879999999683,0.021227676327696215,0.021197038444336652,213719.57499999917,1
2022-09-08,213719.57499999917,-896.00000000000364,5.6000000000000005,-901.60000000000355,-0.0041924096096485645,-0.0042186121697088677,212817.97499999916,1
2022-09-09,212817.97499999916,179.12000000001407,21.679000000000002,157.44100000001424,0.00084165822929202657,0.00073979183384305228,212975.41599999915,4
2022-09-12,212975.41599999915,-348.00000000001319,5.0750000000000002,-353.07500000001323,-0.0016339914086610568,-0.0016578204500373632,212622.34099999917,1
2022-09-13,212622.34099999917,2759.3000000000598,16.344999999999999,2742.95500000006,0.01297746975704717,0.01290059636771693,215365.29599999919,3
2022-09-14,215365.29599999919,0,0,0,0,0,215365.29599999919,0
2022-09-15,215365.29599999919,0,0,0,0,0,215365.29599999919,0
2022-09-16,215365.29599999919,0,0,0,0,0,215365.29599999919,0
2022-09-19,215365.29599999919,0,0,0,0,0,215365.29599999919,0
2022-09-20,215365.29599999919,-708.54000000001315,5.0609999999999999,-713.60100000001307,-0.0032899450986755814,-0.0033134447065232635,214651.69499999919,1
2022-09-21,214651.69499999919,-4144.2800000000061,5.0540000000000003,-4149.3340000000062,-0.019306998717154418,-0.019330543837541195,210502.36099999919,1
2022-09-22,210502.36099999919,-1229.7900000000334,9.7789999999999999,-1239.5690000000332,-0.0058421672524615444,-0.0058886227884163162,209262.7919999992,2
2022-09-23,209262.7919999992,-92.299999999996757,4.9699999999999998,-97.269999999996756,-0.00044107219978216247,-0.00046482224130889511,209165.52199999921,1
2022-09-26,209165.52199999921,-906.86999999997443,9.8420000000000005,-916.71199999997452,-0.0043356571930625249,-0.0043827108370182444,208248.80999999924,2
2022-09-27,208248.80999999924,217.6200000000016,4.9139999999999997,212.70600000000161,0.0010449999690274455,0.0010214031955332777,208461.51599999925,1
2022-09-28,208461.51599999925,2725.7400000000107,10.577,2715.1630000000105,0.01307550694392926,0.013024768562078482,211176.67899999928,2
2022-09-29,211176.67899999928,-823.81999999998368,10.003,-833.82299999998372,-0.0039010936430153185,-0.003948461562841352,210342.8559999993,2
2022-09-30,210342.8559999993,-1894.4000000000017,5.1799999999999997,-1899.5800000000013,-0.0090062483510255659,-0.0090308748113603985,208443.27599999931,1
2022-10-03,208443.27599999931,1565.7900000000373,5.4530000000000003,1560.3370000000373,0.0075118278221651168,0.0074856672277595678,210003.61299999937,1
2022-10-04,210003.61299999937,213.12000000002308,10.934000000000001,202.18600000002311,0.001014839682782142,0.00096277391189466687,210205.79899999939,2
2022-10-05,210205.79899999939,0,0,0,0,0,210205.79899999939,0
2022-10-06,210205.79899999939,0,0,0,0,0,210205.79899999939,0
2022-10-07,210205.79899999939,1920.4199999999955,4.7670000000000003,1915.6529999999957,0.0091359040004410207,0.0091132262245534022,212121.45199999935,1
2022-10-10,212121.45199999935,-2017.9099999999958,9.2050000000000001,-2027.1149999999957,-0.009512993527877614,-0.0095563884788041238,210094.33699999939,2
2022-10-11,210094.33699999939,38.99899999997956,4.6269999999999998,34.371999999979565,0.00018562613612940778,0.00016360269624963601,210128.70899999939,1
2022-10-12,210128.70899999939,0,0,0,0,0,210128.70899999939,0
2022-10-13,210128.70899999939,3624.7000000000166,4.6900000000000004,3620.010000000017,0.017249903724483585,0.017227584070865956,213748.7189999994,1
2022-10-14,213748.7189999994,2872.0199999999827,4.4379999999999997,2867.5819999999826,0.013436431401490602,0.013415668703960704,216616.30099999937,1
2022-10-17,216616.30099999937,-377.58000000000283,4.2629999999999999,-381.8430000000028,-0.0017430821145819674,-0.0017627620739401506,216234.45799999937,1
2022-10-18,216234.45799999937,0,0,0,0,0,216234.45799999937,0
2022-10-19,216234.45799999937,0,0,0,0,0,216234.45799999937,0
2022-10-20,216234.45799999937,-711.61999999999864,4.1859999999999999,-715.80599999999856,-0.0032909648470550459,-0.0033103234638024279,215518.65199999939,1
2022-10-21,215518.65199999939,1375.9099999999835,8.5329999999999995,1367.3769999999836,0.0063841806137502535,0.0063445877528966145,216886.0289999994,2
2022-10-24,216886.0289999994,0,0,0,0,0,216886.0289999994,0
2022-10-25,216886.0289999994,507.2000000000254,13.789999999999999,493.41000000002543,0.0023385554262696506,0.0022749736452596808,217379.43899999943,3
2022-10-26,217379.43899999943,0,0,0,0,0,217379.43899999943,0
2022-10-27,217379.43899999943,0,0,0,0,0,217379.43899999943,0
2022-10-28,217379.43899999943,4213.6200000000217,5.1029999999999998,4208.5170000000226,0.019383709974520786,0.01936023489323677,221587.95599999945,1
2022-10-31,221587.95599999945,0,0,0,0,0,221587.95599999945,0
2022-11-01,221587.95599999945,0,0,0,0,0,221587.95599999945,0
2022-11-02,221587.95599999945,1105.0399999999868,5.0890000000000004,1099.9509999999868,0.0049869136389343724,0.0049639475892813848,222687.90699999945,1
2022-11-03,222687.90699999945,-2167.5200000000145,4.9910000000000005,-2172.5110000000145,-0.0097334427773844937,-0.0097558553100955767,220515.39599999943,1
2022-11-04,220515.39599999943,0,0,0,0,0,220515.39599999943,0
2022-11-07,220515.39599999943,0,0,0,0,0,220515.39599999943,0
2022-11-08,220515.39599999943,-2640.9000000000337,10.913,-2651.8130000000342,-0.011976034544091609,-0.012025523152134199,217863.58299999943,2
2022-11-09,217863.58299999943,2085.5200000000041,5.5720000000000001,2079.9480000000035,0.0095725957100412217,0.0095470200726479795,219943.53099999944,1
2022-11-10,219943.53099999944,1884.6600000000099,15.190000000000001,1869.4700000000098,0.0085688357890372092,0.008499772607542682,221813.00099999944,3
2022-11-11,221813.00099999944,-180.18000000002235,3.8220000000000001,-184.00200000002235,-0.00081230585758146248,-0.00082953658789379449,221628.99899999943,1
2022-11-14,221628.99899999943,0,0,0,0,0,221628.99899999943,0
2022-11-15,221628.99899999943,0,0,0,0,0,221628.99899999943,0
2022-11-16,221628.99899999943,0,0,0,0,0,221628.99899999943,0
2022-11-17,221628.99899999943,0,0,0,0,0,221628.99899999943,0
2022-11-18,221628.99899999943,0,0,0,0,0,221628.99899999943,0
2022-11-21,221628.99899999943,0,0,0,0,0,221628.99899999943,0
2022-11-22,221628.99899999943,0,0,0,0,0,221628.99899999943,0
2022-11-23,221628.99899999943,-418.74999999997442,4.375,-423.12499999997442,-0.0018894188120209643,-0.0019091590085644683,221205.87399999943,1
2022-11-25,221205.87399999943,0,0,0,0,0,221205.87399999943,0
2022-11-28,221205.87399999943,-65.600000000014916,4.5920000000000005,-70.192000000014929,-0.00029655632019977502,-0.00031731526261375462,221135.68199999945,1
2022-11-29,221135.68199999945,-940.77999999999997,8.7780000000000005,-949.55799999999999,-0.0042543111608736323,-0.0042940062472595552,220186.12399999943,2
2022-11-30,220186.12399999943,4448.4200000000174,8.6870000000000012,4439.7330000000175,0.020202998804774951,0.020163545819081811,224625.85699999949,2
2022-12-01,224625.85699999949,-1562.1000000000126,4.3049999999999997,-1566.4050000000125,-0.0069542305630469611,-0.0069733957653860656,223059.45199999947,1
2022-12-02,223059.45199999947,0,0,0,0,0,223059.45199999947,0
2022-12-05,223059.45199999947,1572.1499999999573,13.776,1558.3739999999571,0.0070481209646294707,0.0069863616449661178,224617.82599999945,2
2022-12-06,224617.82599999945,3159.4799999999877,6.524,3152.9559999999869,0.014066025196058997,0.01403698030627362,227770.78199999945,1
2022-12-07,227770.78199999945,0,0,0,0,0,227770.78199999945,0
2022-12-08,227770.78199999945,-379.66000000002322,6.4820000000000002,-386.14200000002313,-0.0016668511942854204,-0.0016953096293098036,227384.6399999994,1
2022-12-09,227384.6399999994,0,0,0,0,0,227384.6399999994,0
2022-12-12,227384.6399999994,1479.7500000000391,12.663,1467.0870000000391,0.0065076955066096067,0.006452005729147065,228851.72699999943,2
2022-12-13,228851.72699999943,0,0,0,0,0,228851.72699999943,0
2022-12-14,228851.72699999943,-580.190000000022,12.313000000000001,-592.50300000002198,-0.0025352222926420102,-0.0025890256882353502,228259.22399999943,2
2022-12-15,228259.22399999943,597.96000000002266,6.3420000000000005,591.61800000002256,0.0026196531711683386,0.0025918689708680689,228850.84199999945,1
2022-12-16,228850.84199999945,108.02999999999622,5.8170000000000002,102.2129999999962,0.00047205419502016285,0.0004466358922113839,228953.05499999947,1
2022-12-19,228953.05499999947,-326.03999999998859,5.8520000000000003,-331.89199999998857,-0.0014240473882298245,-0.0014496072131467707,228621.16299999948,1
2022-12-20,228621.16299999948,0,0,0,0,0,228621.16299999948,0
2022-12-21,228621.16299999948,-1887.0599999999949,22.547000000000001,-1909.6069999999952,-0.0082540915077052562,-0.0083527131738018474,226711.55599999952,3
2022-12-22,226711.55599999952,919.31999999999778,6.8460000000000001,912.47399999999777,0.0040550204683875921,0.0040248235074527901,227624.0299999995,1
2022-12-23,227624.0299999995,0,0,0,0,0,227624.0299999995,0
2022-12-27,227624.0299999995,-1898.880000000016,6.923,-1905.803000000016,-0.0083421772297064597,-0.0083725914175230981,225718.22699999949,1
2022-12-28,225718.22699999949,1452.889999999958,14.315000000000001,1438.574999999958,0.006436742035901076,0.0063733222572227681,227156.80199999944,2
2022-12-29,227156.80199999944,1462.6499999999703,6.9649999999999999,1455.6849999999704,0.006438944320055949,0.0064082826804366345,228612.48699999941,1
2022-12-30,228612.48699999941,0,0,0,0,0,228612.48699999941,0
2023-01-03,228612.48699999941,-3330.3600000000015,19.600000000000001,-3349.9600000000019,-0.014567708193472433,-0.014653442792912754,225262.52699999945,3
2023-01-04,225262.52699999945,0,0,0,0,0,225262.52699999945,0
2023-01-05,225262.52699999945,-387.29000000004282,13.895,-401.18500000004292,-0.0017192828525804638,-0.0017809664365526891,224861.34199999936,2
2023-01-06,224861.34199999936,2018.519999999967,13.468,2005.0519999999672,0.0089767319809021355,0.0089168372925568194,226866.39399999933,2
2023-01-09,226866.39399999933,-121.13999999999572,12.998999999999999,-134.13899999999572,-0.00053397066821627218,-0.00059126870945899605,226732.25499999931,2
2023-01-10,226732.25499999931,0,0,0,0,0,226732.25499999931,0
2023-01-11,226732.25499999931,0,0,0,0,0,226732.25499999931,0
2023-01-12,226732.25499999931,-1449.419999999971,6.9020000000000001,-1456.321999999971,-0.0063926502208517949,-0.0064230914123796614,225275.93299999929,1
2023-01-13,225275.93299999929,0,0,0,0,0,225275.93299999929,0
2023-01-17,225275.93299999929,0,0,0,0,0,225275.93299999929,0
2023-01-18,225275.93299999929,3942.3999999999801,7.8399999999999999,3934.5599999999799,0.017500315934769615,0.017465514170126609,229210.49299999929,1
2023-01-19,229210.49299999929,0,0,0,0,0,229210.49299999929,0
2023-01-20,229210.49299999929,2269.1950000000202,15.141,2254.0540000000201,0.0099000485113045298,0.0098339913260429446,231464.54699999929,2
2023-01-23,231464.54699999929,2197.609999999951,15.007999999999999,2182.6019999999517,0.0094943697792299817,0.0094295304757836557,233647.14899999925,2
2023-01-24,233647.14899999925,0,0,0,0,0,233647.14899999925,0
2023-01-25,233647.14899999925,-282.09999999999013,7.5949999999999998,-289.69499999999016,-0.0012073761704663088,-0.0012398824519788644,233357.45399999927,1
2023-01-26,233357.45399999927,0,0,0,0,0,233357.45399999927,0
2023-01-27,233357.45399999927,-100.97999999997194,7.8540000000000001,-108.83399999997197,-0.00043272669575822613,-0.00046638321653943098,233248.6199999993,1
2023-01-30,233248.6199999993,0,0,0,0,0,233248.6199999993,0
2023-01-31,233248.6199999993,4397.6000000000085,8.3650000000000002,4389.2350000000088,0.018853702114079055,0.018817839093753362,237637.85499999931,1
2023-02-01,237637.85499999931,1403.4300000000208,7.9870000000000001,1395.4430000000209,0.0059057510008244472,0.0058721410357791054,239033.29799999931,1
2023-02-02,239033.29799999931,-3420.4300000000549,15.946,-3436.3760000000548,-0.014309428973364475,-0.014376139344402405,235596.92199999929,2
2023-02-03,235596.92199999929,0,0,0,0,0,235596.92199999929,0
2023-02-06,235596.92199999929,0,0,0,0,0,235596.92199999929,0
2023-02-07,235596.92199999929,-5126.0100000000139,13.818000000000001,-5139.8280000000141,-0.021757542316278772,-0.021816193337194912,230457.09399999923,2
2023-02-08,230457.09399999923,-892.37999999998306,14.994,-907.37399999998308,-0.0038722175330388659,-0.003937279535426174,229549.71999999924,2
2023-02-09,229549.71999999924,-607.25999999998339,7.3289999999999997,-614.58899999998334,-0.0026454399508741957,-0.0026773676744192296,228935.13099999924,1
2023-02-10,228935.13099999924,0,0,0,0,0,228935.13099999924,0
2023-02-13,228935.13099999924,2737.9799999999773,7.7910000000000004,2730.1889999999771,0.011959632355420306,0.011925600881238216,231665.31999999919,1
2023-02-14,231665.31999999919,-1628.5700000000099,7.6509999999999998,-1636.2210000000098,-0.007029839425253705,-0.007062865516513285,230029.0989999992,1
2023-02-15,230029.0989999992,0,0,0,0,0,230029.0989999992,0
2023-02-16,230029.0989999992,0,0,0,0,0,230029.0989999992,0
2023-02-17,230029.0989999992,-1075.3199999999715,7.3079999999999998,-1082.6279999999715,-0.0046747129153428338,-0.0047064828089422514,228946.4709999992,1
2023-02-21,228946.4709999992,1770.6000000000352,15.588999999999999,1755.0110000000354,0.0077336854866832229,0.0076655953347280099,230701.48199999929,2
2023-02-22,230701.48199999929,0,0,0,0,0,230701.48199999929,0
2023-02-23,230701.48199999929,-1409.9399999999898,7.8330000000000002,-1417.7729999999899,-0.0061115342119908624,-0.0061454871798352568,229283.70899999927,1
2023-02-24,229283.70899999927,415.47999999996944,8.5540000000000003,406.92599999996952,0.0018120781533587751,0.0017747706619660919,229690.63499999925,1
2023-02-27,229690.63499999925,0,0,0,0,0,229690.63499999925,0
2023-02-28,229690.63499999925,0,0,0,0,0,229690.63499999925,0
2023-03-01,229690.63499999925,0,0,0,0,0,229690.63499999925,0
2023-03-02,229690.63499999925,962.54999999999677,9.7650000000000006,952.78499999999678,0.0041906366796365026,0.0041481229741909152,230643.41999999929,1
2023-03-03,230643.41999999929,3048.8099999999754,18.815999999999999,3029.9939999999756,0.013218716579904966,0.013137136103861038,233673.41399999923,2
2023-03-06,233673.41399999923,-271.63000000002148,8.2669999999999995,-279.89700000002154,-0.0011624343366679376,-0.001197812773001307,233393.51699999921,1
2023-03-07,233393.51699999921,5989.1299999999974,8.9390000000000001,5980.1909999999971,0.025661081237316533,0.025622781116066806,239373.7079999992,1
2023-03-08,239373.7079999992,0,0,0,0,0,239373.7079999992,0
2023-03-09,239373.7079999992,5404.1050000000114,17.248000000000001,5386.8570000000118,0.02257601741290664,0.022503962715905414,244760.56499999919,2
2023-03-10,244760.56499999919,2858.9100000000499,17.178000000000001,2841.73200000005,0.011680435530944534,0.011610252656509676,247602.29699999929,2
2023-03-13,247602.29699999929,-5055.6649999999263,16.667000000000002,-5072.3319999999258,-0.020418489897934756,-0.020485803489940727,242529.96499999936,2
2023-03-14,242529.96499999936,-424.37999999997953,9.0020000000000007,-433.38199999997948,-0.0017498044004582306,-0.0017869214634982553,242096.58299999937,1
2023-03-15,242096.58299999937,0,0,0,0,0,242096.58299999937,0
2023-03-16,242096.58299999937,5049.4499999999634,8.0150000000000006,5041.434999999964,0.020857171701593066,0.020824065079844505,247138.01799999931,1
2023-03-17,247138.01799999931,-2037.3900000000672,22.869,-2060.2590000000673,-0.0082439359856000503,-0.00833647132348562,245077.75899999929,3
2023-03-20,245077.75899999929,225.06000000002791,7.1610000000000005,217.89900000002791,0.00091832078487394918,0.00088910148717341803,245295.6579999993,1
2023-03-21,245295.6579999993,0,0,0,0,0,245295.6579999993,0
2023-03-22,245295.6579999993,0,0,0,0,0,245295.6579999993,0
2023-03-23,245295.6579999993,309.05999999997726,6.3630000000000004,302.69699999997721,0.0012599489225364852,0.0012340087976607319,245598.35499999928,1
2023-03-24,245598.35499999928,0,0,0,0,0,245598.35499999928,0
2023-03-27,245598.35499999928,0,0,0,0,0,245598.35499999928,0
2023-03-28,245598.35499999928,0,0,0,0,0,245598.35499999928,0
2023-03-29,245598.35499999928,0,0,0,0,0,245598.35499999928,0
2023-03-30,245598.35499999928,0,0,0,0,0,245598.35499999928,0
2023-03-31,245598.35499999928,2788.2399999999998,15.624000000000001,2772.6159999999995,0.011352844769664715,0.011289228708392642,248370.97099999929,2
2023-04-03,248370.97099999929,-1505.5799999999949,7.6369999999999996,-1513.2169999999951,-0.0060618195191578942,-0.0060925678790376813,246857.75399999929,1
2023-04-04,246857.75399999929,195.16000000001827,8.0359999999999996,187.12400000001827,0.00079057674647732079,0.00075802358632825768,247044.8779999993,1
2023-04-05,247044.8779999993,-243.81000000004224,8.1270000000000007,-251.93700000004225,-0.00098690570706769687,-0.0010198025639699478,246792.94099999929,1
2023-04-06,246792.94099999929,-724.34999999996921,17.192,-741.54199999996922,-0.002935051533746953,-0.0030047131696524956,246051.39899999931,2
2023-04-10,246051.39899999931,0,0,0,0,0,246051.39899999931,0
2023-04-11,246051.39899999931,0,0,0,0,0,246051.39899999931,0
2023-04-12,246051.39899999931,0,0,0,0,0,246051.39899999931,0
2023-04-13,246051.39899999931,4938.9599999999409,28.027999999999999,4910.9319999999407,0.020072879162942515,0.019958968004079321,250962.33099999925,2
2023-04-14,250962.33099999925,-5309.8500000000795,38.527999999999999,-5348.3780000000797,-0.021157956171518409,-0.021311477219264813,245613.95299999919,3
2023-04-17,245613.95299999919,0,0,0,0,0,245613.95299999919,0
2023-04-18,245613.95299999919,-924.03999999996756,12.439,-936.47899999996775,-0.0037621641145117297,-0.0038128086314378517,244677.47399999923,1
2023-04-19,244677.47399999923,0,0,0,0,0,244677.47399999923,0
2023-04-20,244677.47399999923,0,0,0,0,0,244677.47399999923,0
2023-04-21,244677.47399999923,-2130.8399999999688,13.811,-2144.6509999999685,-0.0087087706324774933,-0.0087652163680583661,242532.82299999928,1
2023-04-24,242532.82299999928,0,0,0,0,0,242532.82299999928,0
2023-04-25,242532.82299999928,5905.6499999999996,33.117000000000004,5872.5330000000004,0.024349900054558872,0.024213353588021437,248405.35599999927,2
2023-04-26,248405.35599999927,-353.34000000001339,13.741,-367.08100000001338,-0.0014224330976181305,-0.0014777499403032777,248038.27499999927,1
2023-04-27,248038.27499999927,5666.5400000000518,26.817,5639.7230000000509,0.022845425771486551,0.022737309393076804,253677.99799999929,2
2023-04-28,253677.99799999929,-247.94999999996708,20.460999999999999,-268.41099999996686,-0.00097742020181020104,-0.0010580775712364602,253409.58699999933,2
2023-05-01,253409.58699999933,-1774.5699999999936,9.8979999999999997,-1784.4679999999937,-0.007002773734838999,-0.0070418330305711697,251625.11899999931,1
2023-05-02,251625.11899999931,3503.6000000000813,30.114000000000001,3473.4860000000813,0.013923888099582343,0.013804210063781791,255098.60499999937,3
2023-05-03,255098.60499999937,-1191.5199999999938,9.4779999999999998,-1200.9979999999939,-0.0046708213084896985,-0.0047079755688981401,253897.60699999935,1
2023-05-04,253897.60699999935,-630.80000000000996,20.503,-651.30300000000989,-0.0024844661099937488,-0.0025652191357597616,253246.30399999939,2
2023-05-05,253246.30399999939,3176.3200000000129,9.9260000000000002,3166.3940000000125,0.012542414044471191,0.012503219000582216,256412.69799999945,1
2023-05-08,256412.69799999945,0,0,0,0,0,256412.69799999945,0
2023-05-09,256412.69799999945,0,0,0,0,0,256412.69799999945,0
2023-05-10,256412.69799999945,0,0,0,0,0,256412.69799999945,0
2023-05-11,256412.69799999945,-578.57000000003359,8.6170000000000009,-587.18700000003355,-0.0022564015140936382,-0.0022900074940907754,255825.51099999939,1
2023-05-12,255825.51099999939,-2058.2599999999438,17.198999999999998,-2075.4589999999444,-0.0080455619611757515,-0.0081127913783389238,253750.05199999944,2
2023-05-15,253750.05199999944,0,0,0,0,0,253750.05199999944,0
2023-05-16,253750.05199999944,0,0,0,0,0,253750.05199999944,0
2023-05-17,253750.05199999944,846.07999999998196,9.2539999999999996,836.82599999998206,0.0033343047354330545,0.0032978357773892552,254586.87799999939,1
2023-05-18,254586.87799999939,1820.8600000000201,20.754999999999999,1800.10500000002,0.00715221465577666,0.0070706904226227416,256386.98299999945,2
2023-05-19,256386.98299999945,-1551.9000000000169,10.346,-1562.2460000000169,-0.0060529594047292962,-0.0060933124674274908,254824.73699999941,1
2023-05-22,254824.73699999941,0,0,0,0,0,254824.73699999941,0
2023-05-23,254824.73699999941,-23.974999999978024,22.616999999999997,-46.591999999977929,-9.4084272516989121e-05,-0.00018283939207981224,254778.14499999947,2
2023-05-24,254778.14499999947,-4242.2200000000003,32.423999999999999,-4274.6440000000002,-0.016650643248854839,-0.016777906911913536,250503.50099999944,3
2023-05-25,250503.50099999944,0,0,0,0,0,250503.50099999944,0
2023-05-26,250503.50099999944,4282.5700000000443,12.439,4270.131000000044,0.017095848891948436,0.01704619289931622,254773.63199999943,1
2023-05-30,254773.63199999943,0,0,0,0,0,254773.63199999943,0
2023-05-31,254773.63199999943,-364.7600000000453,11.606,-376.36600000004518,-0.0014317023199639674,-0.0014772564846900877,254397.26599999939,1
2023-06-01,254397.26599999939,3870.4600000000401,11.242000000000001,3859.2180000000399,0.015214235832235906,0.015170045105752233,258256.48399999939,1
2023-06-02,258256.48399999939,1386.0000000000523,10.779999999999999,1375.2200000000523,0.0053667578003580955,0.0053250163507997557,259631.70399999944,1
2023-06-05,259631.70399999944,0,0,0,0,0,259631.70399999944,0
2023-06-06,259631.70399999944,0,0,0,0,0,259631.70399999944,0
2023-06-07,259631.70399999944,-1175.0100000000234,10.346,-1185.3560000000234,-0.0045256799608726752,-0.0045655287152451375,258446.34799999945,1
2023-06-08,258446.34799999945,-870.34999999998945,21.273,-891.6229999999897,-0.0033676235192922569,-0.0034499346069304551,257554.72499999939,2
2023-06-09,257554.72499999939,124.31999999997528,10.878,113.44199999997528,0.00048269353241325923,0.00044045784832709065,257668.16699999932,1
2023-06-12,257668.16699999932,888.05999999998937,10.906000000000001,877.15399999998942,0.0034465258566456591,0.0034042001005114139,258545.32099999933,1
2023-06-13,258545.32099999933,-1613.5599999999897,10.555999999999999,-1624.1159999999898,-0.0062409174289408008,-0.0062817458607189181,256921.20499999932,1
2023-06-14,256921.20499999932,-4770.1699999999691,24.073,-4794.2429999999695,-0.018566665215508319,-0.018660363203574351,252126.96199999936,2
2023-06-15,252126.96199999936,7618.0500000000211,13.167,7604.8830000000216,0.030215134230666057,0.030162910541872315,259731.84499999936,1
2023-06-16,259731.84499999936,37.779999999966549,25.774000000000001,12.005999999966434,0.00014545771235701437,4.6224597526600806e-05,259743.85099999933,2
2023-06-20,259743.85099999933,-1652.3199999999265,12.571999999999999,-1664.8919999999266,-0.0063613440458304858,-0.0064097455766139811,258078.95899999945,1
2023-06-21,258078.95899999945,-901.52999999995359,11.907,-913.43699999995363,-0.0034932332472712565,-0.0035393702901597474,257165.5219999995,1
2023-06-22,257165.5219999995,0,0,0,0,0,257165.5219999995,0
2023-06-23,257165.5219999995,0,0,0,0,0,257165.5219999995,0
2023-06-26,257165.5219999995,-627.98999999996977,13.321,-641.31099999996968,-0.0024419680955519805,-0.0024937674187909642,256524.21099999957,1
2023-06-27,256524.21099999957,4242.6299999999674,13.083,4229.5469999999659,0.016538906731107632,0.016487905697135048,260753.75799999951,1
2023-06-28,260753.75799999951,0,0,0,0,0,260753.75799999951,0
2023-06-29,260753.75799999951,-176.30000000004009,12.340999999999999,-188.64100000004009,-0.00067611681362628878,-0.00072344499058011832,260565.11699999945,1
2023-06-30,260565.11699999945,-106.12000000000396,24.632999999999999,-130.75300000000396,-0.00040726863680683775,-0.00050180546615533441,260434.36399999945,2
2023-07-03,260434.36399999945,0,0,0,0,0,260434.36399999945,0
2023-07-05,260434.36399999945,0,0,0,0,0,260434.36399999945,0
2023-07-06,260434.36399999945,-8.684999999992101,12.159000000000001,-20.8439999999921,-3.3348133735500891e-05,-8.0035520965244606e-05,260413.51999999947,1
2023-07-07,260413.51999999947,146.78999999995921,11.417,135.37299999995923,0.00056368041106298747,0.00051983860131363192,260548.89299999943,1
2023-07-10,260548.89299999943,0,0,0,0,0,260548.89299999943,0
2023-07-11,260548.89299999943,0,0,0,0,0,260548.89299999943,0
2023-07-12,260548.89299999943,0,0,0,0,0,260548.89299999943,0
2023-07-13,260548.89299999943,-523.87999999994895,13.097,-536.97699999994893,-0.0020106782798726,-0.0020609452368694197,260011.91599999947,1
2023-07-14,260011.91599999947,0,0,0,0,0,260011.91599999947,0
2023-07-17,260011.91599999947,-258.12999999987846,41.649999999999999,-299.77999999987844,-0.000992762193252247,-0.0011529471595443305,259712.13599999959,3
2023-07-18,259712.13599999959,3576.6000000000768,29.329999999999998,3547.2700000000768,0.013771401117736302,0.013658468389787078,263259.40599999967,2
2023-07-19,263259.40599999967,-200.96999999994412,15.631,-216.60099999994409,-0.00076339152721458458,-0.00082276642377573537,263042.8049999997,1
2023-07-20,263042.8049999997,-2313.5449999999487,47.396999999999998,-2360.9419999999486,-0.0087953175529737505,-0.008975504956312913,260681.86299999972,3
2023-07-21,260681.86299999972,0,0,0,0,0,260681.86299999972,0
2023-07-24,260681.86299999972,68.109999999937941,31.808,36.301999999937955,0.00026127632822670911,0.00013925786620582037,260718.16499999969,2
2023-07-25,260718.16499999969,784.34999999992351,15.686999999999999,768.66299999992361,0.0030084209897684898,0.0029482525699731144,261486.82799999963,1
2023-07-26,261486.82799999963,0,0,0,0,0,261486.82799999963,0
2023-07-27,261486.82799999963,958.234999999916,16.163,942.07199999991599,0.0036645631725660665,0.0036027512636312119,262428.89999999962,1
2023-07-28,262428.89999999962,-1148.5,16.079000000000001,-1164.5790000000002,-0.0043764234807980437,-0.0044376934095292165,261264.32099999956,1
2023-07-31,261264.32099999956,0,0,0,0,0,261264.32099999956,0
2023-08-01,261264.32099999956,0,0,0,0,0,261264.32099999956,0
2023-08-02,261264.32099999956,4668.2200000000894,16.177,4652.0430000000897,0.017867805225498423,0.01780588708857838,265916.36399999959,1
2023-08-03,265916.36399999959,0,0,0,0,0,265916.36399999959,0
2023-08-04,265916.36399999959,-191.10000000004345,13.377000000000001,-204.47700000004343,-0.00071864701038121801,-0.00076895230110789171,265711.88699999958,1
2023-08-07,265711.88699999958,-821.73000000001298,13.377000000000001,-835.10700000001293,-0.0030925601759021577,-0.0031429041787656804,264876.77999999962,1
2023-08-08,264876.77999999962,-1154.1900000001237,26.285,-1180.4750000001238,-0.0043574600989944286,-0.0044566949205593846,263696.30499999941,2
2023-08-09,263696.30499999941,-3153.119999999979,25.984000000000002,-3179.1039999999794,-0.011957391666902522,-0.012055929263020907,260517.20099999939,2
2023-08-10,260517.20099999939,-4256.1749999999465,12.705,-4268.8799999999464,-0.016337404914771661,-0.016386173287651577,256248.32099999944,1
2023-08-11,256248.32099999944,0,0,0,0,0,256248.32099999944,0
2023-08-14,256248.32099999944,-2056.7700000000254,25.935000000000002,-2082.7050000000254,-0.0080264721032065993,-0.0081276825224545768,254165.61599999943,2
2023-08-15,254165.61599999943,2655.2700000000327,25.109000000000002,2630.1610000000328,0.010447007119956142,0.010348217203384578,256795.77699999945,2
2023-08-16,256795.77699999945,438.61999999998471,11.808999999999999,426.81099999998469,0.0017080498952285561,0.0016620639365108624,257222.58799999944,1
2023-08-17,257222.58799999944,3437.4000000000347,11.795,3425.6050000000346,0.013363523113296886,0.013317667886927729,260648.19299999948,1
2023-08-18,260648.19299999948,0,0,0,0,0,260648.19299999948,0
2023-08-21,260648.19299999948,-3610.2600000000266,13.587,-3623.847000000027,-0.013851083939799398,-0.013903211675056709,257024.34599999944,1
2023-08-22,257024.34599999944,0,0,0,0,0,257024.34599999944,0
2023-08-23,257024.34599999944,5156.6900000000633,13.936999999999999,5142.7530000000634,0.020063041031918721,0.020008816596697322,262167.09899999952,1
2023-08-24,262167.09899999952,6305.3509999999987,12.257,6293.0939999999991,0.024050885958043156,0.024004133333298282,268460.1929999995,1
2023-08-25,268460.1929999995,-562.80000000003656,11.256,-574.05600000003665,-0.002096400191443048,-0.0021383281952719064,267886.13699999946,1
2023-08-28,267886.13699999946,0,0,0,0,0,267886.13699999946,0
2023-08-29,267886.13699999946,6887.1200000000072,11.032,6876.0880000000079,0.025709131786838306,0.025667950111207215,274762.22499999945,1
2023-08-30,274762.22499999945,-2828.9200000000392,10.052,-2838.9720000000389,-0.010295884013896178,-0.010332468373336417,271923.25299999939,1
2023-08-31,271923.25299999939,0,0,0,0,0,271923.25299999939,0
2023-09-01,271923.25299999939,0,0,0,0,0,271923.25299999939,0
2023-09-05,271923.25299999939,-358,10.023999999999999,-368.024,-0.0013165479452395372,-0.0013534112877062441,271555.22899999941,1
2023-09-06,271555.22899999941,2116.6500000000069,10.815,2105.8350000000078,0.007794547016437719,0.0077547208637989895,273661.06399999943,1
2023-09-07,273661.06399999943,0,0,0,0,0,273661.06399999943,0
2023-09-08,273661.06399999943,81.850000000018611,11.459,70.391000000018607,0.00029909260310417699,0.00025721963866960173,273731.45499999943,1
2023-09-11,273731.45499999943,0,0,0,0,0,273731.45499999943,0
2023-09-12,273731.45499999943,0,0,0,0,0,273731.45499999943,0
2023-09-13,273731.45499999943,0,0,0,0,0,273731.45499999943,0
2023-09-14,273731.45499999943,0,0,0,0,0,273731.45499999943,0
2023-09-15,273731.45499999943,5200.7199999999502,14.055999999999999,5186.6639999999497,0.018999351024528623,0.018948001427165032,278918.11899999937,1
2023-09-18,278918.11899999937,0,0,0,0,0,278918.11899999937,0
2023-09-19,278918.11899999937,255.44999999996128,11.920999999999999,243.52899999996129,0.00091586018475896095,0.00087312004280353634,279161.64799999935,1
2023-09-20,279161.64799999935,3951.3600000000329,14.406000000000001,3936.9540000000329,0.014154379830857145,0.014102775321057146,283098.60199999937,1
2023-09-21,283098.60199999937,4610.9799999999814,28.672000000000001,4582.3079999999827,0.016287540692270855,0.016186261492029525,287680.90999999933,2
2023-09-22,287680.90999999933,-1929.9599999999721,12.509,-1942.4689999999721,-0.0067086828945305292,-0.0067521650984765603,285738.44099999941,1
2023-09-25,285738.44099999941,-3136.8400000000329,25.382000000000001,-3162.2220000000334,-0.010978011880452722,-0.011066841370496733,282576.21899999934,2
2023-09-26,282576.21899999934,1524.5600000001077,24.513999999999999,1500.0460000001074,0.0053952169272960347,0.0053084651118504448,284076.26499999949,2
2023-09-27,284076.26499999949,-763.52999999995893,11.494,-775.02399999995885,-0.0026877641467158838,-0.0027282251123653721,283301.24099999957,1
2023-09-28,283301.24099999957,-81.85000000003356,22.505000000000003,-104.35500000003367,-0.00028891507750237382,-0.00036835348702208415,283196.88599999953,2
2023-09-29,283196.88599999953,-3272.9399999999609,10.962,-3283.9019999999614,-0.011557118604757421,-0.011595826657500629,279912.98399999953,1
2023-10-02,279912.98399999953,0,0,0,0,0,279912.98399999953,0
2023-10-03,279912.98399999953,1708.7199999999402,11.500999999999999,1697.21899999994,0.0061044685229747798,0.0060633807540701398,281610.20299999946,1
2023-10-04,281610.20299999946,331.58999999996769,11.053000000000001,320.53699999996769,0.001177478644124156,0.0011382293559866804,281930.73999999947,1
2023-10-05,281930.73999999947,589.8400000000147,11.311999999999999,578.5280000000148,0.0020921450424313992,0.0020520217128505245,282509.26799999946,1
2023-10-06,282509.26799999946,888.41999999998416,12.194000000000001,876.2259999999842,0.0031447463875768703,0.0031015832018650301,283385.49399999942,1
2023-10-09,283385.49399999942,-15.389999999986005,10.773,-26.162999999985999,-5.4307649212228329e-05,-9.2323003660822707e-05,283359.33099999942,1
2023-10-10,283359.33099999942,1934.8700000000035,10.339,1924.5310000000036,0.006828326398046188,0.0067918391577512843,285283.86199999938,1
2023-10-11,285283.86199999938,0,0,0,0,0,285283.86199999938,0
2023-10-12,285283.86199999938,-855.72000000001594,24.465,-880.18500000001586,-0.0029995387541410169,-0.0030852954451381404,284403.67699999938,2
2023-10-13,284403.67699999938,-2291.5899999999724,12.061,-2303.6509999999721,-0.0080575259229154674,-0.0080999339540887057,282100.02599999943,1
2023-10-16,282100.02599999943,-635.3599999999924,11.704000000000001,-647.06399999999235,-0.0022522507672508817,-0.0022937395971739244,281452.96199999942,1
2023-10-17,281452.96199999942,0,0,0,0,0,281452.96199999942,0
2023-10-18,281452.96199999942,-1328.2200000000851,26.222000000000001,-1354.4420000000853,-0.0047191544567936998,-0.0048123210016176275,280098.51999999932,2
2023-10-19,280098.51999999932,781.07999999995104,23.212,757.86799999995105,0.0027885902431756975,0.0027057194018731442,280856.38799999928,2
2023-10-20,280856.38799999928,3410.760000000022,22.603000000000002,3388.157000000022,0.012144142507451284,0.012063663654322973,284244.54499999929,2
2023-10-23,284244.54499999929,-2439.1499999999346,10.605,-2449.7549999999342,-0.0085811673184438449,-0.0086184767415675139,281794.78999999934,1
2023-10-24,281794.78999999934,114.65999999998884,11.465999999999999,103.19399999998882,0.00040689183785118637,0.00036620265406606367,281897.9839999993,1
2023-10-25,281897.9839999993,738.69999999996662,23.030000000000001,715.66999999996688,0.002620451517666648,0.0025387552966677786,282613.65399999922,2
2023-10-26,282613.65399999922,-1642.1999999999757,21.286999999999999,-1663.486999999976,-0.0058107595891314584,-0.0058860814983835866,280950.16699999926,2
2023-10-27,280950.16699999926,-1313.639999999989,11.214,-1324.8539999999889,-0.0046757046419552131,-0.0047156191937767827,279625.31299999927,1
2023-10-30,279625.31299999927,-3115.1599999999926,11.599,-3126.7589999999927,-0.011140479259830102,-0.011181959767712449,276498.55399999925,1
2023-10-31,276498.55399999925,-2033.1000000000345,10.542,-2043.6420000000344,-0.0073530221789154093,-0.0073911489605838591,274454.9119999992,1
2023-11-01,274454.9119999992,-1616.5300000000884,20.152999999999999,-1636.6830000000882,-0.0058899656348657126,-0.0059633948180169314,272818.22899999918,2
2023-11-02,272818.22899999918,4065.599999999979,9.2400000000000002,4056.3599999999792,0.014902230011910206,0.014868361307337683,276874.58899999922,1
2023-11-03,276874.58899999922,-998.4500000000703,24.066000000000003,-1022.5160000000703,-0.0036061453079035471,-0.0036930655272234942,275852.07299999922,3
2023-11-06,275852.07299999922,0,0,0,0,0,275852.07299999922,0
2023-11-07,275852.07299999922,-538.14999999996621,8.0150000000000006,-546.16499999996631,-0.0019508644403044516,-0.0019799198681387754,275305.90799999918,1
2023-11-08,275305.90799999918,0,0,0,0,0,275305.90799999918,0
2023-11-09,275305.90799999918,-447.30000000002906,8.9459999999999997,-456.24600000002908,-0.0016247381076908468,-0.0016572328698446618,274849.66199999914,1
2023-11-10,274849.66199999914,2572.0500000000602,9.2330000000000005,2562.81700000006,0.0093580249700291364,0.0093244320598803148,277412.47899999918,1
2023-11-13,277412.47899999918,0,0,0,0,0,277412.47899999918,0
2023-11-14,277412.47899999918,-1019.7999999999804,17.219999999999999,-1037.0199999999804,-0.0036761143683085125,-0.0037381879998267253,276375.45899999922,2
2023-11-15,276375.45899999922,-607.68000000002303,8.8620000000000001,-616.54200000002311,-0.0021987480444131068,-0.0022308131200607967,275758.9169999992,1
2023-11-16,275758.9169999992,-626.94000000000995,10.206,-637.14600000000985,-0.0022735076233274146,-0.0023105182125443715,275121.77099999919,1
2023-11-17,275121.77099999919,0,0,0,0,0,275121.77099999919,0
2023-11-20,275121.77099999919,3484.4499999999721,10.744999999999999,3473.7049999999722,0.012665119111929468,0.012626063678544663,278595.47599999915,1
2023-11-21,278595.47599999915,0,0,0,0,0,278595.47599999915,0
2023-11-22,278595.47599999915,0,0,0,0,0,278595.47599999915,0
2023-11-24,278595.47599999915,0,0,0,0,0,278595.47599999915,0
2023-11-27,278595.47599999915,0,0,0,0,0,278595.47599999915,0
2023-11-28,278595.47599999915,-1339.0300000000673,12.173,-1351.203000000067,-0.0048063594543081211,-0.0048500536311654654,277244.27299999911,1
2023-11-29,277244.27299999911,-2968.6799999999339,12.012,-2980.6919999999336,-0.010707813610995468,-0.010751140024450363,274263.58099999919,1
2023-11-30,274263.58099999919,0,0,0,0,0,274263.58099999919,0
2023-12-01,274263.58099999919,1341.3600000000508,13.041,1328.3190000000509,0.0048907696570914929,0.0048432205076475495,275591.89999999927,1
2023-12-04,275591.89999999927,-594.53999999995995,15.414,-609.95399999995993,-0.0021573202986007989,-0.0022132508248608232,274981.9459999993,1
2023-12-05,274981.9459999993,0,0,0,0,0,274981.9459999993,0
2023-12-06,274981.9459999993,700.92999999991207,16.919,684.01099999991197,0.0025490037080467599,0.0024874760323352783,275665.95699999924,1
2023-12-07,275665.95699999924,-2713.2100000001255,50.281000000000006,-2763.4910000001255,-0.0098423832580826556,-0.010024781551100752,272902.46599999908,3
2023-12-08,272902.46599999908,528.57500000005405,33.207999999999998,495.36700000005419,0.0019368641395862498,0.0018151796400405406,273397.83299999911,2
2023-12-11,273397.83299999911,-414.39999999989232,16.576000000000001,-430.97599999989234,-0.001515739885180047,-0.0015763694805872646,272966.8569999992,1
2023-12-12,272966.8569999992,2026.1600000000319,16.492000000000001,2009.668000000032,0.0074227326433261376,0.007362315052043252,274976.52499999927,1
2023-12-13,274976.52499999927,6703.2000000000535,16.463999999999999,6686.7360000000535,0.024377353666826911,0.024317479464838213,281663.2609999993,1
2023-12-14,281663.2609999993,0,0,0,0,0,281663.2609999993,0
2023-12-15,281663.2609999993,0,0,0,0,0,281663.2609999993,0
2023-12-18,281663.2609999993,-2210.1849999999226,47.515999999999998,-2257.7009999999227,-0.0078469055287971271,-0.0080156034265325363,279405.55999999947,3
2023-12-19,279405.55999999947,822.1400000000101,15.554,806.58600000001002,0.0029424611306947922,0.0028867929471411073,280212.14599999948,1
2023-12-20,280212.14599999948,5677.5599999999604,15.771000000000001,5661.7889999999588,0.020261648472582522,0.020205366115714232,285873.93499999947,1
2023-12-21,285873.93499999947,0,0,0,0,0,285873.93499999947,0
2023-12-22,285873.93499999947,-1464.0499999999774,11.515000000000001,-1475.5649999999771,-0.0051213133509355451,-0.0051615933435833518,284398.36999999947,1
2023-12-26,284398.36999999947,-1055.2400000000075,11.914,-1067.154000000008,-0.0037104291420517266,-0.0037523210839781182,283331.21599999949,1
2023-12-27,283331.21599999949,0,0,0,0,0,283331.21599999949,0
2023-12-28,283331.21599999949,0,0,0,0,0,283331.21599999949,0
2023-12-29,283331.21599999949,486.00000000006958,12.6,473.40000000006961,0.00171530693603514,0.0016708360154712725,283804.61599999957,1
2024-01-02,283804.61599999957,-622.65000000004045,12.452999999999999,-635.10300000004042,-0.0021939389456584503,-0.0022378177245716167,283169.51299999963,1
2024-01-03,283169.51299999963,-1156.9499999999148,23.820999999999998,-1180.7709999999147,-0.0040857152584781124,-0.0041698380150122878,281988.74199999968,2
2024-01-04,281988.74199999968,-481.80000000001831,11.242000000000001,-493.04200000001822,-0.0017085788481584802,-0.001748445687948843,281495.69999999966,1
2024-01-05,281495.69999999966,-439.86000000001667,25.655000000000001,-465.5150000000167,-0.0015625815953849995,-0.0016537197548666543,281030.18499999965,2
2024-01-08,281030.18499999965,9063.2600000000384,12.907999999999999,9050.3520000000408,0.032250129999380851,0.032204198990226092,290080.53699999966,1
2024-01-09,290080.53699999966,0,0,0,0,0,290080.53699999966,0
2024-01-10,290080.53699999966,1253.1899999999046,23.450000000000003,1229.7399999999047,0.0043201450637134816,0.0042393054450251041,291310.27699999959,2
2024-01-11,291310.27699999959,742.27999999999611,11.808999999999999,730.47099999999614,0.0025480735099503446,0.002507535976837498,292040.74799999961,1
2024-01-12,292040.74799999961,0,0,0,0,0,292040.74799999961,0
2024-01-16,292040.74799999961,-6153.9299999999948,31.983000000000001,-6185.912999999995,-0.021072162162795182,-0.021181677702044523,285854.83499999961,2
2024-01-17,285854.83499999961,-1378.6000000001363,31.107999999999997,-1409.7080000001361,-0.0048227275917867131,-0.0049315520585829446,284445.12699999951,2
2024-01-18,284445.12699999951,1338.5800000000099,15.113,1323.4670000000101,0.0047059340200966502,0.0046528025069665279,285768.59399999952,1
2024-01-19,285768.59399999952,6048.5250000000897,13.769,6034.7560000000894,0.021165814323179613,0.021117631981630913,291803.34999999963,1
2024-01-22,291803.34999999963,-1706.1799999999328,12.186999999999999,-1718.3669999999329,-0.0058470199194078304,-0.0058887843474036026,290084.98299999966,1
2024-01-23,290084.98299999966,0,0,0,0,0,290084.98299999966,0
2024-01-24,290084.98299999966,0,0,0,0,0,290084.98299999966,0
2024-01-25,290084.98299999966,0,0,0,0,0,290084.98299999966,0
2024-01-26,290084.98299999966,0,0,0,0,0,290084.98299999966,0
2024-01-29,290084.98299999966,3413.4800000000323,14.308,3399.1720000000323,0.011767172380653832,0.011717848903609175,293484.15499999974,1
2024-01-30,293484.15499999974,0,0,0,0,0,293484.15499999974,0
2024-01-31,293484.15499999974,11433.689999999957,16.779,11416.910999999958,0.038958457569881304,0.03890128582921272,304901.0659999997,1
2024-02-01,304901.0659999997,2598.3850000000243,24.969000000000001,2573.4160000000238,0.0085220594145119424,0.0084401672770800552,307474.48199999973,2
2024-02-02,307474.48199999973,5985.7699999999331,11.417,5974.3529999999337,0.019467534219636276,0.01943040268297757,313448.83499999967,1
2024-02-05,313448.83499999967,1043.4149999999563,11.151,1032.2639999999567,0.0033288207946281165,0.0032932456105633882,314481.09899999964,1
2024-02-06,314481.09899999964,0,0,0,0,0,314481.09899999964,0
2024-02-07,314481.09899999964,-2433.6899999999509,34.692,-2468.3819999999509,-0.0077387480765575478,-0.0078490631324076923,312012.71699999965,3
2024-02-08,312012.71699999965,0,0,0,0,0,312012.71699999965,0
2024-02-09,312012.71699999965,1947.0400000000241,36.862000000000002,1910.178000000024,0.0062402584699777679,0.0061221158495281015,313922.89499999967,3
2024-02-12,313922.89499999967,-1540.7849999999842,12.186999999999999,-1552.9719999999841,-0.0049081638343071018,-0.0049469854691547291,312369.92299999966,1
2024-02-13,312369.92299999966,-5389.299999999972,24.506999999999998,-5413.8069999999725,-0.017252941474778218,-0.017331396531413103,306956.11599999963,2
2024-02-14,306956.11599999963,-3221.4899999999966,10.297000000000001,-3231.7869999999962,-0.010494952965850013,-0.010528498477613002,303724.32899999962,1
2024-02-15,303724.32899999962,-186.76999999999362,29.701000000000001,-216.47099999999364,-0.00061493262859424686,-0.00071272196307986221,303507.85799999966,3
2024-02-16,303507.85799999966,-2138.6400000000544,9.8490000000000002,-2148.4890000000546,-0.0070464073454073696,-0.0070788579055506926,301359.3689999996,1
2024-02-20,301359.3689999996,-2826.660000000054,19.593,-2846.2530000000538,-0.0093796984290873582,-0.009444713829355203,298513.11599999951,2
2024-02-21,298513.11599999951,0,0,0,0,0,298513.11599999951,0
2024-02-22,298513.11599999951,999.99999999999295,33.677,966.32299999999327,0.0033499365568915055,0.0032371207434650703,299479.43899999949,3
2024-02-23,299479.43899999949,0,0,0,0,0,299479.43899999949,0
2024-02-26,299479.43899999949,0,0,0,0,0,299479.43899999949,0
2024-02-27,299479.43899999949,0,0,0,0,0,299479.43899999949,0
2024-02-28,299479.43899999949,0,0,0,0,0,299479.43899999949,0
2024-02-29,299479.43899999949,0,0,0,0,0,299479.43899999949,0
2024-03-01,299479.43899999949,3926.2000000000098,10.255000000000001,3915.9450000000097,0.013110081991304975,0.013075839239835147,303395.3839999995,1
2024-03-04,303395.3839999995,0,0,0,0,0,303395.3839999995,0
2024-03-05,303395.3839999995,1447,10.129,1436.8710000000001,0.0047693540386890077,0.0047359685604181851,304832.25499999954,1
2024-03-06,304832.25499999954,-1009.7999999999512,10.710000000000001,-1020.5099999999512,-0.0033126415706892722,-0.0033477756479541603,303811.74499999959,1
2024-03-07,303811.74499999959,-280.61999999992202,21.826000000000001,-302.44599999992198,-0.00092366409336782686,-0.00099550463396312215,303509.29899999971,2
2024-03-08,303509.29899999971,-5808.9000000001915,31.437000000000001,-5840.3370000001905,-0.019139117052226453,-0.019242695427266615,297668.96199999953,3
2024-03-11,297668.96199999953,-3850.8199999999501,20.741,-3871.5609999999501,-0.012936585575220153,-0.013006263649348688,293797.40099999961,2
2024-03-12,293797.40099999961,1334.2799999997967,20.874000000000002,1313.4059999997969,0.0045414969480951891,0.0044704479873863782,295110.80699999945,2
2024-03-13,295110.80699999945,-760.54999999996085,10.045,-770.59499999996092,-0.0025771675654018399,-0.0026112056275863944,294340.21199999948,1
2024-03-14,294340.21199999948,-7035.5199999999495,51.877000000000002,-7087.396999999949,-0.023902680344607356,-0.024078928773755049,287252.81499999954,4
2024-03-15,287252.81499999954,-1290.149999999971,12.81,-1302.9599999999709,-0.0044913397976621156,-0.0045359346609013147,285949.85499999952,1
2024-03-18,285949.85499999952,-196.92000000000743,11.487,-208.40700000000749,-0.00068865221141660579,-0.00072882359041590646,285741.44799999951,1
2024-03-19,285741.44799999951,465.44999999994161,11.234999999999999,454.2149999999416,0.0016289201418197559,0.0015896013797758258,286195.66299999948,1
2024-03-20,286195.66299999948,2110.4999999998709,11.025,2099.4749999998712,0.0073743255850801442,0.007335802988740172,288295.13799999934,1
2024-03-21,288295.13799999934,0,0,0,0,0,288295.13799999934,0
2024-03-22,288295.13799999934,0,0,0,0,0,288295.13799999934,0
2024-03-25,288295.13799999934,0,0,0,0,0,288295.13799999934,0
2024-03-26,288295.13799999934,0,0,0,0,0,288295.13799999934,0
2024-03-27,288295.13799999934,0,0,0,0,0,288295.13799999934,0
2024-03-28,288295.13799999934,0,0,0,0,0,288295.13799999934,0
2024-04-01,288295.13799999934,452.88000000001722,13.209,439.67100000001722,0.0015708901757476683,0.0015250725456216962,288734.80899999931,1
2024-04-02,288734.80899999931,-815.70999999990511,26.558,-842.2679999999051,-0.0028251183250991643,-0.0029170989217303105,287892.54099999944,2
2024-04-03,287892.54099999944,-1368.2700000001082,13.881,-1382.1510000001081,-0.0047527108387296173,-0.0048009267457891896,286510.38999999932,1
2024-04-04,286510.38999999932,8219.4000000000087,13.965,8205.4350000000086,0.028687964858796319,0.028639223170929432,294715.82499999931,1
2024-04-05,294715.82499999931,4309.5499999998801,12.313000000000001,4297.23699999988,0.014622730218168265,0.014580950988973497,299013.06199999922,1
2024-04-08,299013.06199999922,0,0,0,0,0,299013.06199999922,0
2024-04-09,299013.06199999922,-3873.2400000000416,25.844000000000001,-3899.0840000000417,-0.012953414055202886,-0.013039845062019571,295113.97799999925,2
2024-04-10,295113.97799999925,0,0,0,0,0,295113.97799999925,0
2024-04-11,295113.97799999925,-308.72000000015237,25.963000000000001,-334.68300000015233,-0.0010461042953382343,-0.0011340804738166391,294779.29499999911,2
2024-04-12,294779.29499999911,346.90000000008013,24.773,322.12700000007999,0.0011768126387576888,0.0010927734934710422,295101.42199999926,2
2024-04-15,295101.42199999926,2029.1700000000319,11.010999999999999,2018.1590000000319,0.0068761783194661698,0.0068388657239341838,297119.58099999925,1
2024-04-16,297119.58099999925,0,0,0,0,0,297119.58099999925,0
2024-04-17,297119.58099999925,-698.41999999995608,10.401999999999999,-708.82199999995612,-0.0023506360558577855,-0.0023856455290301379,296410.75899999926,1
2024-04-18,296410.75899999926,0,0,0,0,0,296410.75899999926,0
2024-04-19,296410.75899999926,3123.8399999999338,22.75,3101.0899999999338,0.010538888704778565,0.010462137104813869,299511.84899999923,2
2024-04-22,299511.84899999923,-295.81500000000364,11.193,-307.00800000000362,-0.00098765708598060964,-0.001025027894639335,299204.84099999926,1
2024-04-23,299204.84099999926,3841.1999999999798,10.185,3831.0149999999799,0.012838027577234252,0.012803987352597645,303035.85599999921,1
2024-04-24,303035.85599999921,0,0,0,0,0,303035.85599999921,0
2024-04-25,303035.85599999921,-2394.0000000000091,9.9749999999999996,-2403.9750000000099,-0.0079000552330679152,-0.007932972129872368,300631.88099999924,1
2024-04-26,300631.88099999924,505.18999999996259,31.416,473.77399999996237,0.0016804272331980782,0.0015759273381919317,301105.65499999915,3
2024-04-29,301105.65499999915,0,0,0,0,0,301105.65499999915,0
2024-04-30,301105.65499999915,5172.4899999998979,19.509,5152.9809999998979,0.017178322340043441,0.01711353112913111,306258.63599999907,2
2024-05-01,306258.63599999907,-10617.180000000028,18.627000000000002,-10635.807000000028,-0.034667365265742447,-0.034728186407778749,295622.82899999904,2
2024-05-02,295622.82899999904,0,0,0,0,0,295622.82899999904,0
2024-05-03,295622.82899999904,0,0,0,0,0,295622.82899999904,0
2024-05-06,295622.82899999904,0,0,0,0,0,295622.82899999904,0
2024-05-07,295622.82899999904,0,0,0,0,0,295622.82899999904,0
2024-05-08,295622.82899999904,0,0,0,0,0,295622.82899999904,0
2024-05-09,295622.82899999904,-998.04000000015128,18.613,-1016.6530000001512,-0.0033760586196140978,-0.0034390206041907357,294606.17599999887,2
2024-05-10,294606.17599999887,0,0,0,0,0,294606.17599999887,0
2024-05-13,294606.17599999887,0,0,0,0,0,294606.17599999887,0
2024-05-14,294606.17599999887,-804.9300000001391,21.427,-826.35700000013912,-0.0027322237806723447,-0.0028049547746077878,293779.81899999868,2
2024-05-15,293779.81899999868,3883.5199999999172,10.619,3872.9009999999175,0.013219151721241733,0.013183005603253962,297652.71999999863,1
2024-05-16,297652.71999999863,-594.39999999996621,10.401999999999999,-604.80199999996626,-0.0019969580657619016,-0.0020319048319127372,297047.91799999867,1
2024-05-17,297047.91799999867,0,0,0,0,0,297047.91799999867,0
2024-05-20,297047.91799999867,-1045.8000000000679,10.458,-1056.258000000068,-0.00352064410025615,-0.0035558505412587094,295991.65999999858,1
2024-05-21,295991.65999999858,0,0,0,0,0,295991.65999999858,0
2024-05-22,295991.65999999858,-3945.9199999999801,15.694000000000001,-3961.61399999998,-0.013331186425995919,-0.013384208190190221,292030.04599999858,1
2024-05-23,292030.04599999858,1606.7299999997899,15.407,1591.3229999997898,0.0055019338660782791,0.0054491755961295759,293621.36899999838,1
2024-05-24,293621.36899999838,-914.75999999991075,15.246,-930.00599999991096,-0.0031154408247443181,-0.0031673648384900627,292691.36299999844,1
2024-05-28,292691.36299999844,0,0,0,0,0,292691.36299999844,0
2024-05-29,292691.36299999844,0,0,0,0,0,292691.36299999844,0
2024-05-30,292691.36299999844,0,0,0,0,0,292691.36299999844,0
2024-05-31,292691.36299999844,-1024.5,14.343,-1038.8429999999998,-0.0035002741095575322,-0.0035492779470913372,291652.51999999845,1
2024-06-03,291652.51999999845,-4277.860000000127,26.047000000000001,-4303.9070000001266,-0.014667659994846436,-0.014756968326555689,287348.61299999832,2
2024-06-04,287348.61299999832,-1323.3600000000499,12.866,-1336.2260000000499,-0.0046054163483992792,-0.0046501912295642701,286012.38699999824,1
2024-06-05,286012.38699999824,3773.9199999999,12.824,3761.0959999999009,0.013194952986424058,0.013150115767538152,289773.48299999814,1
2024-06-06,289773.48299999814,0,0,0,0,0,289773.48299999814,0
2024-06-07,289773.48299999814,-1755.8400000001202,13.215999999999999,-1769.0560000001201,-0.0060593536089709474,-0.0061049616468879294,288004.42699999805,1
2024-06-10,288004.42699999805,0,0,0,0,0,288004.42699999805,0
2024-06-11,288004.42699999805,-1195.5199999999743,13.076000000000001,-1208.5959999999743,-0.0041510473031721225,-0.0041964493830505684,286795.83099999808,1
2024-06-12,286795.83099999808,146.15999999986707,12.789,133.37099999986708,0.00050963083908938701,0.00046503814066902518,286929.20199999795,1
2024-06-13,286929.20199999795,0,0,0,0,0,286929.20199999795,0
2024-06-14,286929.20199999795,0,0,0,0,0,286929.20199999795,0
2024-06-17,286929.20199999795,3578.3999999999096,13.916,3564.483999999909,0.012471369156771763,0.01242286938782876,290493.68599999789,1
2024-06-18,290493.68599999789,0,0,0,0,0,290493.68599999789,0
2024-06-20,290493.68599999789,-3287.809999999904,29.715,-3317.5249999999037,-0.011318008474717513,-0.011420299854640999,287176.16099999798,2
2024-06-21,287176.16099999798,0,0,0,0,0,287176.16099999798,0
2024-06-24,287176.16099999798,-1472.8000000000957,14.728,-1487.5280000000955,-0.0051285594001659,-0.005179844994167555,285688.63299999788,1
2024-06-25,285688.63299999788,0,0,0,0,0,285688.63299999788,0
2024-06-26,285688.63299999788,0,0,0,0,0,285688.63299999788,0
2024-06-27,285688.63299999788,-1170.9599999998859,14.637,-1185.5969999998861,-0.0040987280022439483,-0.0041499621022720035,284503.03599999798,1
2024-06-28,284503.03599999798,1523.9899999998011,29.127000000000002,1494.8629999998011,0.0053566739442450512,0.0052542954234056456,285997.89899999782,2
2024-07-01,285997.89899999782,-2127.0599999999808,14.742000000000001,-2141.801999999981,-0.0074373273630237297,-0.0074888731962328061,283856.09699999786,1
2024-07-02,283856.09699999786,1823.0199999999718,28.979999999999997,1794.0399999999718,0.0064223387105896319,0.0063202447259746034,285650.13699999783,2
2024-07-03,285650.13699999783,2076,14.532,2061.4679999999998,0.0072676317323104095,0.0072167583101842361,287711.60499999783,1
2024-07-05,287711.60499999783,2168.0600000001405,29.070999999999998,2138.9890000001405,0.0075355319782813655,0.0074344898253240659,289850.59399999795,2
2024-07-08,289850.59399999795,0,0,0,0,0,289850.59399999795,0
2024-07-09,289850.59399999795,0,0,0,0,0,289850.59399999795,0
2024-07-10,289850.59399999795,5249.8399999999438,29.070999999999998,5220.7689999999438,0.018112227846598723,0.018011931346947598,295071.36299999786,2
2024-07-11,295071.36299999786,8129.160000000029,14.742000000000001,8114.4180000000288,0.027549810043748936,0.027499849248332809,303185.78099999792,1
2024-07-12,303185.78099999792,1279.120000000069,15.176,1263.9440000000691,0.0042189313620881108,0.0041688762442328312,304449.724999998,1
2024-07-15,304449.724999998,-2439.6699999999901,15.113,-2454.7829999999904,-0.0080133756074176315,-0.0080630159872865925,301994.941999998,1
2024-07-16,301994.941999998,0,0,0,0,0,301994.941999998,0
2024-07-17,301994.941999998,0,0,0,0,0,301994.941999998,0
2024-07-18,301994.941999998,2294.3200000000229,11.808999999999999,2282.5110000000227,0.0075972133334605259,0.0075581100295383022,304277.452999998,1
2024-07-19,304277.452999998,-1181.3000000000293,33.445999999999998,-1214.7460000000292,-0.0038823119766288995,-0.0039922313928401299,303062.70699999802,3
2024-07-22,303062.70699999802,0,0,0,0,0,303062.70699999802,0
2024-07-23,303062.70699999802,-678.21000000003937,10.101000000000001,-688.31100000003948,-0.0022378536993667248,-0.0022711834353147382,302374.39599999791,1
2024-07-24,302374.39599999791,8045.9999999999663,10.43,8035.5699999999661,0.02660939585638733,0.026574902195092013,310409.96599999786,1
2024-07-25,310409.96599999786,-2062.719999999897,25.039000000000001,-2087.7589999998968,-0.0066451474692662132,-0.0067258117608244294,308322.20699999802,3
2024-07-26,308322.20699999802,-1097.3000000000986,16.869999999999997,-1114.1700000000985,-0.0035589392365763185,-0.0036136547245203968,307208.03699999786,2
2024-07-29,307208.03699999786,-2083.2000000000157,7.8399999999999999,-2091.0400000000154,-0.0067810725928372445,-0.0068065927585092122,305116.99699999788,1
2024-07-30,305116.99699999788,494.12000000006128,7.8609999999999998,486.25900000006129,0.0016194443602237758,0.0015936804726747644,305603.2559999979,1
2024-07-31,305603.2559999979,-4369.7300000001105,16.268000000000001,-4385.9980000001106,-0.014298702367229165,-0.014351934784360219,301217.25799999776,2
2024-08-01,301217.25799999776,736.27000000003773,14.518000000000001,721.7520000000377,0.002444315458180166,0.0023961176885822495,301939.00999999786,2
2024-08-02,301939.00999999786,1535.7500000000196,22.155000000000001,1513.5950000000194,0.0050862920958773443,0.0050129163502259282,303452.60499999789,3
2024-08-05,303452.60499999789,0,0,0,0,0,303452.60499999789,0
2024-08-06,303452.60499999789,598.98000000006505,6.258,592.72200000006501,0.0019738832032767332,0.0019532605429439932,304045.32699999795,1
2024-08-07,304045.32699999795,-2294.5700000000465,5.9710000000000001,-2300.5410000000461,-0.007546802388448029,-0.0075664409076744718,301744.78599999787,1
2024-08-08,301744.78599999787,604.06000000012796,11.928000000000001,592.13200000012796,0.0020018904320027991,0.0019623603371894953,302336.91799999803,2
2024-08-09,302336.91799999803,0,0,0,0,0,302336.91799999803,0
2024-08-12,302336.91799999803,0,0,0,0,0,302336.91799999803,0
2024-08-13,302336.91799999803,432.68000000003047,5.2220000000000004,427.45800000003055,0.0014311186436055199,0.0014138465220447651,302764.37599999807,1
2024-08-14,302764.37599999807,0,0,0,0,0,302764.37599999807,0
2024-08-15,302764.37599999807,0,0,0,0,0,302764.37599999807,0
2024-08-16,302764.37599999807,0,0,0,0,0,302764.37599999807,0
2024-08-19,302764.37599999807,0,0,0,0,0,302764.37599999807,0
2024-08-20,302764.37599999807,0,0,0,0,0,302764.37599999807,0
2024-08-21,302764.37599999807,0,0,0,0,0,302764.37599999807,0
2024-08-22,302764.37599999807,-2760.0300000000743,16.429000000000002,-2776.4590000000744,-0.0091160989164725641,-0.0091703622357476172,299987.91699999798,3
2024-08-23,299987.91699999798,-2426.0400000000527,5.7960000000000003,-2431.836000000053,-0.0080871257224672446,-0.0081064465006437884,297556.08099999791,1
2024-08-26,297556.08099999791,-1835.1999999999464,8.2880000000000003,-1843.4879999999464,-0.0061675768609143608,-0.0061954304338346202,295712.59299999801,1
2024-08-27,295712.59299999801,0,0,0,0,0,295712.59299999801,0
2024-08-28,295712.59299999801,1166.6000000000558,8.5960000000000001,1158.0040000000558,0.0039450467366469698,0.0039159779712190463,296870.59699999809,1
2024-08-29,296870.59699999809,1069.3199999999872,9.8490000000000002,1059.470999999987,0.0036019734214365259,0.0035687973504496097,297930.06799999805,1
2024-08-30,297930.06799999805,-952.00000000008924,9.8000000000000007,-961.8000000000892,-0.0031953807361266252,-0.003228274361351455,296968.26799999794,1
2024-09-03,296968.26799999794,8692.7800000001062,9.6739999999999995,8683.1060000001071,0.029271746973316914,0.029239171102281431,305651.37399999803,1
2024-09-04,305651.37399999803,-2954.1200000000326,8.3719999999999999,-2962.4920000000329,-0.0096649982669472691,-0.0096923889502948946,302688.881999998,1
2024-09-05,302688.881999998,-7305.2699999999295,24.786999999999999,-7330.0569999999298,-0.024134583179041172,-0.024216472542919427,295358.82499999809,3
2024-09-06,295358.82499999809,9690.2400000000489,9.4079999999999995,9680.8320000000494,0.032808364537609845,0.032776511756505367,305039.65699999809,1
2024-09-09,305039.65699999809,-675.40000000008376,8.5960000000000001,-683.99600000008377,-0.0022141383407079033,-0.0022423182832260005,304355.66099999798,1
2024-09-10,304355.66099999798,0,0,0,0,0,304355.66099999798,0
2024-09-11,304355.66099999798,2622.0400000000104,16.603999999999999,2605.4360000000106,0.0086150525059562732,0.0085604979103708137,306961.09699999803,2
2024-09-12,306961.09699999803,1228.4300000000358,7.8890000000000002,1220.5410000000356,0.0040019077726974753,0.0039762074475517117,308181.63799999806,1
2024-09-13,308181.63799999806,-2906.1099999998887,15.589,-2921.6989999998887,-0.0094298609704965841,-0.0094804447758821599,305259.93899999809,2
2024-09-16,305259.93899999809,0,0,0,0,0,305259.93899999809,0
2024-09-17,305259.93899999809,0,0,0,0,0,305259.93899999809,0
2024-09-18,305259.93899999809,-1512.2099999999173,7.9589999999999996,-1520.1689999999171,-0.0049538436158828121,-0.0049799164770190389,303739.76999999816,1
2024-09-19,303739.76999999816,0,0,0,0,0,303739.76999999816,0
2024-09-20,303739.76999999816,0,0,0,0,0,303739.76999999816,0
2024-09-23,303739.76999999816,0,0,0,0,0,303739.76999999816,0
2024-09-24,303739.76999999816,0,0,0,0,0,303739.76999999816,0
2024-09-25,303739.76999999816,0,0,0,0,0,303739.76999999816,0
2024-09-26,303739.76999999816,0,0,0,0,0,303739.76999999816,0
2024-09-27,303739.76999999816,0,0,0,0,0,303739.76999999816,0
2024-09-30,303739.76999999816,0,0,0,0,0,303739.76999999816,0
2024-10-01,303739.76999999816,2629.6299999998919,38.332000000000001,2591.2979999998925,0.0086575096833710896,0.0085313095483015213,306331.06799999811,3
2024-10-02,306331.06799999811,0,0,0,0,0,306331.06799999811,0
2024-10-03,306331.06799999811,-2049.2999999999597,12.474,-2061.7739999999594,-0.0066898209619403425,-0.0067305416112738922,304269.29399999813,1
2024-10-04,304269.29399999813,0,0,0,0,0,304269.29399999813,0
2024-10-07,304269.29399999813,2310.1800000001745,11.676,2298.5040000001741,0.0075925505647644765,0.0075541766629931058,306567.79799999832,1
2024-10-08,306567.79799999832,237.30000000030032,32.234999999999999,205.06500000030047,0.00077405390112206631,0.00066890587119101659,306772.86299999867,3
2024-10-09,306772.86299999867,2723.200000000033,10.304,2712.8960000000334,0.0088769259880723053,0.0088433376194687902,309485.75899999868,1
2024-10-10,309485.75899999868,0,0,0,0,0,309485.75899999868,0
2024-10-11,309485.75899999868,4514.4899999998988,12.978,4501.5119999998997,0.014587068608865838,0.01454513453072947,313987.27099999849,1
2024-10-14,313987.27099999849,158.35000000005766,25.388999999999999,132.96100000005754,0.0005043198072830743,0.00042345984146617896,314120.23199999856,2
2024-10-15,314120.23199999856,2118.4400000000473,24.359999999999999,2094.0800000000472,0.0067440418801169646,0.006666491956494088,316214.31199999858,2
2024-10-16,316214.31199999858,-590.40000000002237,11.48,-601.88000000002239,-0.0018670881664585284,-0.0019033926585841096,315612.43199999857,1
2024-10-17,315612.43199999857,0,0,0,0,0,315612.43199999857,0
2024-10-18,315612.43199999857,0,0,0,0,0,315612.43199999857,0
2024-10-21,315612.43199999857,-3012.0999999998949,11.585000000000001,-3023.6849999998949,-0.0095436671518690629,-0.0095803735639916378,312588.74699999869,1
2024-10-22,312588.74699999869,0,0,0,0,0,312588.74699999869,0
2024-10-23,312588.74699999869,-1369.049999999793,25.487000000000002,-1394.5369999997934,-0.0043797162026430808,-0.0044612514474163048,311194.20999999886,2
2024-10-24,311194.20999999886,0,0,0,0,0,311194.20999999886,0
2024-10-25,311194.20999999886,-1585.1600000001254,12.061,-1597.2210000001255,-0.005093796571601159,-0.0051325537194285564,309596.98899999872,1
2024-10-28,309596.98899999872,0,0,0,0,0,309596.98899999872,0
2024-10-29,309596.98899999872,0,0,0,0,0,309596.98899999872,0
2024-10-30,309596.98899999872,0,0,0,0,0,309596.98899999872,0
2024-10-31,309596.98899999872,10730.23000000006,15.113,10715.117000000058,0.034658702704631617,0.034609887630399731,320312.10599999875,1
2024-11-01,320312.10599999875,-2748.5300000000434,22.378999999999998,-2770.9090000000438,-0.0085807871401527794,-0.0086506533724331185,317541.1969999987,2
2024-11-04,317541.1969999987,-2045.939999999855,11.739000000000001,-2057.6789999998546,-0.0064430694956404766,-0.0064800379271728412,315483.51799999888,1
2024-11-05,315483.51799999888,4545.9399999999459,11.962999999999999,4533.9769999999462,0.014409437389372469,0.014371517817295173,320017.49499999883,1
2024-11-06,320017.49499999883,0,0,0,0,0,320017.49499999883,0
2024-11-07,320017.49499999883,-981.0800000002107,22.624000000000002,-1003.7040000002107,-0.003065707392029346,-0.0031364035269390955,319013.79099999863,3
2024-11-08,319013.79099999863,10.639999999990437,14.805,-4.1650000000095702,3.335279006790801e-05,-1.3055861901624146e-05,319009.62599999865,2
2024-11-11,319009.62599999865,0,0,0,0,0,319009.62599999865,0
2024-11-12,319009.62599999865,-1168.2000000000239,7.4340000000000002,-1175.6340000000243,-0.0036619584639117717,-0.0036852618359548479,317833.99199999863,1
2024-11-13,317833.99199999863,0,0,0,0,0,317833.99199999863,0
2024-11-14,317833.99199999863,1457.2800000000552,7.7279999999999998,1449.5520000000552,0.0045850350707612843,0.0045607204908405816,319283.54399999866,1
2024-11-15,319283.54399999866,2959.319999999916,7.6440000000000001,2951.6759999999158,0.0092686267601687876,0.0092446856578362463,322235.21999999858,1
2024-11-18,322235.21999999858,-369.360000000014,14.364000000000001,-383.72400000001403,-0.0011462434180845148,-0.0011908195510100222,321851.49599999853,2
2024-11-19,321851.49599999853,-1230.570000000037,7.1189999999999998,-1237.6890000000371,-0.003823409290600416,-0.0038455281873228976,320613.80699999852,1
2024-11-20,320613.80699999852,-2317.6699999999814,14.294,-2331.9639999999813,-0.00722885274869024,-0.0072734359815015458,318281.84299999854,2
2024-11-21,318281.84299999854,-5325.1800000000394,8.5890000000000004,-5333.7690000000393,-0.016731020374291548,-0.016758005891024275,312948.07399999851,1
2024-11-22,312948.07399999851,-3175.2599999999411,16.590000000000003,-3191.8499999999403,-0.010146283884782612,-0.010199295874241282,309756.22399999859,2
2024-11-25,309756.22399999859,0,0,0,0,0,309756.22399999859,0
2024-11-26,309756.22399999859,0,0,0,0,0,309756.22399999859,0
2024-11-27,309756.22399999859,1004.8799999999484,13.272,991.60799999994845,0.0032440994631957837,0.0032012528665120638,310747.83199999854,1
2024-11-29,310747.83199999854,3199.5000000000091,13.824999999999999,3185.6750000000093,0.010296129757069469,0.010251640307501886,313933.50699999859,1
2024-12-02,313933.50699999859,0,0,0,0,0,313933.50699999859,0
2024-12-03,313933.50699999859,0,0,0,0,0,313933.50699999859,0
2024-12-04,313933.50699999859,0,0,0,0,0,313933.50699999859,0
2024-12-05,313933.50699999859,0,0,0,0,0,313933.50699999859,0
2024-12-06,313933.50699999859,81.239999999926113,14.217000000000001,67.0229999999261,0.00025878091439257063,0.00021349425437382956,314000.52999999851,1
2024-12-09,314000.52999999851,1948.6200000001129,14.510999999999999,1934.1090000001127,0.0062057857036105068,0.0061595724058176645,315934.63899999863,1
2024-12-10,315934.63899999863,-419.20000000009532,14.672000000000001,-433.87200000009534,-0.0013268567236785237,-0.0013732967090072615,315500.76699999854,1
2024-12-11,315500.76699999854,62.309999999943329,14.539,47.770999999943328,0.00019749555791077878,0.00015141326106488847,315548.53799999849,1
2024-12-12,315548.53799999849,1605.4499999999621,14.595000000000001,1590.8549999999625,0.0050878068083458202,0.0050415540191790405,317139.39299999847,1
2024-12-13,317139.39299999847,-2377.5199999999904,14.728,-2392.2479999999905,-0.0074967665716633375,-0.0075432067185674471,314747.14499999851,1
2024-12-16,314747.14499999851,-641.97000000012247,29.021999999999998,-670.99200000012252,-0.0020396372459554018,-0.002131844595445419,314076.15299999842,2
2024-12-17,314076.15299999842,-1415.7600000001323,14.574,-1430.3340000001326,-0.0045076965776517887,-0.0045540993365393769,312645.81899999827,1
2024-12-18,312645.81899999827,23706.200000000037,28.91,23677.29000000003,0.07582445873040819,0.075731989878297906,336323.10899999843,2
2024-12-19,336323.10899999843,0,0,0,0,0,336323.10899999843,0
2024-12-20,336323.10899999843,4083.1999999999239,8.9600000000000009,4074.2399999999238,0.012140706037538274,0.012114064989806998,340397.3489999983,1
2024-12-23,340397.3489999983,-1496.9199999997636,17.318000000000001,-1514.2379999997636,-0.004397566562716595,-0.0044484423995904011,338883.11099999852,2
2024-12-24,338883.11099999852,4823.5499999999456,8.3369999999999997,4815.2129999999461,0.01423366890656279,0.014209067503514411,343698.32399999845,1
2024-12-26,343698.32399999845,0,0,0,0,0,343698.32399999845,0
2024-12-27,343698.32399999845,-573.57000000002131,16.401,-589.97100000002138,-0.0016688181464627214,-0.0017165373200947701,343108.35299999843,2
2024-12-30,343108.35299999843,-2525.0700000000629,8.0709999999999997,-2533.1410000000628,-0.0073593952986626193,-0.0073829184799825446,340575.21199999843,1
2024-12-31,340575.21199999843,-1055.4499999999243,7.7770000000000001,-1063.2269999999244,-0.0030990217808333307,-0.0031218566781657888,339511.98499999847,1
2025-01-02,339511.98499999847,-2068.3199999998888,7.7839999999999998,-2076.1039999998884,-0.0060920382530822827,-0.0061149652787659253,337435.8809999986,1
2025-01-03,337435.8809999986,700.48000000000513,15.82,684.66000000000508,0.0020758906786205347,0.0020290076976135444,338120.54099999857,2
2025-01-06,338120.54099999857,1323.339999999981,7.2939999999999996,1316.0459999999812,0.0039138113173668044,0.0038922391290033653,339436.58699999854,1
2025-01-07,339436.58699999854,3307.5499999999388,14.525,3293.0249999999387,0.0097442353790811384,0.0097014438811805302,342729.61199999851,2
2025-01-08,342729.61199999851,0,0,0,0,0,342729.61199999851,0
2025-01-10,342729.61199999851,-319.69999999995252,14.637,-334.33699999995224,-0.00093280530425819729,-0.00097551243981787515,342395.27499999857,2
2025-01-13,342395.27499999857,0,0,0,0,0,342395.27499999857,0
2025-01-14,342395.27499999857,0,0,0,0,0,342395.27499999857,0
2025-01-15,342395.27499999857,269.6000000000613,9.4359999999999999,260.16400000006126,0.00078739404333211791,0.00075983525181549992,342655.43899999862,1
2025-01-16,342655.43899999862,0,0,0,0,0,342655.43899999862,0
2025-01-17,342655.43899999862,0,0,0,0,0,342655.43899999862,0
2025-01-21,342655.43899999862,0,0,0,0,0,342655.43899999862,0
2025-01-22,342655.43899999862,0,0,0,0,0,342655.43899999862,0
2025-01-23,342655.43899999862,0,0,0,0,0,342655.43899999862,0
2025-01-24,342655.43899999862,0,0,0,0,0,342655.43899999862,0
2025-01-27,342655.43899999862,0,0,0,0,0,342655.43899999862,0
2025-01-28,342655.43899999862,-304.69999999986362,16.786000000000001,-321.48599999986391,-0.00088923147080080306,-0.0009382194572427762,342333.95299999882,2
2025-01-29,342333.95299999882,-2463.3000000000598,8.3300000000000001,-2471.6300000000592,-0.0071956052807886934,-0.0072199382455063335,339862.32299999875,1
2025-01-30,339862.32299999875,0,0,0,0,0,339862.32299999875,0
2025-01-31,339862.32299999875,-343.27999999996587,17.219999999999999,-360.49999999996589,-0.0010100560632017076,-0.0010607236389659092,339501.82299999881,2
2025-02-03,339501.82299999881,0,0,0,0,0,339501.82299999881,0
2025-02-04,339501.82299999881,3109.2599999999265,9.4220000000000006,3099.837999999927,0.009158301338487768,0.009130548910189322,342601.66099999874,1
2025-02-05,342601.66099999874,0,0,0,0,0,342601.66099999874,0
2025-02-06,342601.66099999874,0,0,0,0,0,342601.66099999874,0
2025-02-07,342601.66099999874,6197.6200000000863,11.010999999999999,6186.6090000000859,0.018089871432351606,0.018057732066862654,348788.2699999988,1
2025-02-10,348788.2699999988,0,0,0,0,0,348788.2699999988,0
2025-02-11,348788.2699999988,0,0,0,0,0,348788.2699999988,0
2025-02-12,348788.2699999988,0,0,0,0,0,348788.2699999988,0
2025-02-13,348788.2699999988,2057.7100000000137,23.457000000000001,2034.2530000000143,0.0058995963367690684,0.0058323435016894958,350822.52299999888,2
2025-02-14,350822.52299999888,0,0,0,0,0,350822.52299999888,0
2025-02-18,350822.52299999888,0,0,0,0,0,350822.52299999888,0
2025-02-19,350822.52299999888,0,0,0,0,0,350822.52299999888,0
2025-02-20,350822.52299999888,-3282.7900000000282,14.273,-3297.0630000000278,-0.0093574094728234962,-0.0093980938618357709,347525.45999999886,1
2025-02-21,347525.45999999886,16380.000000000109,14,16366.000000000109,0.047133237374896685,0.047092952556627543,363891.45999999897,1
2025-02-24,363891.45999999897,366.74000000004548,11.669,355.0710000000455,0.0010078279935452361,0.00097576073920516441,364246.53099999903,1
2025-02-25,364246.53099999903,-6437.7399999999689,47.866,-6485.6059999999688,-0.017674128514898569,-0.017805539512468237,357760.92499999894,4
2025-02-26,357760.92499999894,-4444.91999999986,24.017000000000003,-4468.9369999998598,-0.012424274674490718,-0.012491406097521335,353291.98799999908,2
2025-02-27,353291.98799999908,2482.9299999999821,24.213000000000001,2458.7169999999805,0.0070279827574238358,0.0069594473792595236,355750.70499999908,2
2025-02-28,355750.70499999908,4060.9600000001406,21.777000000000001,4039.183000000141,0.011415184686703998,0.011353970472103916,359789.88799999922,2
2025-03-03,359789.88799999922,7233.6899999997677,19.215000000000003,7214.4749999997694,0.020105317690306469,0.02005191152009193,367004.36299999902,2
2025-03-04,367004.36299999902,-3541.6299999999692,18.648,-3560.2779999999689,-0.0096501032604889726,-0.0097009146455296451,363444.08499999903,2
2025-03-05,363444.08499999903,237.71999999991385,17.786999999999999,219.93299999991359,0.00065407585323589595,0.0006051357253479973,363664.01799999888,2
2025-03-06,363664.01799999888,1365.0399999999945,8.4559999999999995,1356.5839999999944,0.0037535745425328242,0.0037303223108534167,365020.60199999891,1
2025-03-07,365020.60199999891,-5869.0400000000172,16.856000000000002,-5885.896000000017,-0.016078654102926592,-0.016124832318368799,359134.7059999989,2
2025-03-10,359134.7059999989,2638.4399999999996,16.457000000000001,2621.9830000000002,0.0073466583872849305,0.007300834356009046,361756.68899999897,2
2025-03-11,361756.68899999897,-1607.52,15.001000000000001,-1622.521,-0.0044436496929570373,-0.0044851167907499411,360134.16799999896,2
2025-03-12,360134.16799999896,0,0,0,0,0,360134.16799999896,0
2025-03-13,360134.16799999896,-3120.1100000000479,22.148,-3142.2580000000485,-0.0086637433413428774,-0.0087252426434585272,356991.90999999893,3
2025-03-14,356991.90999999893,2600.2199999999184,7.399,2592.8209999999181,0.007283694468034097,0.0072629685081657056,359584.73099999886,1
2025-03-17,359584.73099999886,-1832.1599999999835,12.684000000000001,-1844.8439999999832,-0.0050952107863556344,-0.0051304848091561182,357739.88699999888,2
2025-03-18,357739.88699999888,-490.59999999995938,6.2439999999999998,-496.84399999995946,-0.0013713874740502753,-0.0013888414964472805,357243.04299999896,1
2025-03-19,357243.04299999896,-872,6.1040000000000001,-878.10400000000004,-0.0024409152734711269,-0.0024580016803854251,356364.93899999891,1
2025-03-20,356364.93899999891,-380.59999999994886,6.0549999999999997,-386.65499999994881,-0.0010680063001370346,-0.0010849973094573986,355978.28399999894,1
2025-03-21,355978.28399999894,0,0,0,0,0,355978.28399999894,0
2025-03-24,355978.28399999894,0,0,0,0,0,355978.28399999894,0
2025-03-25,355978.28399999894,0,0,0,0,0,355978.28399999894,0
2025-03-26,355978.28399999894,1761.5599999999961,6.5590000000000002,1755.0009999999957,0.0049485041059414772,0.0049300788246959496,357733.28499999893,1
2025-03-27,357733.28499999893,0,0,0,0,0,357733.28499999893,0
2025-03-28,357733.28499999893,4156.5599999999868,7.0280000000000005,4149.5319999999865,0.011619159229200602,0.011599513307798572,361882.81699999887,1
2025-03-31,361882.81699999887,0,0,0,0,0,361882.81699999887,0
2025-04-01,361882.81699999887,0,0,0,0,0,361882.81699999887,0
2025-04-02,361882.81699999887,-2157.1500000000296,7.665,-2164.8150000000296,-0.0059609075055918901,-0.0059820883952056677,359718.00199999881,1
2025-04-03,359718.00199999881,-1872.5399999999347,25.116,-1897.6559999999351,-0.0052055776735909394,-0.0052753990332681244,357820.34599999891,3
2025-04-04,357820.34599999891,9990.1699999999964,6.0129999999999999,9984.1569999999956,0.027919513553877194,0.027902709031531778,367804.50299999892,1
2025-04-07,367804.50299999892,-2390.4000000000151,4.6479999999999997,-2395.0480000000152,-0.0064991047703405148,-0.006511741918505066,365409.45499999891,1
2025-04-08,365409.45499999891,209.25000000000156,4.7250000000000005,204.52500000000151,0.0005726452808945576,0.00055971458100339004,365613.97999999888,1
2025-04-09,365613.97999999888,9699.6299999999701,9.3520000000000003,9690.2779999999711,0.026529702173861077,0.026504123283250823,375304.25799999887,2
2025-04-10,375304.25799999887,559.59999999995557,5.7050000000000001,553.89499999995542,0.0014910568907000178,0.001475855890768916,375858.15299999883,2
2025-04-11,375858.15299999883,-341.04000000000178,2.7440000000000002,-343.78400000000181,-0.00090736358192023271,-0.00091466420844142995,375514.36899999878,1
2025-04-14,375514.36899999878,0,0,0,0,0,375514.36899999878,0
2025-04-15,375514.36899999878,0,0,0,0,0,375514.36899999878,0
2025-04-16,375514.36899999878,0,0,0,0,0,375514.36899999878,0
2025-04-17,375514.36899999878,0,0,0,0,0,375514.36899999878,0
2025-04-21,375514.36899999878,2613,2.8140000000000001,2610.1860000000001,0.0069584554299705328,0.0069509617087382576,378124.55499999883,1
2025-04-22,378124.55499999883,-2146.1100000000142,5.5229999999999997,-2151.6330000000144,-0.0056756694893829911,-0.0056902757875642879,375972.92199999874,2
2025-04-23,375972.92199999874,-704.89999999999156,2.597,-707.49699999999154,-0.0018748690630438379,-0.0018817764753813679,375265.42499999882,1
2025-04-24,375265.42499999882,1229.1200000000115,2.5760000000000001,1226.5440000000117,0.0032753350511841462,0.0032684705765259761,376491.96899999882,1
2025-04-25,376491.96899999882,0,0,0,0,0,376491.96899999882,0
2025-04-28,376491.96899999882,0,0,0,0,0,376491.96899999882,0
2025-04-29,376491.96899999882,0,0,0,0,0,376491.96899999882,0
2025-04-30,376491.96899999882,-1640.6299999999626,3.1990000000000003,-1643.8289999999629,-0.004357675953507438,-0.0043661728146981221,374848.13999999879,1
2025-05-01,374848.13999999879,0,0,0,0,0,374848.13999999879,0
2025-05-02,374848.13999999879,0,0,0,0,0,374848.13999999879,0
2025-05-05,374848.13999999879,0,0,0,0,0,374848.13999999879,0
2025-05-06,374848.13999999879,0,0,0,0,0,374848.13999999879,0
2025-05-07,374848.13999999879,0,0,0,0,0,374848.13999999879,0
2025-05-08,374848.13999999879,-2224.0000000000045,14.699999999999999,-2238.7000000000044,-0.0059330693224195052,-0.005972285203282619,372609.4399999989,2
2025-05-09,372609.4399999989,0,0,0,0,0,372609.4399999989,0
2025-05-12,372609.4399999989,0,0,0,0,0,372609.4399999989,0
2025-05-13,372609.4399999989,1773.8399999999788,8.1690000000000005,1765.6709999999789,0.0047605879228394855,0.004738664162668515,374375.11099999881,1
2025-05-14,374375.11099999881,0,0,0,0,0,374375.11099999881,0
2025-05-15,374375.11099999881,321.5,9.0020000000000007,312.49800000000005,0.00085876435306085565,0.0008347189511751518,374687.60899999877,1
2025-05-16,374687.60899999877,0,0,0,0,0,374687.60899999877,0
2025-05-19,374687.60899999877,0,0,0,0,0,374687.60899999877,0
2025-05-20,374687.60899999877,-1625.3999999999885,9.0299999999999994,-1634.4299999999885,-0.004338013750542772,-0.0043621138269346769,373053.1789999989,1
2025-05-21,373053.1789999989,1690.4299999999075,8.8970000000000002,1681.5329999999076,0.0045313378766299499,0.0045074887299108432,374734.71199999878,1
2025-05-22,374734.71199999878,-4443.2199999999893,23.282,-4466.5019999999895,-0.011856974701612387,-0.011919103987356272,370268.20999999886,3
2025-05-23,370268.20999999886,0,0,0,0,0,370268.20999999886,0
2025-05-27,370268.20999999886,3396,7.9240000000000004,3388.076,0.0091717298657640924,0.009150329162743975,373656.28599999886,1
2025-05-28,373656.28599999886,0,0,0,0,0,373656.28599999886,0
2025-05-29,373656.28599999886,0,0,0,0,0,373656.28599999886,0
2025-05-30,373656.28599999886,-1281.5999999999271,7.476,-1289.0759999999273,-0.0034298901102922459,-0.0034498978026022858,372367.20999999892,1
2025-06-02,372367.20999999892,-3394.1600000000581,7.4480000000000004,-3401.6080000000584,-0.0091150883022166965,-0.0091350900633814357,368965.60199999891,1
2025-06-03,368965.60199999891,2394.469999999993,10.282999999999999,2384.1869999999931,0.0064896835559212921,0.0064618137492394217,371349.78899999883,1
2025-06-04,371349.78899999883,0,0,0,0,0,371349.78899999883,0
2025-06-05,371349.78899999883,-2196.320000000027,10.388,-2206.7080000000269,-0.005914423718711293,-0.0059423973444079001,369143.08099999878,1
2025-06-06,369143.08099999878,-1451,10.157,-1461.1570000000002,-0.0039307251704929144,-0.0039582402466863658,367681.92399999878,1
2025-06-09,367681.92399999878,0,0,0,0,0,367681.92399999878,0
2025-06-10,367681.92399999878,0,0,0,0,0,367681.92399999878,0
2025-06-11,367681.92399999878,-588.42000000010194,9.8070000000000004,-598.22700000010195,-0.0016003506335005577,-0.0016270231440588957,367083.69699999865,1
2025-06-12,367083.69699999865,-472.91999999995392,11.823,-484.74299999995389,-0.0012883165443328191,-0.0013205244579411427,366598.95399999869,1
2025-06-13,366598.95399999869,-3806.6100000000311,11.949,-3818.5590000000311,-0.010383581181740209,-0.010416175382759124,362780.39499999862,1
2025-06-16,362780.39499999862,-2766.1799999999575,21.77,-2787.9499999999575,-0.0076249434592516171,-0.0076849522146861552,359992.44499999861,2
2025-06-17,359992.44499999861,-748.59999999999104,13.789999999999999,-762.38999999999101,-0.0020794880848124296,-0.0021177944442695011,359230.0549999986,1
2025-06-18,359230.0549999986,-2256.6499999998559,13.055,-2269.7049999998562,-0.0062819075647772976,-0.0063182491787884092,356960.3499999987,1
2025-06-20,356960.3499999987,-1078.2600000000941,26.383000000000003,-1104.6430000000942,-0.0030206716236133736,-0.0030945817931882298,355855.70699999854,2
2025-06-23,355855.70699999854,1395.6499999999432,37.933,1357.7169999999433,0.0039219548051254074,0.0038153582288900844,357213.42399999843,3
2025-06-24,357213.42399999843,305.63999999991506,11.885999999999999,293.7539999999151,0.00085562293985882347,0.00082234871441986006,357507.17799999833,1
2025-06-25,357507.17799999833,0,0,0,0,0,357507.17799999833,0
2025-06-26,357507.17799999833,204.02000000017404,33.445999999999998,170.57400000017378,0.00057067385651253966,0.00047712049015187768,357677.75199999852,3
2025-06-27,357677.75199999852,-1641.8200000001375,11.157999999999999,-1652.9780000001376,-0.004590221200003919,-0.0046214168780621965,356024.77399999835,1
2025-06-30,356024.77399999835,0,0,0,0,0,356024.77399999835,0
2025-07-01,356024.77399999835,0,0,0,0,0,356024.77399999835,0
2025-07-02,356024.77399999835,65.879999999940082,11.529,54.350999999940086,0.00018504330263247463,0.00015266072467176212,356079.12499999831,1
2025-07-03,356079.12499999831,1324.0000000001128,11.585000000000001,1312.4150000001127,0.0037182746952664496,0.0036857397916828711,357391.53999999847,1
2025-07-07,357391.53999999847,-65.319999999940592,11.430999999999999,-76.750999999940603,-0.00018276873593577752,-0.00021475326472456771,357314.78899999853,1
2025-07-08,357314.78899999853,0,0,0,0,0,357314.78899999853,0
2025-07-09,357314.78899999853,-2896.9800000000578,12.754,-2909.7340000000577,-0.0081076409070772321,-0.0081433349236492685,354405.05499999848,1
2025-07-10,354405.05499999848,152.92499999986092,14.273,138.65199999986089,0.0004314977956504079,0.00039122466805633315,354543.70699999831,1
2025-07-11,354543.70699999831,0,0,0,0,0,354543.70699999831,0
2025-07-14,354543.70699999831,0,0,0,0,0,354543.70699999831,0
2025-07-15,354543.70699999831,0,0,0,0,0,354543.70699999831,0
2025-07-16,354543.70699999831,-3198.9999999999482,15.994999999999999,-3214.994999999948,-0.009022864986290572,-0.0090679793112220242,351328.71199999843,1
2025-07-17,351328.71199999843,4692.0500000000711,15.715,4676.335000000071,0.01335515669439534,0.013310426504509804,356005.04699999845,1
2025-07-18,356005.04699999845,0,0,0,0,0,356005.04699999845,0
2025-07-21,356005.04699999845,-1331.6299999998153,15.798999999999999,-1347.4289999998152,-0.0037404806791961607,-0.0037848592635256126,354657.61799999862,1
2025-07-22,354657.61799999862,-3282.800000000103,15.848000000000001,-3298.6480000001029,-0.0092562511937925324,-0.009300936544383253,351358.96999999852,1
2025-07-23,351358.96999999852,0,0,0,0,0,351358.96999999852,0
2025-07-24,351358.96999999852,0,0,0,0,0,351358.96999999852,0
2025-07-25,351358.96999999852,419.13999999986959,15.442,403.69799999986958,0.0011929110561767395,0.0011489617014754775,351762.66799999838,1
2025-07-28,351762.66799999838,0,0,0,0,0,351762.66799999838,0
2025-07-29,351762.66799999838,-143.97500000012087,15.505000000000001,-159.48000000012087,-0.00040929584943937691,-0.00045337386399434972,351603.18799999828,1
2025-07-30,351603.18799999828,-4712.7600000000102,15.561,-4728.3210000000099,-0.013403632733842086,-0.013447890011736848,346874.86699999828,1
2025-07-31,346874.86699999828,0,0,0,0,0,346874.86699999828,0
2025-08-01,346874.86699999828,-6782.6799999997684,45.982999999999997,-6828.6629999997685,-0.019553679569410263,-0.019686243223841878,340046.20399999851,3
2025-08-04,340046.20399999851,3418.800000000042,12.936,3405.8640000000423,0.010053927847993437,0.010015885958838868,343452.06799999857,1
2025-08-05,343452.06799999857,-1353.3200000001839,21.77,-1375.0900000001839,-0.0039403460514326836,-0.0040037318977511286,342076.97799999837,2
2025-08-06,342076.97799999837,2637.8400000000138,10.612,2627.2280000000137,0.0077112467942815673,0.0076802245370631936,344704.20599999838,1
2025-08-07,344704.20599999838,-3272.9199999999387,21.119,-3294.0389999999388,-0.0094948652874863801,-0.0095561323089859672,341410.16699999839,2
2025-08-08,341410.16699999839,-296.15000000006728,31.108000000000001,-327.25800000006723,-0.00086743169543650027,-0.00095854790405251397,341082.9089999983,3
2025-08-11,341082.9089999983,0,0,0,0,0,341082.9089999983,0
2025-08-12,341082.9089999983,2278.1500000000192,9.9049999999999994,2268.2450000000194,0.0066791678500667138,0.0066501279898490331,343351.15399999829,1
2025-08-13,343351.15399999829,0,0,0,0,0,343351.15399999829,0
2025-08-14,343351.15399999829,0,0,0,0,0,343351.15399999829,0
2025-08-15,343351.15399999829,-720.19999999997481,9.6950000000000003,-729.89499999997474,-0.0020975610293128021,-0.0021257974277843214,342621.25899999833,1
2025-08-18,342621.25899999833,0,0,0,0,0,342621.25899999833,0
2025-08-19,342621.25899999833,-189.29999999998756,19.439,-208.73899999998764,-0.00055250512053015509,-0.00060924123800499099,342412.51999999839,2
2025-08-20,342412.51999999839,-5045.5400000000627,38.150000000000006,-5083.6900000000624,-0.014735267273521676,-0.014846682592097059,337328.82999999833,4
2025-08-21,337328.82999999833,0,0,0,0,0,337328.82999999833,0
2025-08-22,337328.82999999833,4115.0200000000459,11.662000000000001,4103.3580000000456,0.012198838741414621,0.012164267133645427,341432.18799999839,1
2025-08-25,341432.18799999839,0,0,0,0,0,341432.18799999839,0
2025-08-26,341432.18799999839,0,0,0,0,0,341432.18799999839,0
2025-08-27,341432.18799999839,0,0,0,0,0,341432.18799999839,0
2025-08-28,341432.18799999839,0,0,0,0,0,341432.18799999839,0
2025-08-29,341432.18799999839,1566.0000000000082,12.6,1553.4000000000085,0.0045865622956439466,0.0045496589208514106,342985.58799999842,1
2025-09-02,342985.58799999842,0,0,0,0,0,342985.58799999842,0
2025-09-03,342985.58799999842,0,0,0,0,0,342985.58799999842,0
2025-09-04,342985.58799999842,4063.2999999999679,12.529999999999999,4050.7699999999681,0.011846853460210074,0.011810321312975946,347036.35799999838,1
2025-09-05,347036.35799999838,-897.28999999995381,11.851000000000001,-909.14099999995403,-0.0025855792320179836,-0.0026197283916861479,346127.21699999843,1
2025-09-08,346127.21699999843,0,0,0,0,0,346127.21699999843,0
2025-09-09,346127.21699999843,0,0,0,0,0,346127.21699999843,0
2025-09-10,346127.21699999843,0,0,0,0,0,346127.21699999843,0
2025-09-11,346127.21699999843,3716.8499999999922,12.215,3704.634999999992,0.010738392756903624,0.010703102264275302,349831.85199999844,1
2025-09-12,349831.85199999844,0,0,0,0,0,349831.85199999844,0
2025-09-15,349831.85199999844,508.32000000001926,14.826000000000001,493.49400000001918,0.0014530409312186402,0.0014106605707247645,350325.34599999845,1
2025-09-16,350325.34599999845,0,0,0,0,0,350325.34599999845,0
2025-09-17,350325.34599999845,-766.08000000002903,14.896000000000001,-780.97600000002899,-0.0021867672686178763,-0.0022292877432854444,349544.36999999842,1
2025-09-18,349544.36999999842,-6013.4200000000083,43.805999999999997,-6057.2260000000088,-0.0172035956408053,-0.017328918786476338,343487.14399999846,3
2025-09-19,343487.14399999846,-2443.9999999999054,14.56,-2458.5599999999058,-0.0071152590211641699,-0.0071576477983115337,341028.58399999852,1
2025-09-22,341028.58399999852,1411.0199999998788,28.671999999999997,1382.3479999998785,0.0041375417375567698,0.0040534666736319223,342410.9319999984,2
2025-09-23,342410.9319999984,3685.6099999999251,14.413,3671.1969999999255,0.01076370423827456,0.010721611540136056,346082.12899999833,1
2025-09-24,346082.12899999833,-3784.9199999998864,29.225000000000001,-3814.1449999998858,-0.010936479184684815,-0.011020924458078285,342267.98399999848,2
2025-09-25,342267.98399999848,-9333.4200000000001,28.987000000000002,-9362.4070000000011,-0.027269334078293579,-0.027354025026191296,332905.57699999842,2
2025-09-26,332905.57699999842,-6297.4200000002356,27.859999999999999,-6325.2800000002353,-0.018916535002957507,-0.019000222396395195,326580.29699999816,2
2025-09-29,326580.29699999816,0,0,0,0,0,326580.29699999816,0
2025-09-30,326580.29699999816,0,0,0,0,0,326580.29699999816,0
2025-10-01,326580.29699999816,390.80000000008886,13.678000000000001,377.12200000008886,0.0011966429193372037,0.0011547604171604112,326957.41899999825,1
2025-10-02,326957.41899999825,0,0,0,0,0,326957.41899999825,0
2025-10-03,326957.41899999825,-2054.0849999999027,13.629,-2067.7139999999026,-0.0062824235837263985,-0.0063241079108222152,324889.70499999839,1
2025-10-06,324889.70499999839,0,0,0,0,0,324889.70499999839,0
2025-10-07,324889.70499999839,19.419999999982338,13.593999999999999,5.8259999999823373,5.9774131654871718e-05,1.793223949642346e-05,324895.53099999839,1
2025-10-08,324895.53099999839,325.13999999992109,40.628,284.51199999992116,0.0010007524541786408,0.00087570302713681387,325180.04299999826,3
2025-10-09,325180.04299999826,-1.3000000000000114,27.138999999999999,-28.438999999999908,-3.9977853130427756e-06,-8.7456166552017035e-05,325151.60399999819,2
2025-10-10,325151.60399999819,27402.939999999893,13.643000000000001,27389.296999999897,0.08427742524683976,0.084235466358025562,352540.90099999809,1
2025-10-13,352540.90099999809,-6334.0800000000345,26.719000000000001,-6360.7990000000354,-0.017966936551285631,-0.018042726338865486,346180.10199999803,3
2025-10-14,346180.10199999803,0,0,0,0,0,346180.10199999803,0
2025-10-15,346180.10199999803,-1104.8400000000099,7.8120000000000003,-1112.65200000001,-0.0031915179226563871,-0.0032140842109984022,345067.44999999803,1
2025-10-16,345067.44999999803,-1296.3199999999847,15.792000000000002,-1312.1119999999846,-0.0037567148103942929,-0.0038024797760553542,343755.33799999801,2
2025-10-17,343755.33799999801,-3163.7199999999093,15.533000000000001,-3179.2529999999092,-0.009203406173724428,-0.0092485923811310468,340576.08499999804,2
2025-10-20,340576.08499999804,1960.5000000000637,15.183,1945.3170000000637,0.0057564229737389659,0.0057118426268834314,342521.40199999808,2
2025-10-21,342521.40199999808,0,0,0,0,0,342521.40199999808,0
2025-10-22,342521.40199999808,-4610.2199999998757,22.099,-4632.3189999998758,-0.013459655288926738,-0.013524173885052303,337889.08299999824,3
2025-10-23,337889.08299999824,-665.7800000000932,28.644000000000002,-694.4240000000932,-0.0019704099170321423,-0.0020551832981241859,337194.65899999818,4
2025-10-24,337194.65899999818,0,0,0,0,0,337194.65899999818,0
2025-10-27,337194.65899999818,0,0,0,0,0,337194.65899999818,0
2025-10-28,337194.65899999818,0,0,0,0,0,337194.65899999818,0
2025-10-29,337194.65899999818,0,0,0,0,0,337194.65899999818,0
2025-10-30,337194.65899999818,0,0,0,0,0,337194.65899999818,0
2025-10-31,337194.65899999818,0,0,0,0,0,337194.65899999818,0
2025-11-03,337194.65899999818,-3263.159999999993,10.724,-3273.8839999999932,-0.009677377481830193,-0.0097091810697986503,333920.77499999816,1
2025-11-04,333920.77499999816,0,0,0,0,0,333920.77499999816,0
2025-11-05,333920.77499999816,641.76000000002432,9.359,632.4010000000244,0.0019218929999190012,0.0018938653936701839,334553.17599999817,1
2025-11-06,334553.17599999817,4767.5400000000063,19.782,4747.7580000000071,0.014250470005999979,0.014191340392476302,339300.9339999982,2
2025-11-07,339300.9339999982,-2929.9299999998975,18.557000000000002,-2948.4869999998982,-0.0086351957993723444,-0.0086898876617884993,336352.4469999983,2
2025-11-10,336352.4469999983,2363.2200000000503,9.6739999999999995,2353.5460000000503,0.0070260229145889409,0.0069972614172777586,338705.99299999833,1
2025-11-11,338705.99299999833,0,0,0,0,0,338705.99299999833,0
2025-11-12,338705.99299999833,0,0,0,0,0,338705.99299999833,0
2025-11-13,338705.99299999833,8517.0100000000511,8.729000000000001,8508.2810000000518,0.025145731625717333,0.025119960012045296,347214.27399999835,1
2025-11-14,347214.27399999835,-1221.9400000000571,7.9939999999999998,-1229.9340000000573,-0.0035192677591361437,-0.0035422910061585289,345984.33999999834,1
2025-11-17,345984.33999999834,-100.40000000005136,8.7850000000000001,-109.18500000005136,-0.00029018654428131588,-0.00031557786690591803,345875.15499999828,1
2025-11-18,345875.15499999828,-9975.9600000000519,17.311,-9993.2710000000516,-0.028842661451066356,-0.028892711302146296,335881.88399999827,2
2025-11-19,335881.88399999827,-3015.6800000000694,8.2460000000000004,-3023.9260000000691,-0.0089783943214992949,-0.0090029446184721439,332857.95799999818,1
2025-11-20,332857.95799999818,7925.3900000000167,8.3930000000000007,7916.9970000000167,0.023810126240094463,0.023784911280384829,340774.9549999981,1
2025-11-21,340774.9549999981,-5438.9999999999691,15.960000000000001,-5454.9599999999691,-0.015960679974266302,-0.016007514401990015,335319.99499999819,2
2025-11-24,335319.99499999819,3611.9999999999382,7.3499999999999996,3604.6499999999378,0.010771800232193006,0.010749880871255403,338924.64499999816,1
2025-11-25,338924.64499999816,58.109999999946524,20.608000000000001,37.501999999946577,0.00017145404105961914,0.00011064996468447074,338962.14699999808,3
2025-11-26,338962.14699999808,0,0,0,0,0,338962.14699999808,0
2025-11-28,338962.14699999808,0,0,0,0,0,338962.14699999808,0
2025-12-01,338962.14699999808,0,0,0,0,0,338962.14699999808,0
2025-12-02,338962.14699999808,0,0,0,0,0,338962.14699999808,0
2025-12-03,338962.14699999808,0,0,0,0,0,338962.14699999808,0
2025-12-04,338962.14699999808,0,0,0,0,0,338962.14699999808,0
2025-12-05,338962.14699999808,-1232.3999999999569,8.2949999999999999,-1240.694999999957,-0.0036358042067746398,-0.0036602759658587009,337721.45199999807,1
2025-12-08,337721.45199999807,-678.29999999992424,8.3300000000000001,-686.62999999992417,-0.0020084599186193483,-0.0020331252158655531,337034.82199999818,1
2025-12-09,337034.82199999818,0,0,0,0,0,337034.82199999818,0
2025-12-10,337034.82199999818,214.88000000010996,9.4009999999999998,205.47900000010992,0.00063756023405828113,0.00060966697381824547,337240.30099999829,1
2025-12-11,337240.30099999829,-4676.6000000000122,9.3800000000000008,-4685.9800000000114,-0.013867263153700115,-0.013895077148564267,332554.32099999825,1
2025-12-12,332554.32099999825,7532.8500000000577,25.984000000000002,7506.8660000000573,0.022651487364075167,0.022573352760615902,340061.18699999829,2
2025-12-15,340061.18699999829,-1371.7000000000216,11.164999999999999,-1382.8650000000216,-0.0040336858554811447,-0.0040665181822118045,338678.32199999824,1
2025-12-16,338678.32199999824,-6678.7399999999998,26.732999999999997,-6705.473,-0.019720010305235996,-0.01979894361234031,331972.84899999824,2
2025-12-17,331972.84899999824,6573.1200000000626,13.776,6559.3440000000628,0.01980017347744031,0.019758676107876814,338532.19299999834,1
2025-12-18,338532.19299999834,-206.69000000002563,13.153,-219.84300000002565,-0.00061054754695080552,-0.00064940057266585198,338312.34999999829,1
2025-12-19,338312.34999999829,-1872.1299999999346,25.067,-1897.1969999999344,-0.0055337323630069791,-0.0056078266134829075,336415.1529999983,2
2025-12-22,336415.1529999983,0,0,0,0,0,336415.1529999983,0
2025-12-23,336415.1529999983,0,0,0,0,0,336415.1529999983,0
2025-12-24,336415.1529999983,0,0,0,0,0,336415.1529999983,0
2025-12-26,336415.1529999983,0,0,0,0,0,336415.1529999983,0
2025-12-29,336415.1529999983,0,0,0,0,0,336415.1529999983,0
2025-12-30,336415.1529999983,0,0,0,0,0,336415.1529999983,0
2025-12-31,336415.1529999983,2465.0799999999704,22.715,2442.3649999999698,0.0073274939550656412,0.0072599732152968215,338857.51799999824,2
